name,website,country,city,industry_category,short_description,products_services,uses_gis,uses_remote_sensing,uses_drones,uses_lidar,uses_satellite_data,source_links,linkedin_url,followers,estimated_revenue,company_name,hq_country,hq_city,founded_year,status,main_product_or_service,product_category,core_use_cases,industry_verticals,delivery_model,target_customer_type,target_roles,regions_served,notable_customers,pricing_model,pricing_public,entry_price_or_plan,revenue_model,key_differentiators,main_competitors,partnerships,channel,go_to_market_notes,employee_count,linkedin_followers,funding,estimated_revenue_or_proxy,web_traffic_proxy,recent_news_or_launches,last_verified_date,data_sources,tech_stack_or_platform_notes,competitive_with_brooksie,potential_customer_of_brooksie,brooksie_as_customer_of_them
21st Century Systems,,,unknown,,unknown,,unknown,unknown,unknown,unknown,unknown,unknown,,,,21st Century Systems,unknown,unknown,unknown,unknown,unknown,unknown,unknown,unknown,unknown,enterprise,unknown,unknown,unknown,unknown,unknown,unknown,unknown,unknown,unknown,unknown,direct,Direct website-led GTM into enterprise users for unknown.,unknown,unknown,unknown,unknown,unknown,unknown,2026-04-17,unknown,unknown,unknown,"Could use Brooksie to clarify vague spatial questions, automate research, and generate maps, insights, and reports faster.",unknown
"377 Omega, Inc.",,,unknown,,unknown,,unknown,unknown,unknown,unknown,unknown,,,,,"377 Omega, Inc.",unknown,unknown,unknown,unknown,unknown,unknown,unknown,unknown,unknown,enterprise,unknown,unknown,unknown,unknown,unknown,unknown,unknown,unknown,unknown,unknown,direct,Direct website-led GTM into enterprise users for unknown.,unknown,unknown,unknown,unknown,unknown,unknown,2026-04-17,unknown,unknown,unknown,"Could use Brooksie to clarify vague spatial questions, automate research, and generate maps, insights, and reports faster.",unknown
4 Elements Integrated Design LTD,,,unknown,,unknown,,unknown,unknown,unknown,unknown,unknown,unknown,,603,,4 Elements Integrated Design LTD,unknown,unknown,unknown,unknown,unknown,unknown,unknown,unknown,unknown,enterprise,unknown,unknown,unknown,unknown,unknown,unknown,unknown,unknown,unknown,unknown,direct,Direct website-led GTM into enterprise users for unknown.,unknown,603,unknown,unknown,unknown,unknown,2026-04-17,API integrations,unknown,unknown,"Could use Brooksie to clarify vague spatial questions, automate research, and generate maps, insights, and reports faster.",unknown
512th Engineering Detachment,,,unknown,,unknown,,unknown,unknown,unknown,unknown,unknown,unknown,,,,512th Engineering Detachment,unknown,unknown,unknown,unknown,unknown,unknown,unknown,AEC / infrastructure,unknown,enterprise,unknown,unknown,unknown,unknown,unknown,unknown,unknown,unknown,unknown,unknown,direct,Direct website-led GTM into enterprise users for unknown.,unknown,unknown,unknown,unknown,unknown,unknown,2026-04-17,unknown,unknown,unknown,"Could use Brooksie to clarify vague spatial questions, automate research, and generate maps, insights, and reports faster.",unknown
AC4S Inc.,,,unknown,,unknown,,unknown,unknown,unknown,unknown,unknown,unknown,,,,AC4S Inc.,unknown,unknown,unknown,unknown,unknown,unknown,unknown,unknown,unknown,enterprise,unknown,unknown,unknown,unknown,unknown,unknown,unknown,unknown,unknown,unknown,direct,Direct website-led GTM into enterprise users for unknown.,unknown,unknown,unknown,unknown,unknown,unknown,2026-04-17,unknown,unknown,unknown,"Could use Brooksie to clarify vague spatial questions, automate research, and generate maps, insights, and reports faster.",unknown
Adapx Inc.,,,unknown,,unknown,,unknown,unknown,unknown,unknown,unknown,unknown,,,,Adapx Inc.,unknown,unknown,unknown,unknown,unknown,unknown,unknown,unknown,unknown,enterprise,unknown,unknown,unknown,unknown,unknown,unknown,unknown,unknown,unknown,unknown,direct,Direct website-led GTM into enterprise users for unknown.,unknown,unknown,unknown,unknown,unknown,unknown,2026-04-17,unknown,unknown,unknown,"Could use Brooksie to clarify vague spatial questions, automate research, and generate maps, insights, and reports faster.",unknown
"ADG Military Survey (GSGS), Integrated HQ of MoD (Army)",,,unknown,geospatial company,geospatial company,geospatial company,yes,unknown,unknown,unknown,unknown,unknown,,,,"ADG Military Survey (GSGS), Integrated HQ of MoD (Army)",unknown,unknown,unknown,unknown,geospatial company,geospatial company,surveying,defense / intelligence,unknown,government,surveyor,unknown,unknown,unknown,unknown,unknown,unknown,geospatial company,unknown,unknown,direct,Direct website-led GTM into government users for geospatial company.,unknown,unknown,unknown,unknown,unknown,unknown,2026-04-17,API integrations,unknown,unknown,"Could use Brooksie to clarify vague spatial questions, automate research, and generate maps, insights, and reports faster.",unknown
Adinkra Inc.,,,unknown,commercial drone / event exhibitor,Commercial UAV Expo 2023 exhibitor.,"Commercial drone, surveying, mapping, lidar, or related services",yes,unknown,yes,yes,unknown,https://www.expouav.com/2023-exhibitor-list/,,,,Adinkra Inc.,unknown,unknown,unknown,unknown,"Commercial drone, surveying, mapping, lidar, or related services",drone mapping platform,drone mapping; surveying,unknown,SaaS; services,enterprise,GIS analyst; surveyor; drone operator,unknown,unknown,services,unknown,unknown,Services and project fees,drone mapping platform,DroneDeploy; Pix4D; FlyPix AI,unknown,direct,Direct website-led GTM into enterprise users for drone mapping platform.,unknown,unknown,unknown,unknown,unknown,unknown,2026-04-17,drone imagery; LiDAR / point clouds,unknown,Indirect competitor at most; this is closer to an input or data layer than Brooksie's planning-and-execution workspace.,Could use Brooksie internally to turn ad hoc geospatial questions into repeatable analysis workflows and reports.,"Brooksie could use this as a data source, imagery supplier, or API integration inside geospatial workflows."
Aditya Geoinfo Solutions,,India,unknown,,unknown,,unknown,unknown,unknown,unknown,unknown,unknown,,,,Aditya Geoinfo Solutions,India,unknown,unknown,unknown,unknown,unknown,unknown,unknown,unknown,enterprise,unknown,unknown,unknown,unknown,unknown,unknown,unknown,unknown,unknown,unknown,direct,Direct website-led GTM into enterprise users for unknown.,unknown,unknown,unknown,unknown,unknown,unknown,2026-04-17,unknown,unknown,unknown,"Could use Brooksie to clarify vague spatial questions, automate research, and generate maps, insights, and reports faster.",unknown
Advanced Technical Intelligence Center,,,unknown,,unknown,,unknown,unknown,unknown,unknown,unknown,unknown,,,,Advanced Technical Intelligence Center,unknown,unknown,unknown,unknown,unknown,unknown,unknown,defense / intelligence,unknown,government,unknown,unknown,unknown,unknown,unknown,unknown,unknown,unknown,unknown,unknown,direct,Direct website-led GTM into government users for unknown.,unknown,unknown,unknown,unknown,unknown,unknown,2026-04-17,unknown,unknown,unknown,"Could use Brooksie to clarify vague spatial questions, automate research, and generate maps, insights, and reports faster.",unknown
Aerial Hawk,,,unknown,,unknown,,unknown,unknown,yes,unknown,unknown,https://www.linkedin.com/company/aerialhawk/,https://www.linkedin.com/company/aerialhawk/,119,,Aerial Hawk,unknown,unknown,unknown,unknown,unknown,unknown,unknown,unknown,unknown,enterprise,unknown,unknown,unknown,unknown,unknown,unknown,unknown,unknown,unknown,unknown,direct,Direct website-led GTM into enterprise users for unknown.,unknown,119,unknown,unknown,unknown,unknown,2026-04-17,drone imagery,unknown,unknown,"Could use Brooksie to clarify vague spatial questions, automate research, and generate maps, insights, and reports faster.",unknown
AFEI DI2E,,,unknown,,unknown,,unknown,unknown,unknown,unknown,unknown,unknown,,,,AFEI DI2E,unknown,unknown,unknown,unknown,unknown,unknown,unknown,unknown,unknown,enterprise,unknown,unknown,unknown,unknown,unknown,unknown,unknown,unknown,unknown,unknown,direct,Direct website-led GTM into enterprise users for unknown.,unknown,unknown,unknown,unknown,unknown,unknown,2026-04-17,unknown,unknown,unknown,"Could use Brooksie to clarify vague spatial questions, automate research, and generate maps, insights, and reports faster.",unknown
AgHive,,,unknown,,unknown,,unknown,unknown,unknown,unknown,unknown,https://www.linkedin.com/company/aghive/,https://www.linkedin.com/company/aghive/,350,,AgHive,unknown,unknown,unknown,unknown,unknown,unknown,unknown,unknown,unknown,enterprise,unknown,unknown,unknown,unknown,unknown,unknown,unknown,unknown,unknown,unknown,direct,Direct website-led GTM into enterprise users for unknown.,unknown,350,unknown,unknown,unknown,unknown,2026-04-17,unknown,unknown,unknown,"Could use Brooksie to clarify vague spatial questions, automate research, and generate maps, insights, and reports faster.",unknown
Airborne Resources Inc.,,,unknown,,Airborne Resources Inc,Airborne Resources Inc,unknown,unknown,unknown,unknown,unknown,unknown,,,,Airborne Resources Inc.,unknown,unknown,unknown,unknown,Airborne Resources Inc,unknown,unknown,unknown,unknown,enterprise,unknown,unknown,unknown,unknown,unknown,unknown,unknown,unknown,unknown,unknown,direct,Direct website-led GTM into enterprise users for unknown.,unknown,unknown,unknown,unknown,unknown,unknown,2026-04-17,unknown,unknown,unknown,"Could use Brooksie to clarify vague spatial questions, automate research, and generate maps, insights, and reports faster.",unknown
AirForce ISR,,,unknown,,unknown,,unknown,unknown,unknown,unknown,unknown,unknown,,,,AirForce ISR,unknown,unknown,unknown,unknown,unknown,unknown,unknown,unknown,unknown,enterprise,unknown,unknown,unknown,unknown,unknown,unknown,unknown,unknown,unknown,unknown,direct,Direct website-led GTM into enterprise users for unknown.,unknown,unknown,unknown,unknown,unknown,unknown,2026-04-17,unknown,unknown,unknown,"Could use Brooksie to clarify vague spatial questions, automate research, and generate maps, insights, and reports faster.",unknown
Alamo Area GIS Users Group,,,unknown,geospatial software / GIS,GIS / mapping platform,GIS,yes,unknown,unknown,unknown,unknown,unknown,,,,Alamo Area GIS Users Group,unknown,unknown,unknown,unknown,GIS,GIS / mapping platform,unknown,unknown,SaaS,enterprise,GIS analyst,unknown,unknown,unknown,unknown,unknown,unknown,GIS / mapping platform,Esri; Mapbox; CARTO; Felt; Atlas.co,unknown,direct,Direct website-led GTM into enterprise users for GIS / mapping platform.,unknown,unknown,unknown,unknown,unknown,unknown,2026-04-17,GIS data,unknown,"Direct or partial competitor on geospatial analysis workflows, map outputs, and cross-source insight delivery.","Could use Brooksie to clarify vague spatial questions, automate research, and generate maps, insights, and reports faster.","Brooksie could use this for map rendering, visualization, geospatial UI components, or workflow integrations."
Alberta Energy Efficiency Alliance,,,unknown,,unknown,,unknown,unknown,unknown,unknown,unknown,unknown,,2813,,Alberta Energy Efficiency Alliance,unknown,unknown,unknown,unknown,unknown,unknown,unknown,energy / utilities,unknown,enterprise,unknown,unknown,unknown,unknown,unknown,unknown,unknown,unknown,unknown,unknown,direct,Direct website-led GTM into enterprise users for unknown.,unknown,2813,unknown,unknown,unknown,unknown,2026-04-17,unknown,unknown,unknown,"Could use Brooksie to clarify vague spatial questions, automate research, and generate maps, insights, and reports faster.",unknown
Alcatel Government Solutions,,,unknown,,unknown,,unknown,unknown,unknown,unknown,unknown,unknown,,,,Alcatel Government Solutions,unknown,unknown,unknown,unknown,unknown,unknown,unknown,government,unknown,government,unknown,unknown,unknown,unknown,unknown,unknown,unknown,unknown,unknown,unknown,direct,Direct website-led GTM into government users for unknown.,unknown,unknown,unknown,unknown,unknown,unknown,2026-04-17,unknown,unknown,unknown,"Could use Brooksie to clarify vague spatial questions, automate research, and generate maps, insights, and reports faster.",unknown
Alt239,,,unknown,,unknown,,unknown,unknown,unknown,unknown,unknown,unknown,,,,Alt239,unknown,unknown,unknown,unknown,unknown,unknown,unknown,unknown,unknown,enterprise,unknown,unknown,unknown,unknown,unknown,unknown,unknown,unknown,unknown,unknown,direct,Direct website-led GTM into enterprise users for unknown.,unknown,unknown,unknown,unknown,unknown,unknown,2026-04-17,unknown,unknown,unknown,"Could use Brooksie to clarify vague spatial questions, automate research, and generate maps, insights, and reports faster.",unknown
Amigo Optima Software Solutions Pvt Ltd,,India,unknown,,unknown,,unknown,unknown,unknown,unknown,unknown,unknown,,,,Amigo Optima Software Solutions Pvt Ltd,India,unknown,unknown,unknown,unknown,unknown,unknown,unknown,SaaS,enterprise,unknown,unknown,unknown,unknown,unknown,unknown,unknown,unknown,unknown,unknown,direct,Direct website-led GTM into enterprise users for unknown.,unknown,unknown,unknown,unknown,unknown,unknown,2026-04-17,unknown,unknown,unknown,"Could use Brooksie to clarify vague spatial questions, automate research, and generate maps, insights, and reports faster.",unknown
Anjani IT Solutions Pvt Ltd,,India,unknown,,unknown,,unknown,unknown,unknown,unknown,unknown,unknown,,,,Anjani IT Solutions Pvt Ltd,India,unknown,unknown,unknown,unknown,unknown,unknown,unknown,unknown,enterprise,unknown,unknown,unknown,unknown,unknown,unknown,unknown,unknown,unknown,unknown,direct,Direct website-led GTM into enterprise users for unknown.,unknown,unknown,unknown,unknown,unknown,unknown,2026-04-17,unknown,unknown,unknown,"Could use Brooksie to clarify vague spatial questions, automate research, and generate maps, insights, and reports faster.",unknown
ANNOVA Technologies Pvt. Ltd.,,India,unknown,,ANNOVA Technologies Pvt,ANNOVA Technologies Pvt,unknown,unknown,unknown,unknown,unknown,unknown,,,,ANNOVA Technologies Pvt. Ltd.,India,unknown,unknown,unknown,ANNOVA Technologies Pvt,unknown,unknown,unknown,unknown,enterprise,unknown,unknown,unknown,unknown,unknown,unknown,unknown,unknown,unknown,unknown,direct,Direct website-led GTM into enterprise users for unknown.,unknown,unknown,unknown,unknown,unknown,unknown,2026-04-17,unknown,unknown,unknown,"Could use Brooksie to clarify vague spatial questions, automate research, and generate maps, insights, and reports faster.",unknown
Apeiron,,,unknown,,unknown,,unknown,unknown,unknown,unknown,unknown,https://www.linkedin.com/company/apeiron/,https://www.linkedin.com/company/apeiron/,585,,Apeiron,unknown,unknown,unknown,unknown,unknown,unknown,unknown,unknown,unknown,enterprise,unknown,unknown,unknown,unknown,unknown,unknown,unknown,unknown,unknown,unknown,direct,Direct website-led GTM into enterprise users for unknown.,unknown,585,unknown,unknown,unknown,unknown,2026-04-17,unknown,unknown,unknown,"Could use Brooksie to clarify vague spatial questions, automate research, and generate maps, insights, and reports faster.",unknown
Appistry,,,unknown,,unknown,,unknown,unknown,unknown,unknown,unknown,unknown,,,,Appistry,unknown,unknown,unknown,unknown,unknown,unknown,unknown,unknown,unknown,enterprise,unknown,unknown,unknown,unknown,unknown,unknown,unknown,unknown,unknown,unknown,direct,Direct website-led GTM into enterprise users for unknown.,unknown,unknown,unknown,unknown,unknown,unknown,2026-04-17,unknown,unknown,unknown,"Could use Brooksie to clarify vague spatial questions, automate research, and generate maps, insights, and reports faster.",unknown
Applied Analysis Inc.,,,unknown,,unknown,,unknown,unknown,unknown,unknown,unknown,unknown,,,,Applied Analysis Inc.,unknown,unknown,unknown,unknown,unknown,unknown,unknown,unknown,unknown,enterprise,unknown,unknown,unknown,unknown,unknown,unknown,unknown,unknown,unknown,unknown,direct,Direct website-led GTM into enterprise users for unknown.,unknown,unknown,unknown,unknown,unknown,unknown,2026-04-17,unknown,unknown,unknown,"Could use Brooksie to clarify vague spatial questions, automate research, and generate maps, insights, and reports faster.",unknown
Applied Geospatial Solutions International Inc.,,,unknown,geospatial software / GIS,Applied Geospatial Solutions International Inc,GIS and mapping platform,yes,unknown,unknown,unknown,unknown,unknown,,,,Applied Geospatial Solutions International Inc.,unknown,unknown,unknown,unknown,GIS and mapping platform,GIS / mapping platform,unknown,unknown,SaaS,enterprise,GIS analyst,Global,unknown,unknown,unknown,unknown,unknown,GIS / mapping platform,Esri; Mapbox; CARTO; Felt; Atlas.co,unknown,direct,Direct website-led GTM into enterprise users for GIS / mapping platform.,unknown,unknown,unknown,unknown,unknown,unknown,2026-04-17,GIS data,unknown,"Direct or partial competitor on geospatial analysis workflows, map outputs, and cross-source insight delivery.","Could use Brooksie to clarify vague spatial questions, automate research, and generate maps, insights, and reports faster.","Brooksie could use this for map rendering, visualization, geospatial UI components, or workflow integrations."
Applied Network Solutions,,,unknown,,unknown,,unknown,unknown,unknown,unknown,unknown,unknown,,,,Applied Network Solutions,unknown,unknown,unknown,unknown,unknown,unknown,unknown,unknown,unknown,enterprise,unknown,unknown,unknown,unknown,unknown,unknown,unknown,unknown,unknown,unknown,direct,Direct website-led GTM into enterprise users for unknown.,unknown,unknown,unknown,unknown,unknown,unknown,2026-04-17,unknown,unknown,unknown,"Could use Brooksie to clarify vague spatial questions, automate research, and generate maps, insights, and reports faster.",unknown
ARC Science,,,unknown,,unknown,,unknown,unknown,unknown,unknown,unknown,unknown,,,,ARC Science,unknown,unknown,unknown,unknown,unknown,unknown,unknown,unknown,unknown,enterprise,unknown,unknown,unknown,unknown,unknown,unknown,unknown,unknown,unknown,unknown,direct,Direct website-led GTM into enterprise users for unknown.,unknown,unknown,unknown,unknown,unknown,unknown,2026-04-17,unknown,unknown,unknown,"Could use Brooksie to clarify vague spatial questions, automate research, and generate maps, insights, and reports faster.",unknown
Army GEOINT Batallion,,,unknown,,unknown,,unknown,unknown,unknown,unknown,unknown,unknown,,,,Army GEOINT Batallion,unknown,unknown,unknown,unknown,unknown,unknown,unknown,defense / intelligence,unknown,government,unknown,unknown,unknown,unknown,unknown,unknown,unknown,unknown,unknown,unknown,direct,Direct website-led GTM into government users for unknown.,unknown,unknown,unknown,unknown,unknown,unknown,2026-04-17,unknown,unknown,unknown,"Could use Brooksie to clarify vague spatial questions, automate research, and generate maps, insights, and reports faster.",unknown
ART Infosystems,,India,unknown,,unknown,,unknown,unknown,unknown,unknown,unknown,unknown,,,,ART Infosystems,India,unknown,unknown,unknown,unknown,unknown,unknown,unknown,unknown,enterprise,unknown,unknown,unknown,unknown,unknown,unknown,unknown,unknown,unknown,unknown,direct,Direct website-led GTM into enterprise users for unknown.,unknown,unknown,unknown,unknown,unknown,unknown,2026-04-17,unknown,unknown,unknown,"Could use Brooksie to clarify vague spatial questions, automate research, and generate maps, insights, and reports faster.",unknown
Artemis,,,unknown,,unknown,,unknown,unknown,unknown,unknown,unknown,https://www.linkedin.com/company/artemis/,https://www.linkedin.com/company/artemis/,739,,Artemis,unknown,unknown,unknown,unknown,unknown,unknown,unknown,unknown,unknown,enterprise,unknown,unknown,unknown,unknown,unknown,unknown,unknown,unknown,unknown,unknown,direct,Direct website-led GTM into enterprise users for unknown.,unknown,739,unknown,unknown,unknown,unknown,2026-04-17,unknown,unknown,unknown,"Could use Brooksie to clarify vague spatial questions, automate research, and generate maps, insights, and reports faster.",unknown
ASG,,,unknown,,unknown,,unknown,unknown,unknown,unknown,unknown,unknown,,,,ASG,unknown,unknown,unknown,unknown,unknown,unknown,unknown,unknown,unknown,enterprise,unknown,unknown,unknown,unknown,unknown,unknown,unknown,unknown,unknown,unknown,direct,Direct website-led GTM into enterprise users for unknown.,unknown,unknown,unknown,unknown,unknown,unknown,2026-04-17,unknown,unknown,unknown,"Could use Brooksie to clarify vague spatial questions, automate research, and generate maps, insights, and reports faster.",unknown
Aster Private Limited,,India,unknown,,unknown,,unknown,unknown,unknown,unknown,unknown,unknown,,,,Aster Private Limited,India,unknown,unknown,unknown,unknown,unknown,unknown,unknown,unknown,enterprise,unknown,unknown,unknown,unknown,unknown,unknown,unknown,unknown,unknown,unknown,direct,Direct website-led GTM into enterprise users for unknown.,unknown,unknown,unknown,unknown,unknown,unknown,2026-04-17,unknown,unknown,unknown,"Could use Brooksie to clarify vague spatial questions, automate research, and generate maps, insights, and reports faster.",unknown
ATG Informatics India Pvt Limited,,India,unknown,,unknown,,unknown,unknown,unknown,unknown,unknown,unknown,,,,ATG Informatics India Pvt Limited,India,unknown,unknown,unknown,unknown,unknown,unknown,unknown,unknown,enterprise,unknown,unknown,unknown,unknown,unknown,unknown,unknown,unknown,unknown,unknown,direct,Direct website-led GTM into enterprise users for unknown.,unknown,unknown,unknown,unknown,unknown,unknown,2026-04-17,unknown,unknown,unknown,"Could use Brooksie to clarify vague spatial questions, automate research, and generate maps, insights, and reports faster.",unknown
Attivio,,,unknown,,unknown,,unknown,unknown,unknown,unknown,unknown,unknown,,,,Attivio,unknown,unknown,unknown,unknown,unknown,unknown,unknown,unknown,unknown,enterprise,unknown,unknown,unknown,unknown,unknown,unknown,unknown,unknown,unknown,unknown,direct,Direct website-led GTM into enterprise users for unknown.,unknown,unknown,unknown,unknown,unknown,unknown,2026-04-17,unknown,unknown,unknown,"Could use Brooksie to clarify vague spatial questions, automate research, and generate maps, insights, and reports faster.",unknown
AutoMap,,,unknown,,unknown,,yes,unknown,unknown,unknown,unknown,unknown,,3277,,AutoMap,unknown,unknown,unknown,unknown,unknown,unknown,unknown,unknown,unknown,enterprise,unknown,unknown,unknown,unknown,unknown,unknown,unknown,unknown,unknown,unknown,direct,Direct website-led GTM into enterprise users for unknown.,unknown,3277,unknown,unknown,unknown,unknown,2026-04-17,unknown,unknown,unknown,"Could use Brooksie to clarify vague spatial questions, automate research, and generate maps, insights, and reports faster.",unknown
Avere Systems,,,unknown,,unknown,,unknown,unknown,unknown,unknown,unknown,unknown,,,,Avere Systems,unknown,unknown,unknown,unknown,unknown,unknown,unknown,unknown,unknown,enterprise,unknown,unknown,unknown,unknown,unknown,unknown,unknown,unknown,unknown,unknown,direct,Direct website-led GTM into enterprise users for unknown.,unknown,unknown,unknown,unknown,unknown,unknown,2026-04-17,unknown,unknown,unknown,"Could use Brooksie to clarify vague spatial questions, automate research, and generate maps, insights, and reports faster.",unknown
B.T. Design LLC,,,unknown,,unknown,,unknown,unknown,unknown,unknown,unknown,unknown,,,,B.T. Design LLC,unknown,unknown,unknown,unknown,unknown,unknown,unknown,unknown,unknown,enterprise,unknown,unknown,unknown,unknown,unknown,unknown,unknown,unknown,unknown,unknown,direct,Direct website-led GTM into enterprise users for unknown.,unknown,unknown,unknown,unknown,unknown,unknown,2026-04-17,unknown,unknown,unknown,"Could use Brooksie to clarify vague spatial questions, automate research, and generate maps, insights, and reports faster.",unknown
Basemap Consulting,,,unknown,consulting / integration services,consulting / integration services,Geospatial consulting and integration services,yes,unknown,unknown,unknown,unknown,https://www.linkedin.com/company/basemap-consulting/,https://www.linkedin.com/company/basemap-consulting/,1032,,Basemap Consulting,unknown,unknown,unknown,unknown,Geospatial consulting and integration services,consulting / integration services,unknown,unknown,services,enterprise,unknown,unknown,unknown,services,unknown,unknown,Services and project fees,consulting / integration services,Esri partners; GIS consultancies; system integrators,unknown,direct,Direct website-led GTM into enterprise users for consulting / integration services.,unknown,1032,unknown,unknown,unknown,unknown,2026-04-17,unknown,unknown,"Partial competitor in analysis delivery services, but not a direct AI-native platform substitute.","Could use Brooksie to accelerate proposal scoping, multi-source analysis, and client-ready maps and reports.","Brooksie could use this company as an implementation, data-collection, or channel partner."
Battula Technologies Pvt Ltd,,India,unknown,,unknown,,unknown,unknown,unknown,unknown,unknown,unknown,,,,Battula Technologies Pvt Ltd,India,unknown,unknown,unknown,unknown,unknown,unknown,unknown,unknown,enterprise,unknown,unknown,unknown,unknown,unknown,unknown,unknown,unknown,unknown,unknown,direct,Direct website-led GTM into enterprise users for unknown.,unknown,unknown,unknown,unknown,unknown,unknown,2026-04-17,unknown,unknown,unknown,"Could use Brooksie to clarify vague spatial questions, automate research, and generate maps, insights, and reports faster.",unknown
Bayanat Smart Solutions,,,unknown,,unknown,,unknown,unknown,unknown,unknown,unknown,unknown,,61545,,Bayanat Smart Solutions,unknown,unknown,unknown,unknown,unknown,unknown,unknown,unknown,unknown,enterprise,unknown,unknown,unknown,unknown,unknown,unknown,unknown,unknown,unknown,unknown,direct,Direct website-led GTM into enterprise users for unknown.,unknown,61545,unknown,unknown,unknown,unknown,2026-04-17,unknown,unknown,unknown,"Could use Brooksie to clarify vague spatial questions, automate research, and generate maps, insights, and reports faster.",unknown
Belvoir Corporate Campus,,,unknown,,unknown,,unknown,unknown,unknown,unknown,unknown,unknown,,,,Belvoir Corporate Campus,unknown,unknown,unknown,unknown,unknown,unknown,unknown,unknown,unknown,enterprise,unknown,unknown,unknown,unknown,unknown,unknown,unknown,unknown,unknown,unknown,direct,Direct website-led GTM into enterprise users for unknown.,unknown,unknown,unknown,unknown,unknown,unknown,2026-04-17,unknown,unknown,unknown,"Could use Brooksie to clarify vague spatial questions, automate research, and generate maps, insights, and reports faster.",unknown
Benchmrk,,,unknown,,unknown,,unknown,unknown,unknown,unknown,unknown,unknown,,202,,Benchmrk,unknown,unknown,unknown,unknown,unknown,unknown,unknown,unknown,unknown,enterprise,unknown,unknown,unknown,unknown,unknown,unknown,unknown,unknown,unknown,unknown,direct,Direct website-led GTM into enterprise users for unknown.,unknown,202,unknown,unknown,unknown,unknown,2026-04-17,unknown,unknown,unknown,"Could use Brooksie to clarify vague spatial questions, automate research, and generate maps, insights, and reports faster.",unknown
Bhanu Infotech,,India,unknown,,unknown,,unknown,unknown,unknown,unknown,unknown,unknown,,,,Bhanu Infotech,India,unknown,unknown,unknown,unknown,unknown,unknown,unknown,unknown,enterprise,unknown,unknown,unknown,unknown,unknown,unknown,unknown,unknown,unknown,unknown,direct,Direct website-led GTM into enterprise users for unknown.,unknown,unknown,unknown,unknown,unknown,unknown,2026-04-17,unknown,unknown,unknown,"Could use Brooksie to clarify vague spatial questions, automate research, and generate maps, insights, and reports faster.",unknown
Bharat Associates & Consultancy,,India,unknown,,unknown,,unknown,unknown,unknown,unknown,unknown,unknown,,,,Bharat Associates & Consultancy,India,unknown,unknown,unknown,unknown,unknown,unknown,unknown,unknown,enterprise,unknown,unknown,unknown,unknown,unknown,unknown,unknown,unknown,unknown,unknown,direct,Direct website-led GTM into enterprise users for unknown.,unknown,unknown,unknown,unknown,unknown,unknown,2026-04-17,unknown,unknown,unknown,"Could use Brooksie to clarify vague spatial questions, automate research, and generate maps, insights, and reports faster.",unknown
Bhoomi Engineering Consultants,,India,unknown,,unknown,,unknown,unknown,unknown,unknown,unknown,unknown,,,,Bhoomi Engineering Consultants,India,unknown,unknown,unknown,unknown,unknown,unknown,AEC / infrastructure,unknown,SMB,unknown,unknown,unknown,unknown,unknown,unknown,unknown,unknown,unknown,unknown,direct,Direct website-led GTM into SMB users for unknown.,unknown,unknown,unknown,unknown,unknown,unknown,2026-04-17,unknown,unknown,unknown,"Could use Brooksie to clarify vague spatial questions, automate research, and generate maps, insights, and reports faster.",unknown
Big Sky Aerial Solutions,,,unknown,,unknown,,unknown,unknown,yes,unknown,unknown,https://www.linkedin.com/company/big-sky-aerial-solutions/,https://www.linkedin.com/company/big-sky-aerial-solutions/,419,,Big Sky Aerial Solutions,unknown,unknown,unknown,unknown,unknown,unknown,unknown,unknown,unknown,enterprise,unknown,unknown,unknown,unknown,unknown,unknown,unknown,unknown,unknown,unknown,direct,Direct website-led GTM into enterprise users for unknown.,unknown,419,unknown,unknown,unknown,unknown,2026-04-17,drone imagery,unknown,unknown,"Could use Brooksie to clarify vague spatial questions, automate research, and generate maps, insights, and reports faster.",unknown
Big Sky Associates,,,unknown,,unknown,,unknown,unknown,unknown,unknown,unknown,unknown,,,,Big Sky Associates,unknown,unknown,unknown,unknown,unknown,unknown,unknown,unknown,unknown,enterprise,unknown,unknown,unknown,unknown,unknown,unknown,unknown,unknown,unknown,unknown,direct,Direct website-led GTM into enterprise users for unknown.,unknown,unknown,unknown,unknown,unknown,unknown,2026-04-17,unknown,unknown,unknown,"Could use Brooksie to clarify vague spatial questions, automate research, and generate maps, insights, and reports faster.",unknown
Blue River Information Technology,,,unknown,,unknown,,unknown,unknown,unknown,unknown,unknown,unknown,,,,Blue River Information Technology,unknown,unknown,unknown,unknown,unknown,unknown,unknown,unknown,unknown,enterprise,unknown,unknown,unknown,unknown,unknown,unknown,unknown,unknown,unknown,unknown,direct,Direct website-led GTM into enterprise users for unknown.,unknown,unknown,unknown,unknown,unknown,unknown,2026-04-17,unknown,unknown,unknown,"Could use Brooksie to clarify vague spatial questions, automate research, and generate maps, insights, and reports faster.",unknown
Brillion,,,unknown,,unknown,,unknown,unknown,unknown,unknown,unknown,unknown,,2897,,Brillion,unknown,unknown,unknown,unknown,unknown,unknown,unknown,unknown,unknown,enterprise,unknown,unknown,unknown,unknown,unknown,unknown,unknown,unknown,unknown,unknown,direct,Direct website-led GTM into enterprise users for unknown.,unknown,2897,unknown,unknown,unknown,unknown,2026-04-17,unknown,unknown,unknown,"Could use Brooksie to clarify vague spatial questions, automate research, and generate maps, insights, and reports faster.",unknown
"Brytee (Gemlight Technologies, Inc.)",,,unknown,commercial drone / event exhibitor,Commercial UAV Expo 2023 exhibitor.,"Commercial drone, surveying, mapping, lidar, or related services",yes,unknown,yes,yes,unknown,https://www.expouav.com/2023-exhibitor-list/,,,,"Brytee (Gemlight Technologies, Inc.)",unknown,unknown,unknown,unknown,"Commercial drone, surveying, mapping, lidar, or related services",drone mapping platform,drone mapping; surveying,unknown,SaaS; services,enterprise,GIS analyst; surveyor; drone operator,unknown,unknown,services,unknown,unknown,Services and project fees,drone mapping platform,DroneDeploy; Pix4D; FlyPix AI,unknown,direct,Direct website-led GTM into enterprise users for drone mapping platform.,unknown,unknown,unknown,unknown,unknown,unknown,2026-04-17,drone imagery; LiDAR / point clouds,unknown,Indirect competitor at most; this is closer to an input or data layer than Brooksie's planning-and-execution workspace.,Could use Brooksie internally to turn ad hoc geospatial questions into repeatable analysis workflows and reports.,"Brooksie could use this as a data source, imagery supplier, or API integration inside geospatial workflows."
Bufete De Ingenier%C3%Ada En Telecomunicaciones Y Sistemas Sa De Cv,,,unknown,earth observation / Planet partner,Partner brand listed in the Planet partner directory.,"Earth observation, geospatial analytics, or satellite data services",yes,yes,unknown,unknown,yes,https://partner.planet.com/directory/s/list | https://partner.planet.com/directory/s/accountbrand/0TUHp0000012K6WOAU/bufete-de-ingenier%C3%ADa-en-telecomunicaciones-y-sistemas-sa-de-cv,,,,Bufete De Ingenier%C3%Ada En Telecomunicaciones Y Sistemas Sa De Cv,unknown,unknown,unknown,unknown,"Earth observation, geospatial analytics, or satellite data services",earth observation analytics,geospatial analysis; satellite imagery analysis,telecom,services,enterprise,remote sensing analyst; data analyst,unknown,unknown,services,unknown,unknown,Services and project fees,earth observation analytics,Planet; Picterra; Brooksie AI; UP42,Planet,partner-led,Partner-oriented GTM into enterprise accounts for earth observation analytics.,unknown,unknown,unknown,unknown,unknown,unknown,2026-04-17,satellite imagery,unknown,"Direct or partial competitor on geospatial analysis workflows, map outputs, and cross-source insight delivery.",Could use Brooksie internally to turn ad hoc geospatial questions into repeatable analysis workflows and reports.,"Brooksie could use this as a data source, imagery supplier, or API integration inside geospatial workflows."
C2S Consulting Group,,,unknown,consulting / integration services,consulting / integration services,Geospatial consulting and integration services,unknown,unknown,unknown,unknown,unknown,unknown,,,,C2S Consulting Group,unknown,unknown,unknown,unknown,Geospatial consulting and integration services,consulting / integration services,unknown,unknown,services,enterprise,unknown,unknown,unknown,services,unknown,unknown,Services and project fees,consulting / integration services,Esri partners; GIS consultancies; system integrators,unknown,direct,Direct website-led GTM into enterprise users for consulting / integration services.,unknown,unknown,unknown,unknown,unknown,unknown,2026-04-17,unknown,unknown,"Partial competitor in analysis delivery services, but not a direct AI-native platform substitute.","Could use Brooksie to accelerate proposal scoping, multi-source analysis, and client-ready maps and reports.","Brooksie could use this company as an implementation, data-collection, or channel partner."
CAD Planet Technologies,,India,unknown,,unknown,,unknown,unknown,unknown,unknown,unknown,unknown,,,,CAD Planet Technologies,India,unknown,unknown,unknown,unknown,unknown,unknown,unknown,unknown,enterprise,unknown,unknown,unknown,unknown,unknown,unknown,unknown,unknown,unknown,Planet,direct,Direct website-led GTM into enterprise users for unknown.,unknown,unknown,unknown,unknown,unknown,unknown,2026-04-17,unknown,unknown,unknown,"Could use Brooksie to clarify vague spatial questions, automate research, and generate maps, insights, and reports faster.",unknown
Camber Corporation,,,unknown,,unknown,,unknown,unknown,unknown,unknown,unknown,unknown,,,,Camber Corporation,unknown,unknown,unknown,unknown,unknown,unknown,unknown,unknown,unknown,enterprise,unknown,unknown,unknown,unknown,unknown,unknown,unknown,unknown,unknown,unknown,direct,Direct website-led GTM into enterprise users for unknown.,unknown,unknown,unknown,unknown,unknown,unknown,2026-04-17,unknown,unknown,unknown,"Could use Brooksie to clarify vague spatial questions, automate research, and generate maps, insights, and reports faster.",unknown
Canadian Physical AI Institute (CPAI),,,unknown,,unknown,,unknown,unknown,unknown,unknown,unknown,unknown,,248,,Canadian Physical AI Institute (CPAI),unknown,unknown,unknown,unknown,unknown,unknown,unknown,unknown,unknown,enterprise,unknown,unknown,unknown,unknown,unknown,unknown,unknown,AI-native unknown,unknown,unknown,direct,Direct website-led GTM into enterprise users for unknown.,unknown,248,unknown,unknown,unknown,unknown,2026-04-17,unknown,AI / machine learning,unknown,"Could use Brooksie to clarify vague spatial questions, automate research, and generate maps, insights, and reports faster.",unknown
CARDIO Logic,,,unknown,,unknown,,unknown,unknown,unknown,unknown,unknown,unknown,,,,CARDIO Logic,unknown,unknown,unknown,unknown,unknown,unknown,unknown,unknown,unknown,enterprise,unknown,unknown,unknown,unknown,unknown,unknown,unknown,unknown,unknown,unknown,direct,Direct website-led GTM into enterprise users for unknown.,unknown,unknown,unknown,unknown,unknown,unknown,2026-04-17,unknown,unknown,unknown,"Could use Brooksie to clarify vague spatial questions, automate research, and generate maps, insights, and reports faster.",unknown
Cecil,,,unknown,earth observation / Planet partner,Partner brand listed in the Planet partner directory.,"Earth observation, geospatial analytics, or satellite data services",yes,yes,unknown,unknown,yes,https://de.linkedin.com/showcase/cecil/ | https://partner.planet.com/directory/s/list | https://partner.planet.com/directory/s/accountbrand/0TUHp0000012KF6OAM/cecil,https://de.linkedin.com/showcase/cecil/,5723,,Cecil,unknown,unknown,unknown,unknown,"Earth observation, geospatial analytics, or satellite data services",earth observation analytics,geospatial analysis; satellite imagery analysis,unknown,services,enterprise,remote sensing analyst; data analyst,unknown,unknown,services,unknown,unknown,Services and project fees,earth observation analytics,Planet; Picterra; Brooksie AI; UP42,Planet,partner-led,Partner-oriented GTM into enterprise accounts for earth observation analytics.,unknown,5723,unknown,unknown,unknown,unknown,2026-04-17,satellite imagery,unknown,"Direct or partial competitor on geospatial analysis workflows, map outputs, and cross-source insight delivery.",Could use Brooksie internally to turn ad hoc geospatial questions into repeatable analysis workflows and reports.,"Brooksie could use this as a data source, imagery supplier, or API integration inside geospatial workflows."
Celer Scientific,,,unknown,,unknown,,unknown,unknown,unknown,unknown,unknown,unknown,,,,Celer Scientific,unknown,unknown,unknown,unknown,unknown,unknown,unknown,unknown,unknown,enterprise,unknown,unknown,unknown,unknown,unknown,unknown,unknown,unknown,unknown,unknown,direct,Direct website-led GTM into enterprise users for unknown.,unknown,unknown,unknown,unknown,unknown,unknown,2026-04-17,unknown,unknown,unknown,"Could use Brooksie to clarify vague spatial questions, automate research, and generate maps, insights, and reports faster.",unknown
Centauri (formerly Integrity Applications Incorporated),,,unknown,,unknown,,unknown,unknown,unknown,unknown,unknown,unknown,,,,Centauri (formerly Integrity Applications Incorporated),unknown,unknown,unknown,unknown,unknown,unknown,unknown,unknown,unknown,enterprise,unknown,unknown,unknown,unknown,unknown,unknown,unknown,unknown,unknown,unknown,direct,Direct website-led GTM into enterprise users for unknown.,unknown,unknown,unknown,unknown,unknown,unknown,2026-04-17,unknown,unknown,unknown,"Could use Brooksie to clarify vague spatial questions, automate research, and generate maps, insights, and reports faster.",unknown
Center for Spatial Information Technology,,India,unknown,geospatial company,geospatial company,geospatial company,yes,unknown,unknown,unknown,unknown,unknown,,,,Center for Spatial Information Technology,India,unknown,unknown,unknown,geospatial company,geospatial company,unknown,unknown,unknown,enterprise,unknown,unknown,unknown,unknown,unknown,unknown,unknown,geospatial company,unknown,unknown,direct,Direct website-led GTM into enterprise users for geospatial company.,unknown,unknown,unknown,unknown,unknown,unknown,2026-04-17,unknown,unknown,unknown,"Could use Brooksie to clarify vague spatial questions, automate research, and generate maps, insights, and reports faster.",unknown
CEVEN,,,unknown,,unknown,,unknown,unknown,unknown,unknown,unknown,unknown,,421,,CEVEN,unknown,unknown,unknown,unknown,unknown,unknown,unknown,unknown,unknown,enterprise,unknown,unknown,unknown,unknown,unknown,unknown,unknown,unknown,unknown,unknown,direct,Direct website-led GTM into enterprise users for unknown.,unknown,421,unknown,unknown,unknown,unknown,2026-04-17,unknown,unknown,unknown,"Could use Brooksie to clarify vague spatial questions, automate research, and generate maps, insights, and reports faster.",unknown
CGC Converse Technologies Pvt. Ltd.,,India,unknown,,CGC Converse Technologies Pvt,CGC Converse Technologies Pvt,unknown,unknown,unknown,unknown,unknown,unknown,,,,CGC Converse Technologies Pvt. Ltd.,India,unknown,unknown,unknown,CGC Converse Technologies Pvt,unknown,unknown,unknown,unknown,enterprise,unknown,unknown,unknown,unknown,unknown,unknown,unknown,unknown,unknown,unknown,direct,Direct website-led GTM into enterprise users for unknown.,unknown,unknown,unknown,unknown,unknown,unknown,2026-04-17,unknown,unknown,unknown,"Could use Brooksie to clarify vague spatial questions, automate research, and generate maps, insights, and reports faster.",unknown
Chiliad,,,unknown,,unknown,,unknown,unknown,unknown,unknown,unknown,unknown,,,,Chiliad,unknown,unknown,unknown,unknown,unknown,unknown,unknown,unknown,unknown,enterprise,unknown,unknown,unknown,unknown,unknown,unknown,unknown,unknown,unknown,unknown,direct,Direct website-led GTM into enterprise users for unknown.,unknown,unknown,unknown,unknown,unknown,unknown,2026-04-17,unknown,unknown,unknown,"Could use Brooksie to clarify vague spatial questions, automate research, and generate maps, insights, and reports faster.",unknown
CitiEU | CitiME,,,unknown,,unknown,,unknown,unknown,unknown,unknown,unknown,unknown,,5907,,CitiEU | CitiME,unknown,unknown,unknown,unknown,unknown,unknown,unknown,unknown,unknown,enterprise,unknown,unknown,unknown,unknown,unknown,unknown,unknown,unknown,unknown,unknown,direct,Direct website-led GTM into enterprise users for unknown.,unknown,5907,unknown,unknown,unknown,unknown,2026-04-17,unknown,unknown,unknown,"Could use Brooksie to clarify vague spatial questions, automate research, and generate maps, insights, and reports faster.",unknown
City Green Light,,,unknown,,unknown,,unknown,unknown,unknown,unknown,unknown,unknown,,13376,,City Green Light,unknown,unknown,unknown,unknown,unknown,unknown,unknown,government,unknown,government,unknown,unknown,unknown,unknown,unknown,unknown,unknown,unknown,unknown,unknown,direct,Direct website-led GTM into government users for unknown.,unknown,13376,unknown,unknown,unknown,unknown,2026-04-17,unknown,unknown,unknown,"Could use Brooksie to clarify vague spatial questions, automate research, and generate maps, insights, and reports faster.",unknown
Cleversafe,,,unknown,,unknown,,unknown,unknown,unknown,unknown,unknown,unknown,,,,Cleversafe,unknown,unknown,unknown,unknown,unknown,unknown,unknown,unknown,unknown,enterprise,unknown,unknown,unknown,unknown,unknown,unknown,unknown,unknown,unknown,unknown,direct,Direct website-led GTM into enterprise users for unknown.,unknown,unknown,unknown,unknown,unknown,unknown,2026-04-17,unknown,unknown,unknown,"Could use Brooksie to clarify vague spatial questions, automate research, and generate maps, insights, and reports faster.",unknown
CliQr Technologies,,,unknown,,unknown,,unknown,unknown,unknown,unknown,unknown,unknown,,,,CliQr Technologies,unknown,unknown,unknown,unknown,unknown,unknown,unknown,unknown,unknown,enterprise,unknown,unknown,unknown,unknown,unknown,unknown,unknown,unknown,unknown,unknown,direct,Direct website-led GTM into enterprise users for unknown.,unknown,unknown,unknown,unknown,unknown,unknown,2026-04-17,unknown,unknown,unknown,"Could use Brooksie to clarify vague spatial questions, automate research, and generate maps, insights, and reports faster.",unknown
Coho Data,,,unknown,,unknown,,unknown,unknown,unknown,unknown,unknown,unknown,,,,Coho Data,unknown,unknown,unknown,unknown,unknown,unknown,unknown,unknown,unknown,enterprise,unknown,unknown,unknown,unknown,unknown,unknown,unknown,unknown,unknown,unknown,direct,Direct website-led GTM into enterprise users for unknown.,unknown,unknown,unknown,unknown,unknown,unknown,2026-04-17,unknown,unknown,unknown,"Could use Brooksie to clarify vague spatial questions, automate research, and generate maps, insights, and reports faster.",unknown
Composite Software,,,unknown,,unknown,,unknown,unknown,unknown,unknown,unknown,unknown,,,,Composite Software,unknown,unknown,unknown,unknown,unknown,unknown,unknown,unknown,SaaS,enterprise,unknown,unknown,unknown,unknown,unknown,unknown,unknown,unknown,unknown,unknown,direct,Direct website-led GTM into enterprise users for unknown.,unknown,unknown,unknown,unknown,unknown,unknown,2026-04-17,unknown,unknown,unknown,"Could use Brooksie to clarify vague spatial questions, automate research, and generate maps, insights, and reports faster.",unknown
"CompSec, Inc.",,,unknown,,unknown,,unknown,unknown,unknown,unknown,unknown,unknown,,,,"CompSec, Inc.",unknown,unknown,unknown,unknown,unknown,unknown,unknown,unknown,unknown,enterprise,unknown,unknown,unknown,unknown,unknown,unknown,unknown,unknown,unknown,unknown,direct,Direct website-led GTM into enterprise users for unknown.,unknown,unknown,unknown,unknown,unknown,unknown,2026-04-17,unknown,unknown,unknown,"Could use Brooksie to clarify vague spatial questions, automate research, and generate maps, insights, and reports faster.",unknown
Computer Vision,,,unknown,,unknown,,unknown,unknown,unknown,unknown,unknown,https://www.linkedin.com/company/computervision/,https://www.linkedin.com/company/computervision/,110840,,Computer Vision,unknown,unknown,unknown,unknown,unknown,unknown,unknown,unknown,unknown,enterprise,unknown,unknown,unknown,unknown,unknown,unknown,unknown,AI-native unknown,unknown,unknown,direct,Direct website-led GTM into enterprise users for unknown.,unknown,110840,unknown,unknown,unknown,unknown,2026-04-17,unknown,AI / machine learning,unknown,"Could use Brooksie to clarify vague spatial questions, automate research, and generate maps, insights, and reports faster.",unknown
Convey Computer Corporation,,,unknown,,unknown,,unknown,unknown,unknown,unknown,unknown,unknown,,,,Convey Computer Corporation,unknown,unknown,unknown,unknown,unknown,unknown,unknown,unknown,unknown,enterprise,unknown,unknown,unknown,unknown,unknown,unknown,unknown,unknown,unknown,unknown,direct,Direct website-led GTM into enterprise users for unknown.,unknown,unknown,unknown,unknown,unknown,unknown,2026-04-17,unknown,unknown,unknown,"Could use Brooksie to clarify vague spatial questions, automate research, and generate maps, insights, and reports faster.",unknown
Coord Technologies,,India,unknown,,unknown,,unknown,unknown,unknown,unknown,unknown,unknown,,,,Coord Technologies,India,unknown,unknown,unknown,unknown,unknown,unknown,unknown,unknown,enterprise,unknown,unknown,unknown,unknown,unknown,unknown,unknown,unknown,unknown,unknown,direct,Direct website-led GTM into enterprise users for unknown.,unknown,unknown,unknown,unknown,unknown,unknown,2026-04-17,unknown,unknown,unknown,"Could use Brooksie to clarify vague spatial questions, automate research, and generate maps, insights, and reports faster.",unknown
Coverage Statistics,,Canada,unknown,geospatial / remote sensing,Coverage Statistics geospatial / remote sensing Places Summary Statistics Welcome to SafeGraph’s Places Summary Statistics,Location data and geocoding API,yes,yes,unknown,unknown,unknown,https://www.safegraph.com/guides/geospatial-data-providers/ | https://docs.safegraph.com/docs/about-safegraph | https://www.safegraph.com/blog/,,,,Coverage Statistics,Canada,unknown,unknown,active,Location data and geocoding API,location data API,map creation; geospatial analysis; data visualization; geocoding; site selection,AEC / infrastructure; energy / utilities; environmental services; logistics / mobility; real estate,API; SaaS; services,consumer; enterprise,GIS analyst; planner; developer; remote sensing analyst; data analyst,Global,unknown,subscription,unknown,unknown,SaaS subscriptions,AI-native location data API,Mapbox; Foursquare; Geocode.XYZ; Placekey,Esri,partner-led,Partner-oriented GTM into consumer; enterprise accounts for location data API.,unknown,unknown,unknown,unknown,unknown,SafeGraph Blogs: Insights on POI & Location Data,2026-04-17,GIS data; location / POI data; API integrations,AI / machine learning; API-first,"Direct or partial competitor on geospatial analysis workflows, map outputs, and cross-source insight delivery.",Could use Brooksie internally to turn ad hoc geospatial questions into repeatable analysis workflows and reports.,"Brooksie could use this as a data source, imagery supplier, or API integration inside geospatial workflows."
Cutting Edge,,,unknown,,unknown,,unknown,unknown,unknown,unknown,unknown,unknown,,,,Cutting Edge,unknown,unknown,unknown,unknown,unknown,unknown,unknown,unknown,unknown,enterprise,unknown,unknown,unknown,unknown,unknown,unknown,unknown,unknown,unknown,unknown,direct,Direct website-led GTM into enterprise users for unknown.,unknown,unknown,unknown,unknown,unknown,unknown,2026-04-17,unknown,unknown,unknown,"Could use Brooksie to clarify vague spatial questions, automate research, and generate maps, insights, and reports faster.",unknown
CyberMaryland,,,unknown,,unknown,,unknown,unknown,unknown,unknown,unknown,unknown,,,,CyberMaryland,unknown,unknown,unknown,unknown,unknown,unknown,unknown,unknown,unknown,enterprise,unknown,unknown,unknown,unknown,unknown,unknown,unknown,unknown,unknown,unknown,direct,Direct website-led GTM into enterprise users for unknown.,unknown,unknown,unknown,unknown,unknown,unknown,2026-04-17,unknown,unknown,unknown,"Could use Brooksie to clarify vague spatial questions, automate research, and generate maps, insights, and reports faster.",unknown
Dale Technologies Pvt Ltd,,India,unknown,,unknown,,unknown,unknown,unknown,unknown,unknown,unknown,,,,Dale Technologies Pvt Ltd,India,unknown,unknown,unknown,unknown,unknown,unknown,unknown,unknown,enterprise,unknown,unknown,unknown,unknown,unknown,unknown,unknown,unknown,unknown,unknown,direct,Direct website-led GTM into enterprise users for unknown.,unknown,unknown,unknown,unknown,unknown,unknown,2026-04-17,unknown,unknown,unknown,"Could use Brooksie to clarify vague spatial questions, automate research, and generate maps, insights, and reports faster.",unknown
DarwinAI,,,unknown,,unknown,,unknown,unknown,unknown,unknown,unknown,unknown,,,,DarwinAI,unknown,unknown,unknown,unknown,unknown,unknown,unknown,unknown,unknown,enterprise,unknown,unknown,unknown,unknown,unknown,unknown,unknown,unknown,unknown,unknown,direct,Direct website-led GTM into enterprise users for unknown.,unknown,unknown,unknown,unknown,unknown,unknown,2026-04-17,unknown,unknown,unknown,"Could use Brooksie to clarify vague spatial questions, automate research, and generate maps, insights, and reports faster.",unknown
Data Analysis,,,unknown,,unknown,,unknown,unknown,unknown,unknown,unknown,unknown,,3571411,,Data Analysis,unknown,unknown,unknown,unknown,unknown,unknown,unknown,unknown,unknown,enterprise,unknown,unknown,unknown,unknown,unknown,unknown,unknown,unknown,unknown,unknown,direct,Direct website-led GTM into enterprise users for unknown.,unknown,3571411,unknown,unknown,unknown,unknown,2026-04-17,unknown,unknown,unknown,"Could use Brooksie to clarify vague spatial questions, automate research, and generate maps, insights, and reports faster.",unknown
DataFission Inc.,,,unknown,,unknown,,unknown,unknown,unknown,unknown,unknown,unknown,,,,DataFission Inc.,unknown,unknown,unknown,unknown,unknown,unknown,unknown,unknown,unknown,enterprise,unknown,unknown,unknown,unknown,unknown,unknown,unknown,unknown,unknown,unknown,direct,Direct website-led GTM into enterprise users for unknown.,unknown,unknown,unknown,unknown,unknown,unknown,2026-04-17,unknown,unknown,unknown,"Could use Brooksie to clarify vague spatial questions, automate research, and generate maps, insights, and reports faster.",unknown
Dataguise Inc.,,,unknown,,unknown,,unknown,unknown,unknown,unknown,unknown,unknown,,,,Dataguise Inc.,unknown,unknown,unknown,unknown,unknown,unknown,unknown,unknown,unknown,enterprise,unknown,unknown,unknown,unknown,unknown,unknown,unknown,unknown,unknown,unknown,direct,Direct website-led GTM into enterprise users for unknown.,unknown,unknown,unknown,unknown,unknown,unknown,2026-04-17,unknown,unknown,unknown,"Could use Brooksie to clarify vague spatial questions, automate research, and generate maps, insights, and reports faster.",unknown
Datawatch,,,unknown,,unknown,,unknown,unknown,unknown,unknown,unknown,unknown,,,,Datawatch,unknown,unknown,unknown,unknown,unknown,unknown,unknown,unknown,unknown,enterprise,unknown,unknown,unknown,unknown,unknown,unknown,unknown,unknown,unknown,unknown,direct,Direct website-led GTM into enterprise users for unknown.,unknown,unknown,unknown,unknown,unknown,unknown,2026-04-17,unknown,unknown,unknown,"Could use Brooksie to clarify vague spatial questions, automate research, and generate maps, insights, and reports faster.",unknown
DCGS-A Enabled Common Ground Station,,,unknown,,unknown,,unknown,unknown,unknown,unknown,unknown,unknown,,,,DCGS-A Enabled Common Ground Station,unknown,unknown,unknown,unknown,unknown,unknown,unknown,unknown,unknown,enterprise,unknown,unknown,unknown,unknown,unknown,unknown,unknown,unknown,unknown,unknown,direct,Direct website-led GTM into enterprise users for unknown.,unknown,unknown,unknown,unknown,unknown,unknown,2026-04-17,unknown,unknown,unknown,"Could use Brooksie to clarify vague spatial questions, automate research, and generate maps, insights, and reports faster.",unknown
Defense Systems (1105 Government Information Group),,,unknown,,unknown,,unknown,unknown,unknown,unknown,unknown,unknown,,,,Defense Systems (1105 Government Information Group),unknown,unknown,unknown,unknown,unknown,unknown,unknown,government; defense / intelligence,unknown,government,unknown,unknown,unknown,unknown,unknown,unknown,unknown,unknown,unknown,unknown,direct,Direct website-led GTM into government users for unknown.,unknown,unknown,unknown,unknown,unknown,unknown,2026-04-17,unknown,unknown,unknown,"Could use Brooksie to clarify vague spatial questions, automate research, and generate maps, insights, and reports faster.",unknown
DigiLine Geomatrics,,India,unknown,,unknown,,unknown,unknown,unknown,unknown,unknown,unknown,,,,DigiLine Geomatrics,India,unknown,unknown,unknown,unknown,unknown,unknown,unknown,unknown,enterprise,unknown,unknown,unknown,unknown,unknown,unknown,unknown,unknown,unknown,unknown,direct,Direct website-led GTM into enterprise users for unknown.,unknown,unknown,unknown,unknown,unknown,unknown,2026-04-17,unknown,unknown,unknown,"Could use Brooksie to clarify vague spatial questions, automate research, and generate maps, insights, and reports faster.",unknown
DMZ,,,unknown,,unknown,,unknown,unknown,unknown,unknown,unknown,unknown,,30624,,DMZ,unknown,unknown,unknown,unknown,unknown,unknown,unknown,unknown,unknown,enterprise,unknown,unknown,unknown,unknown,unknown,unknown,unknown,unknown,unknown,unknown,direct,Direct website-led GTM into enterprise users for unknown.,unknown,30624,unknown,unknown,unknown,unknown,2026-04-17,unknown,unknown,unknown,"Could use Brooksie to clarify vague spatial questions, automate research, and generate maps, insights, and reports faster.",unknown
EcoSpatial,,,unknown,,unknown,,yes,unknown,unknown,unknown,unknown,https://www.linkedin.com/company/ecospatial/,https://www.linkedin.com/company/ecospatial/,1570,,EcoSpatial,unknown,unknown,unknown,unknown,unknown,unknown,unknown,unknown,unknown,enterprise,unknown,unknown,unknown,unknown,unknown,unknown,unknown,unknown,unknown,unknown,direct,Direct website-led GTM into enterprise users for unknown.,unknown,1570,unknown,unknown,unknown,unknown,2026-04-17,unknown,unknown,unknown,"Could use Brooksie to clarify vague spatial questions, automate research, and generate maps, insights, and reports faster.",unknown
ECS Technologies,,,unknown,,unknown,,unknown,unknown,unknown,unknown,unknown,unknown,,,,ECS Technologies,unknown,unknown,unknown,unknown,unknown,unknown,unknown,unknown,unknown,enterprise,unknown,unknown,unknown,unknown,unknown,unknown,unknown,unknown,unknown,unknown,direct,Direct website-led GTM into enterprise users for unknown.,unknown,unknown,unknown,unknown,unknown,unknown,2026-04-17,unknown,unknown,unknown,"Could use Brooksie to clarify vague spatial questions, automate research, and generate maps, insights, and reports faster.",unknown
Edgepro For Information Systems,,,unknown,earth observation / Planet partner,Partner brand listed in the Planet partner directory.,"Earth observation, geospatial analytics, or satellite data services",yes,yes,unknown,unknown,yes,https://partner.planet.com/directory/s/list | https://partner.planet.com/directory/s/accountbrand/0TUHp00000008P1OAI/edgepro-for-information-systems,,,,Edgepro For Information Systems,unknown,unknown,unknown,unknown,"Earth observation, geospatial analytics, or satellite data services",earth observation analytics,geospatial analysis; satellite imagery analysis,unknown,services,enterprise,remote sensing analyst; data analyst,unknown,unknown,services,unknown,unknown,Services and project fees,earth observation analytics,Planet; Picterra; Brooksie AI; UP42,Planet,partner-led,Partner-oriented GTM into enterprise accounts for earth observation analytics.,unknown,unknown,unknown,unknown,unknown,unknown,2026-04-17,satellite imagery,unknown,"Direct or partial competitor on geospatial analysis workflows, map outputs, and cross-source insight delivery.",Could use Brooksie internally to turn ad hoc geospatial questions into repeatable analysis workflows and reports.,"Brooksie could use this as a data source, imagery supplier, or API integration inside geospatial workflows."
EFAS Technologies Inc.,,United States,Newport Beach,GIS / Esri partner,"At EFAS, we’ve developed GAILL (Global AI Leak Locator), an AI-powered tool that helps water utilities detect anomalies without invasive measures, saving time, money, and...","Data Conversion/Migration, GIS Strategy and Planning, System Integration, Training Services",yes,unknown,unknown,unknown,unknown,https://www.esri.com/en-us/about/partners/find-partner | https://www.esri.com/partners/efas-technologies-in-a2T5x000007pK0OEAU,,,,EFAS Technologies Inc.,United States,Newport Beach,unknown,unknown,"Data Conversion/Migration, GIS Strategy and Planning, System Integration, Training Services",GIS / mapping platform,unknown,energy / utilities,SaaS; services,enterprise,GIS analyst; planner,Global,unknown,services,unknown,unknown,Services and project fees,AI-native GIS / mapping platform,Esri; Mapbox; CARTO; Felt; Atlas.co,Esri,partner-led,Partner-oriented GTM into enterprise accounts for GIS / mapping platform.,unknown,unknown,unknown,unknown,unknown,unknown,2026-04-17,GIS data; API integrations,AI / machine learning,"Direct or partial competitor on geospatial analysis workflows, map outputs, and cross-source insight delivery.","Could use Brooksie to clarify vague spatial questions, automate research, and generate maps, insights, and reports faster.","Brooksie could use this for map rendering, visualization, geospatial UI components, or workflow integrations."
Elmer Software,,India,unknown,,unknown,,unknown,unknown,unknown,unknown,unknown,unknown,,,,Elmer Software,India,unknown,unknown,unknown,unknown,unknown,unknown,unknown,SaaS,enterprise,unknown,unknown,unknown,unknown,unknown,unknown,unknown,unknown,unknown,unknown,direct,Direct website-led GTM into enterprise users for unknown.,unknown,unknown,unknown,unknown,unknown,unknown,2026-04-17,unknown,unknown,unknown,"Could use Brooksie to clarify vague spatial questions, automate research, and generate maps, insights, and reports faster.",unknown
Emirati Society of GIS and Remote Sensing,,,unknown,earth observation / remote sensing company,earth observation analytics,"GIS, remote sensing",yes,yes,unknown,unknown,yes,unknown,,2191,,Emirati Society of GIS and Remote Sensing,unknown,unknown,unknown,unknown,"GIS, remote sensing",earth observation analytics,satellite imagery analysis,unknown,unknown,enterprise,GIS analyst; remote sensing analyst,unknown,unknown,unknown,unknown,unknown,unknown,earth observation analytics,Planet; Picterra; Brooksie AI; UP42,unknown,direct,Direct website-led GTM into enterprise users for earth observation analytics.,unknown,2191,unknown,unknown,unknown,unknown,2026-04-17,GIS data; satellite imagery,unknown,"Direct or partial competitor on geospatial analysis workflows, map outputs, and cross-source insight delivery.",Could use Brooksie internally to turn ad hoc geospatial questions into repeatable analysis workflows and reports.,"Brooksie could use this as a data source, imagery supplier, or API integration inside geospatial workflows."
Emis,,,unknown,earth observation / Planet partner,Partner brand listed in the Planet partner directory.,"Earth observation, geospatial analytics, or satellite data services",yes,yes,unknown,unknown,yes,https://partner.planet.com/directory/s/list | https://partner.planet.com/directory/s/accountbrand/0TUHp0000008n8DOAQ/emis,,,,Emis,unknown,unknown,unknown,unknown,"Earth observation, geospatial analytics, or satellite data services",earth observation analytics,geospatial analysis; satellite imagery analysis,unknown,services,enterprise,remote sensing analyst; data analyst,unknown,unknown,services,unknown,unknown,Services and project fees,earth observation analytics,Planet; Picterra; Brooksie AI; UP42,Planet,partner-led,Partner-oriented GTM into enterprise accounts for earth observation analytics.,unknown,unknown,unknown,unknown,unknown,unknown,2026-04-17,satellite imagery,unknown,"Direct or partial competitor on geospatial analysis workflows, map outputs, and cross-source insight delivery.",Could use Brooksie internally to turn ad hoc geospatial questions into repeatable analysis workflows and reports.,"Brooksie could use this as a data source, imagery supplier, or API integration inside geospatial workflows."
Energy and Buildings,,,unknown,,unknown,,unknown,unknown,unknown,unknown,unknown,https://www.linkedin.com/company/energy-and-buildings/,https://www.linkedin.com/company/energy-and-buildings/,6454,,Energy and Buildings,unknown,unknown,unknown,unknown,unknown,unknown,unknown,energy / utilities,unknown,enterprise,unknown,unknown,unknown,unknown,unknown,unknown,unknown,unknown,unknown,unknown,direct,Direct website-led GTM into enterprise users for unknown.,unknown,6454,unknown,unknown,unknown,unknown,2026-04-17,unknown,unknown,unknown,"Could use Brooksie to clarify vague spatial questions, automate research, and generate maps, insights, and reports faster.",unknown
Energy & Power | Reports and Data,,,unknown,,unknown,,unknown,unknown,unknown,unknown,unknown,unknown,,333,,Energy & Power | Reports and Data,unknown,unknown,unknown,unknown,unknown,unknown,reporting,energy / utilities,unknown,enterprise,unknown,unknown,unknown,unknown,unknown,unknown,unknown,unknown,unknown,unknown,direct,Direct website-led GTM into enterprise users for unknown.,unknown,333,unknown,unknown,unknown,unknown,2026-04-17,unknown,unknown,unknown,"Could use Brooksie to clarify vague spatial questions, automate research, and generate maps, insights, and reports faster.",unknown
Enterprise Data Base,,,unknown,,unknown,,unknown,unknown,unknown,unknown,unknown,unknown,,,,Enterprise Data Base,unknown,unknown,unknown,unknown,unknown,unknown,unknown,unknown,unknown,enterprise,unknown,unknown,unknown,unknown,unknown,unknown,unknown,unknown,unknown,unknown,direct,Direct website-led GTM into enterprise users for unknown.,unknown,unknown,unknown,unknown,unknown,unknown,2026-04-17,unknown,unknown,unknown,"Could use Brooksie to clarify vague spatial questions, automate research, and generate maps, insights, and reports faster.",unknown
Ento,,,unknown,,unknown,,unknown,unknown,unknown,unknown,unknown,unknown,,4532,,Ento,unknown,unknown,unknown,unknown,unknown,unknown,unknown,unknown,unknown,enterprise,unknown,unknown,unknown,unknown,unknown,unknown,unknown,unknown,unknown,unknown,direct,Direct website-led GTM into enterprise users for unknown.,unknown,4532,unknown,unknown,unknown,unknown,2026-04-17,unknown,unknown,unknown,"Could use Brooksie to clarify vague spatial questions, automate research, and generate maps, insights, and reports faster.",unknown
Enviro Land Services Sdn Bhd,,,unknown,earth observation / Planet partner,Partner brand listed in the Planet partner directory.,"Earth observation, geospatial analytics, or satellite data services",yes,yes,unknown,unknown,yes,https://partner.planet.com/directory/s/list | https://partner.planet.com/directory/s/accountbrand/0TUHp0000000A4cOAE/enviro-land-services-sdn-bhd,,,,Enviro Land Services Sdn Bhd,unknown,unknown,unknown,unknown,"Earth observation, geospatial analytics, or satellite data services",earth observation analytics,geospatial analysis; satellite imagery analysis,unknown,services,enterprise,remote sensing analyst; data analyst,unknown,unknown,services,unknown,unknown,Services and project fees,earth observation analytics,Planet; Picterra; Brooksie AI; UP42,Planet,partner-led,Partner-oriented GTM into enterprise accounts for earth observation analytics.,unknown,unknown,unknown,unknown,unknown,unknown,2026-04-17,satellite imagery,unknown,"Direct or partial competitor on geospatial analysis workflows, map outputs, and cross-source insight delivery.",Could use Brooksie internally to turn ad hoc geospatial questions into repeatable analysis workflows and reports.,"Brooksie could use this as a data source, imagery supplier, or API integration inside geospatial workflows."
Eospatial,,,unknown,earth observation / Planet partner,Partner brand listed in the Planet partner directory.,"Earth observation, geospatial analytics, or satellite data services",yes,yes,unknown,unknown,yes,https://partner.planet.com/directory/s/list | https://partner.planet.com/directory/s/accountbrand/0TUHp00000008P5OAI/eospatial,,,,Eospatial,unknown,unknown,unknown,unknown,"Earth observation, geospatial analytics, or satellite data services",earth observation analytics,geospatial analysis; satellite imagery analysis,unknown,services,enterprise,remote sensing analyst; data analyst,unknown,unknown,services,unknown,unknown,Services and project fees,earth observation analytics,Planet; Picterra; Brooksie AI; UP42,Planet,partner-led,Partner-oriented GTM into enterprise accounts for earth observation analytics.,unknown,unknown,unknown,unknown,unknown,unknown,2026-04-17,satellite imagery,unknown,"Direct or partial competitor on geospatial analysis workflows, map outputs, and cross-source insight delivery.",Could use Brooksie internally to turn ad hoc geospatial questions into repeatable analysis workflows and reports.,"Brooksie could use this as a data source, imagery supplier, or API integration inside geospatial workflows."
Ergo,,,unknown,,unknown,,unknown,unknown,unknown,unknown,unknown,unknown,,,,Ergo,unknown,unknown,unknown,unknown,unknown,unknown,unknown,unknown,unknown,enterprise,unknown,unknown,unknown,unknown,unknown,unknown,unknown,unknown,unknown,unknown,direct,Direct website-led GTM into enterprise users for unknown.,unknown,unknown,unknown,unknown,unknown,unknown,2026-04-17,unknown,unknown,unknown,"Could use Brooksie to clarify vague spatial questions, automate research, and generate maps, insights, and reports faster.",unknown
Es2,,,unknown,,unknown,,unknown,unknown,unknown,unknown,unknown,unknown,,788,,Es2,unknown,unknown,unknown,unknown,unknown,unknown,unknown,unknown,unknown,enterprise,unknown,unknown,unknown,unknown,unknown,unknown,unknown,unknown,unknown,unknown,direct,Direct website-led GTM into enterprise users for unknown.,unknown,788,unknown,unknown,unknown,unknown,2026-04-17,unknown,unknown,unknown,"Could use Brooksie to clarify vague spatial questions, automate research, and generate maps, insights, and reports faster.",unknown
ESR Geoinformatics,,India,unknown,,unknown,,unknown,unknown,unknown,unknown,unknown,unknown,,,,ESR Geoinformatics,India,unknown,unknown,unknown,unknown,unknown,unknown,unknown,unknown,enterprise,unknown,unknown,unknown,unknown,unknown,unknown,unknown,unknown,unknown,unknown,direct,Direct website-led GTM into enterprise users for unknown.,unknown,unknown,unknown,unknown,unknown,unknown,2026-04-17,unknown,unknown,unknown,"Could use Brooksie to clarify vague spatial questions, automate research, and generate maps, insights, and reports faster.",unknown
"ESVA, an IBM Business Partner",,,unknown,,unknown,,unknown,unknown,unknown,unknown,unknown,unknown,,,,"ESVA, an IBM Business Partner",unknown,unknown,unknown,unknown,unknown,unknown,unknown,unknown,unknown,enterprise,unknown,unknown,unknown,unknown,unknown,unknown,unknown,unknown,unknown,Partner ecosystem,partner-led,Partner-oriented GTM into enterprise accounts for unknown.,unknown,unknown,unknown,unknown,unknown,unknown,2026-04-17,unknown,unknown,unknown,"Could use Brooksie to clarify vague spatial questions, automate research, and generate maps, insights, and reports faster.",unknown
ETA+,,,unknown,,unknown,,unknown,unknown,unknown,unknown,unknown,unknown,,535,,ETA+,unknown,unknown,unknown,unknown,unknown,unknown,unknown,unknown,unknown,enterprise,unknown,unknown,unknown,unknown,unknown,unknown,unknown,unknown,unknown,unknown,direct,Direct website-led GTM into enterprise users for unknown.,unknown,535,unknown,unknown,unknown,unknown,2026-04-17,unknown,unknown,unknown,"Could use Brooksie to clarify vague spatial questions, automate research, and generate maps, insights, and reports faster.",unknown
Eurotelecom LLC,,Ukraine,Kiev,GIS / Esri partner,Smart solutions for complex cross-industry projects,"Business Case Development, Data Model & Database Design, GIS Strategy and Planning, Implementation, System Architecture and Design, System Integration",yes,unknown,unknown,unknown,unknown,https://www.esri.com/en-us/about/partners/find-partner | https://www.esri.com/partners/eurotelecom-llc-a2T39000001J0MhEAK,,,,Eurotelecom LLC,Ukraine,Kiev,unknown,unknown,"Business Case Development, Data Model & Database Design, GIS Strategy and Planning, Implementation, System Architecture and Design, System...",GIS / mapping platform,unknown,AEC / infrastructure; telecom,SaaS; services,enterprise,GIS analyst; planner,unknown,unknown,services,unknown,unknown,Services and project fees,GIS / mapping platform,Esri; Mapbox; CARTO; Felt; Atlas.co,Esri,partner-led,Partner-oriented GTM into enterprise accounts for GIS / mapping platform.,unknown,unknown,unknown,unknown,unknown,unknown,2026-04-17,GIS data; API integrations,unknown,"Direct or partial competitor on geospatial analysis workflows, map outputs, and cross-source insight delivery.","Could use Brooksie to clarify vague spatial questions, automate research, and generate maps, insights, and reports faster.","Brooksie could use this for map rendering, visualization, geospatial UI components, or workflow integrations."
EVE,,,unknown,,unknown,,unknown,unknown,unknown,unknown,unknown,https://www.linkedin.com/company/eve/,https://www.linkedin.com/company/eve/,793,,EVE,unknown,unknown,unknown,unknown,unknown,unknown,unknown,unknown,unknown,enterprise,unknown,unknown,unknown,unknown,unknown,unknown,unknown,unknown,unknown,unknown,direct,Direct website-led GTM into enterprise users for unknown.,unknown,793,unknown,unknown,unknown,unknown,2026-04-17,unknown,unknown,unknown,"Could use Brooksie to clarify vague spatial questions, automate research, and generate maps, insights, and reports faster.",unknown
Eye In The Sky Technologies,,,unknown,earth observation / Planet partner,Partner brand listed in the Planet partner directory.,"Earth observation, geospatial analytics, or satellite data services",yes,yes,unknown,unknown,yes,https://partner.planet.com/directory/s/list | https://partner.planet.com/directory/s/accountbrand/0TUHp0000000A4nOAE/eye-in-the-sky-technologies,,,,Eye In The Sky Technologies,unknown,unknown,unknown,unknown,"Earth observation, geospatial analytics, or satellite data services",earth observation analytics,geospatial analysis; satellite imagery analysis,unknown,services,enterprise,remote sensing analyst; data analyst,unknown,unknown,services,unknown,unknown,Services and project fees,earth observation analytics,Planet; Picterra; Brooksie AI; UP42,Planet,partner-led,Partner-oriented GTM into enterprise accounts for earth observation analytics.,unknown,unknown,unknown,unknown,unknown,unknown,2026-04-17,satellite imagery,unknown,"Direct or partial competitor on geospatial analysis workflows, map outputs, and cross-source insight delivery.",Could use Brooksie internally to turn ad hoc geospatial questions into repeatable analysis workflows and reports.,"Brooksie could use this as a data source, imagery supplier, or API integration inside geospatial workflows."
FAQs,,Canada,unknown,geospatial / remote sensing,FAQs geospatial / remote sensing FAQs Get quick answers to Frequently Asked Questions (FAQs) for how to use SafeGraph’s Places solution,Location data and geocoding API,yes,yes,unknown,unknown,unknown,https://www.safegraph.com/guides/geospatial-data-providers/ | https://docs.safegraph.com/docs/about-safegraph | https://www.safegraph.com/blog/,,,,FAQs,Canada,unknown,unknown,active,Location data and geocoding API,location data API,map creation; geospatial analysis; data visualization; geocoding; site selection,government; AEC / infrastructure; energy / utilities; environmental services; logistics / mobility,API; SaaS; services,consumer; government; enterprise,GIS analyst; planner; developer; remote sensing analyst; data analyst,Global,unknown,subscription,unknown,unknown,SaaS subscriptions,AI-native location data API,Mapbox; Foursquare; Geocode.XYZ; Placekey,Esri,open source + paid,Developer-led adoption with open-source distribution and paid/commercial upsell.,unknown,unknown,unknown,unknown,unknown,SafeGraph Blogs: Insights on POI & Location Data,2026-04-17,GIS data; location / POI data; API integrations,AI / machine learning; API-first,"Direct or partial competitor on geospatial analysis workflows, map outputs, and cross-source insight delivery.",Could use Brooksie internally to turn ad hoc geospatial questions into repeatable analysis workflows and reports.,"Brooksie could use this as a data source, imagery supplier, or API integration inside geospatial workflows."
Fast Forward Technologies (FFT),,India,unknown,,unknown,,unknown,unknown,unknown,unknown,unknown,unknown,,,,Fast Forward Technologies (FFT),India,unknown,unknown,unknown,unknown,unknown,unknown,unknown,unknown,enterprise,unknown,unknown,unknown,unknown,unknown,unknown,unknown,unknown,unknown,unknown,direct,Direct website-led GTM into enterprise users for unknown.,unknown,unknown,unknown,unknown,unknown,unknown,2026-04-17,unknown,unknown,unknown,"Could use Brooksie to clarify vague spatial questions, automate research, and generate maps, insights, and reports faster.",unknown
Fire AI,,,unknown,,unknown,,unknown,unknown,unknown,unknown,unknown,https://www.linkedin.com/company/fire-ai/,https://www.linkedin.com/company/fire-ai/,287,,Fire AI,unknown,unknown,unknown,unknown,unknown,unknown,unknown,unknown,unknown,enterprise,unknown,unknown,unknown,unknown,unknown,unknown,unknown,AI-native unknown,unknown,unknown,direct,Direct website-led GTM into enterprise users for unknown.,unknown,287,unknown,unknown,unknown,unknown,2026-04-17,unknown,AI / machine learning,unknown,"Could use Brooksie to clarify vague spatial questions, automate research, and generate maps, insights, and reports faster.",unknown
First Mile Geo,,,unknown,,unknown,,unknown,unknown,unknown,unknown,unknown,unknown,,,,First Mile Geo,unknown,unknown,unknown,unknown,unknown,unknown,unknown,unknown,unknown,enterprise,unknown,unknown,unknown,unknown,unknown,unknown,unknown,unknown,unknown,unknown,direct,Direct website-led GTM into enterprise users for unknown.,unknown,unknown,unknown,unknown,unknown,unknown,2026-04-17,unknown,unknown,unknown,"Could use Brooksie to clarify vague spatial questions, automate research, and generate maps, insights, and reports faster.",unknown
FLEXINEL,,,unknown,,unknown,,unknown,unknown,unknown,unknown,unknown,https://www.linkedin.com/company/flexinel/,https://www.linkedin.com/company/flexinel/,268,,FLEXINEL,unknown,unknown,unknown,unknown,unknown,unknown,unknown,unknown,unknown,enterprise,unknown,unknown,unknown,unknown,unknown,unknown,unknown,unknown,unknown,unknown,direct,Direct website-led GTM into enterprise users for unknown.,unknown,268,unknown,unknown,unknown,unknown,2026-04-17,unknown,unknown,unknown,"Could use Brooksie to clarify vague spatial questions, automate research, and generate maps, insights, and reports faster.",unknown
FluxLab,,,unknown,,unknown,,unknown,unknown,unknown,unknown,unknown,unknown,,1575,,FluxLab,unknown,unknown,unknown,unknown,unknown,unknown,unknown,unknown,unknown,enterprise,unknown,unknown,unknown,unknown,unknown,unknown,unknown,unknown,unknown,unknown,direct,Direct website-led GTM into enterprise users for unknown.,unknown,1575,unknown,unknown,unknown,unknown,2026-04-17,unknown,unknown,unknown,"Could use Brooksie to clarify vague spatial questions, automate research, and generate maps, insights, and reports faster.",unknown
Forterra Systems,,,unknown,,unknown,,unknown,unknown,unknown,unknown,unknown,unknown,,,,Forterra Systems,unknown,unknown,unknown,unknown,unknown,unknown,unknown,unknown,unknown,enterprise,unknown,unknown,unknown,unknown,unknown,unknown,unknown,unknown,unknown,unknown,direct,Direct website-led GTM into enterprise users for unknown.,unknown,unknown,unknown,unknown,unknown,unknown,2026-04-17,unknown,unknown,unknown,"Could use Brooksie to clarify vague spatial questions, automate research, and generate maps, insights, and reports faster.",unknown
"Fox River Systems, Inc.",,,unknown,,"Fox River Systems, Inc","Fox River Systems, Inc",unknown,unknown,unknown,unknown,unknown,unknown,,58,,"Fox River Systems, Inc.",unknown,unknown,unknown,unknown,"Fox River Systems, Inc",unknown,unknown,unknown,unknown,enterprise,unknown,unknown,unknown,unknown,unknown,unknown,unknown,unknown,unknown,unknown,direct,Direct website-led GTM into enterprise users for unknown.,unknown,58,unknown,unknown,unknown,unknown,2026-04-17,unknown,unknown,unknown,"Could use Brooksie to clarify vague spatial questions, automate research, and generate maps, insights, and reports faster.",unknown
Front Point Consulting,,,unknown,data integration / FME partner,"Front Point Consulting is a leading GIS consultancy with a passion for geospatial technology. Powered by over 20 years experience with FME, we specialize in...",System Integrator,yes,unknown,unknown,unknown,unknown,https://fme.safe.com/partners/find-a-partner/ | https://fme.safe.com/partners/front-point-consulting/,,,,Front Point Consulting,unknown,unknown,unknown,unknown,System Integrator,consulting / integration services,unknown,government; energy / utilities,SaaS; services,government; enterprise,GIS analyst,unknown,unknown,services,unknown,unknown,Services and project fees,consulting / integration services,Esri partners; GIS consultancies; system integrators,Safe Software / FME,partner-led,Partner-oriented GTM into government; enterprise accounts for consulting / integration services.,unknown,unknown,unknown,unknown,unknown,unknown,2026-04-17,GIS data; location / POI data; API integrations,unknown,"Partial competitor in analysis delivery services, but not a direct AI-native platform substitute.","Could use Brooksie to accelerate proposal scoping, multi-source analysis, and client-ready maps and reports.","Brooksie could use this company as an implementation, data-collection, or channel partner."
FutureMap,,,unknown,,unknown,,yes,unknown,unknown,unknown,unknown,unknown,,3039,,FutureMap,unknown,unknown,unknown,unknown,unknown,unknown,unknown,unknown,unknown,enterprise,unknown,unknown,unknown,unknown,unknown,unknown,unknown,unknown,unknown,unknown,direct,Direct website-led GTM into enterprise users for unknown.,unknown,3039,unknown,unknown,unknown,unknown,2026-04-17,unknown,unknown,unknown,"Could use Brooksie to clarify vague spatial questions, automate research, and generate maps, insights, and reports faster.",unknown
GaiaData,,,unknown,,unknown,,unknown,unknown,unknown,unknown,unknown,unknown,,98,,GaiaData,unknown,unknown,unknown,unknown,unknown,unknown,unknown,unknown,unknown,enterprise,unknown,unknown,unknown,unknown,unknown,unknown,unknown,unknown,unknown,unknown,direct,Direct website-led GTM into enterprise users for unknown.,unknown,98,unknown,unknown,unknown,unknown,2026-04-17,unknown,unknown,unknown,"Could use Brooksie to clarify vague spatial questions, automate research, and generate maps, insights, and reports faster.",unknown
GBH Communications,,,unknown,,unknown,,unknown,unknown,unknown,unknown,unknown,unknown,,,,GBH Communications,unknown,unknown,unknown,unknown,unknown,unknown,unknown,unknown,unknown,enterprise,unknown,unknown,unknown,unknown,unknown,unknown,unknown,unknown,unknown,unknown,direct,Direct website-led GTM into enterprise users for unknown.,unknown,unknown,unknown,unknown,unknown,unknown,2026-04-17,unknown,unknown,unknown,"Could use Brooksie to clarify vague spatial questions, automate research, and generate maps, insights, and reports faster.",unknown
Gencontours,,India,unknown,,unknown,,unknown,unknown,unknown,unknown,unknown,unknown,,,,Gencontours,India,unknown,unknown,unknown,unknown,unknown,unknown,unknown,unknown,enterprise,unknown,unknown,unknown,unknown,unknown,unknown,unknown,unknown,unknown,unknown,direct,Direct website-led GTM into enterprise users for unknown.,unknown,unknown,unknown,unknown,unknown,unknown,2026-04-17,unknown,unknown,unknown,"Could use Brooksie to clarify vague spatial questions, automate research, and generate maps, insights, and reports faster.",unknown
Geo Data Solutions IT IS GIS Sàrl,,Switzerland,Bussigny,GIS / Esri partner,Your business workflow is the main goal to achieve. We use technology et GIS capabilities to create your new user experience in the field of...,"Application Development, Business Case Development, Data Conversion/Migration, Data Model & Database Design, GIS Strategy and Planning, Hosting Services, Implementation, Needs and Requirements, System Architecture and Design, System Integration, Training Services",yes,unknown,unknown,unknown,unknown,https://www.esri.com/en-us/about/partners/find-partner | https://www.esri.com/partners/geo-data-solutions-i-a2T5x000008DnMOEA0,,,,Geo Data Solutions IT IS GIS Sàrl,Switzerland,Bussigny,unknown,unknown,Geospatial consulting and integration services,consulting / integration services,unknown,AEC / infrastructure,services,enterprise,GIS analyst; planner,unknown,unknown,services,unknown,unknown,Services and project fees,consulting / integration services,Esri partners; GIS consultancies; system integrators,Esri,partner-led,Partner-oriented GTM into enterprise accounts for consulting / integration services.,unknown,unknown,unknown,unknown,unknown,unknown,2026-04-17,GIS data; API integrations,unknown,"Partial competitor in analysis delivery services, but not a direct AI-native platform substitute.","Could use Brooksie to accelerate proposal scoping, multi-source analysis, and client-ready maps and reports.","Brooksie could use this company as an implementation, data-collection, or channel partner."
Geo Infosoft,,India,unknown,,unknown,,unknown,unknown,unknown,unknown,unknown,unknown,,,,Geo Infosoft,India,unknown,unknown,unknown,unknown,unknown,unknown,unknown,unknown,enterprise,unknown,unknown,unknown,unknown,unknown,unknown,unknown,unknown,unknown,unknown,direct,Direct website-led GTM into enterprise users for unknown.,unknown,unknown,unknown,unknown,unknown,unknown,2026-04-17,unknown,unknown,unknown,"Could use Brooksie to clarify vague spatial questions, automate research, and generate maps, insights, and reports faster.",unknown
Geo InfoSpace Pvt. Ltd.,,India,unknown,,Geo InfoSpace Pvt. Ltd,Geo InfoSpace Pvt. Ltd,unknown,unknown,unknown,unknown,unknown,unknown,,,,Geo InfoSpace Pvt. Ltd.,India,unknown,unknown,unknown,Geo InfoSpace Pvt. Ltd,unknown,unknown,unknown,unknown,enterprise,unknown,unknown,unknown,unknown,unknown,unknown,unknown,unknown,unknown,unknown,direct,Direct website-led GTM into enterprise users for unknown.,unknown,unknown,unknown,unknown,unknown,unknown,2026-04-17,unknown,unknown,unknown,"Could use Brooksie to clarify vague spatial questions, automate research, and generate maps, insights, and reports faster.",unknown
Geo Mapping Solutions,,India,unknown,geospatial company,geospatial company,mapping,yes,unknown,unknown,unknown,unknown,unknown,,,,Geo Mapping Solutions,India,unknown,unknown,unknown,mapping,geospatial company,unknown,unknown,unknown,enterprise,GIS analyst,unknown,unknown,unknown,unknown,unknown,unknown,geospatial company,unknown,unknown,direct,Direct website-led GTM into enterprise users for geospatial company.,unknown,unknown,unknown,unknown,unknown,unknown,2026-04-17,unknown,unknown,unknown,"Could use Brooksie to clarify vague spatial questions, automate research, and generate maps, insights, and reports faster.",unknown
Geo Oil Energy S.A.S,,Colombia,Bogotá D.C.,data integration / FME partner,"With over 14+ years of experience spanning diverse industries, Geo Oil Energy leads the way in introducing cutting-edge technology in Latin America by offering specialized...",VAR,yes,unknown,unknown,unknown,unknown,https://fme.safe.com/partners/find-a-partner/ | https://fme.safe.com/partners/ge-oil-energy-s-a-s/,,,,Geo Oil Energy S.A.S,Colombia,Bogotá D.C.,unknown,unknown,VAR,consulting / integration services,unknown,energy / utilities,SaaS; services,enterprise,GIS analyst,Latin America,unknown,services,unknown,unknown,Services and project fees,consulting / integration services,Esri partners; GIS consultancies; system integrators,Safe Software / FME,partner-led,Partner-oriented GTM into enterprise accounts for consulting / integration services.,unknown,unknown,unknown,unknown,unknown,unknown,2026-04-17,GIS data; API integrations,unknown,"Partial competitor in analysis delivery services, but not a direct AI-native platform substitute.","Could use Brooksie to accelerate proposal scoping, multi-source analysis, and client-ready maps and reports.","Brooksie could use this company as an implementation, data-collection, or channel partner."
Geo Vision Ltd,,Mauritius,Floreal,GIS / Esri partner,GIS / mapping platform,GIS and mapping platform,yes,unknown,unknown,unknown,unknown,https://www.esri.com/en-us/about/partners/find-partner | https://www.esri.com/partners/geo-vision-ltd-a2T70000000TNRcEAO,,,,Geo Vision Ltd,Mauritius,Floreal,unknown,unknown,GIS and mapping platform,GIS / mapping platform,unknown,unknown,SaaS,enterprise,GIS analyst,unknown,unknown,unknown,unknown,unknown,unknown,GIS / mapping platform,Esri; Mapbox; CARTO; Felt; Atlas.co,Esri,partner-led,Partner-oriented GTM into enterprise accounts for GIS / mapping platform.,unknown,unknown,unknown,unknown,unknown,unknown,2026-04-17,GIS data,unknown,"Direct or partial competitor on geospatial analysis workflows, map outputs, and cross-source insight delivery.","Could use Brooksie to clarify vague spatial questions, automate research, and generate maps, insights, and reports faster.","Brooksie could use this for map rendering, visualization, geospatial UI components, or workflow integrations."
GeoCube Technologies,,India,unknown,,unknown,,unknown,unknown,unknown,unknown,unknown,unknown,,,,GeoCube Technologies,India,unknown,unknown,unknown,unknown,unknown,unknown,unknown,unknown,enterprise,unknown,unknown,unknown,unknown,unknown,unknown,unknown,unknown,unknown,unknown,direct,Direct website-led GTM into enterprise users for unknown.,unknown,unknown,unknown,unknown,unknown,unknown,2026-04-17,unknown,unknown,unknown,"Could use Brooksie to clarify vague spatial questions, automate research, and generate maps, insights, and reports faster.",unknown
Geodata IT LLC,,,unknown,,unknown,,unknown,unknown,unknown,unknown,unknown,unknown,,,,Geodata IT LLC,unknown,unknown,unknown,unknown,unknown,unknown,unknown,unknown,unknown,enterprise,unknown,unknown,unknown,unknown,unknown,unknown,unknown,unknown,unknown,unknown,direct,Direct website-led GTM into enterprise users for unknown.,unknown,unknown,unknown,unknown,unknown,unknown,2026-04-17,unknown,unknown,unknown,"Could use Brooksie to clarify vague spatial questions, automate research, and generate maps, insights, and reports faster.",unknown
Geodeesia24,,,unknown,,unknown,,unknown,unknown,unknown,unknown,unknown,unknown,,369,,Geodeesia24,unknown,unknown,unknown,unknown,unknown,unknown,unknown,unknown,unknown,enterprise,unknown,unknown,unknown,unknown,unknown,unknown,unknown,unknown,unknown,unknown,direct,Direct website-led GTM into enterprise users for unknown.,unknown,369,unknown,unknown,unknown,unknown,2026-04-17,unknown,unknown,unknown,"Could use Brooksie to clarify vague spatial questions, automate research, and generate maps, insights, and reports faster.",unknown
Geodesic Dome Co.,,,unknown,,unknown,,unknown,unknown,unknown,unknown,unknown,unknown,,,,Geodesic Dome Co.,unknown,unknown,unknown,unknown,unknown,unknown,unknown,unknown,unknown,enterprise,unknown,unknown,unknown,unknown,unknown,unknown,unknown,unknown,unknown,unknown,direct,Direct website-led GTM into enterprise users for unknown.,unknown,unknown,unknown,unknown,unknown,unknown,2026-04-17,unknown,unknown,unknown,"Could use Brooksie to clarify vague spatial questions, automate research, and generate maps, insights, and reports faster.",unknown
Geodesy Technologies Pvt Ltd.,,India,unknown,,Geodesy Technologies Pvt Ltd,Geodesy Technologies Pvt Ltd,unknown,unknown,unknown,unknown,unknown,unknown,,,,Geodesy Technologies Pvt Ltd.,India,unknown,unknown,unknown,Geodesy Technologies Pvt Ltd,unknown,unknown,unknown,unknown,enterprise,unknown,unknown,unknown,unknown,unknown,unknown,unknown,unknown,unknown,unknown,direct,Direct website-led GTM into enterprise users for unknown.,unknown,unknown,unknown,unknown,unknown,unknown,2026-04-17,unknown,unknown,unknown,"Could use Brooksie to clarify vague spatial questions, automate research, and generate maps, insights, and reports faster.",unknown
Geodronz Inc,,United States,Lake Worth,GIS / Esri partner,Geodronz specializes in fusing the latest drone technologies within traditional GIS/Geospatial environments. This integration allows us to quickly provide our customers with the most up...,Drone mapping and aerial data platform,yes,unknown,yes,unknown,unknown,https://www.esri.com/en-us/about/partners/find-partner | https://www.esri.com/partners/geodronz-inc-a2T5x000006aehDEAQ,,,,Geodronz Inc,United States,Lake Worth,unknown,unknown,Drone mapping and aerial data platform,drone mapping platform,drone mapping,environmental services,SaaS,enterprise,GIS analyst; developer; drone operator,unknown,unknown,unknown,unknown,unknown,unknown,drone mapping platform,DroneDeploy; Pix4D; FlyPix AI,Esri,partner-led,Partner-oriented GTM into enterprise accounts for drone mapping platform.,unknown,unknown,unknown,unknown,unknown,unknown,2026-04-17,GIS data; drone imagery; API integrations,unknown,Indirect competitor at most; this is closer to an input or data layer than Brooksie's planning-and-execution workspace.,Could use Brooksie internally to turn ad hoc geospatial questions into repeatable analysis workflows and reports.,"Brooksie could use this as a data source, imagery supplier, or API integration inside geospatial workflows."
GeoFeedia,,,unknown,,unknown,,unknown,unknown,unknown,unknown,unknown,unknown,,,,GeoFeedia,unknown,unknown,unknown,unknown,unknown,unknown,unknown,unknown,unknown,enterprise,unknown,unknown,unknown,unknown,unknown,unknown,unknown,unknown,unknown,unknown,direct,Direct website-led GTM into enterprise users for unknown.,unknown,unknown,unknown,unknown,unknown,unknown,2026-04-17,unknown,unknown,unknown,"Could use Brooksie to clarify vague spatial questions, automate research, and generate maps, insights, and reports faster.",unknown
Geofocus Inc,,,unknown,earth observation / Planet partner,Partner brand listed in the Planet partner directory.,"Earth observation, geospatial analytics, or satellite data services",yes,yes,unknown,unknown,yes,https://partner.planet.com/directory/s/list | https://partner.planet.com/directory/s/accountbrand/0TUHp0000000A4oOAE/geofocus-inc,,,,Geofocus Inc,unknown,unknown,unknown,unknown,"Earth observation, geospatial analytics, or satellite data services",earth observation analytics,geospatial analysis; satellite imagery analysis,unknown,services,enterprise,remote sensing analyst; data analyst,unknown,unknown,services,unknown,unknown,Services and project fees,earth observation analytics,Planet; Picterra; Brooksie AI; UP42,Planet,partner-led,Partner-oriented GTM into enterprise accounts for earth observation analytics.,unknown,unknown,unknown,unknown,unknown,unknown,2026-04-17,satellite imagery,unknown,"Direct or partial competitor on geospatial analysis workflows, map outputs, and cross-source insight delivery.",Could use Brooksie internally to turn ad hoc geospatial questions into repeatable analysis workflows and reports.,"Brooksie could use this as a data source, imagery supplier, or API integration inside geospatial workflows."
"Geographic Enterprises, LLC",,,unknown,,unknown,,unknown,unknown,unknown,unknown,unknown,unknown,,,,"Geographic Enterprises, LLC",unknown,unknown,unknown,unknown,unknown,unknown,unknown,unknown,unknown,enterprise,unknown,unknown,unknown,unknown,unknown,unknown,unknown,unknown,unknown,unknown,direct,Direct website-led GTM into enterprise users for unknown.,unknown,unknown,unknown,unknown,unknown,unknown,2026-04-17,unknown,unknown,unknown,"Could use Brooksie to clarify vague spatial questions, automate research, and generate maps, insights, and reports faster.",unknown
GeoINT Cía. Ltda.,,Ecuador,unknown,data integration / FME partner,"Founded in 2006 in Quito, Ecuador, Geoint is a Geospatial Analytics and Innovation company. It has collaborated with over 35 major Ecuadorian and Colombian enterprises...",System Integrator,yes,unknown,unknown,unknown,yes,https://fme.safe.com/partners/find-a-partner/ | https://fme.safe.com/partners/geoint-cia-ltda/,,,,GeoINT Cía. Ltda.,Ecuador,unknown,2006,unknown,System Integrator,consulting / integration services,geospatial analysis,government; environmental services; defense / intelligence; mining,SaaS; services,government; enterprise,data analyst,unknown,unknown,services,unknown,unknown,Services and project fees,collaborative consulting / integration services,Esri partners; GIS consultancies; system integrators,Safe Software / FME,partner-led,Partner-oriented GTM into government; enterprise accounts for consulting / integration services.,unknown,unknown,unknown,unknown,unknown,unknown,2026-04-17,API integrations,unknown,"Direct or partial competitor on geospatial analysis workflows, map outputs, and cross-source insight delivery.","Could use Brooksie to accelerate proposal scoping, multi-source analysis, and client-ready maps and reports.","Brooksie could use this company as an implementation, data-collection, or channel partner."
Geoiq Imaging Ltd,,,unknown,earth observation / Planet partner,Partner brand listed in the Planet partner directory.,"Earth observation, geospatial analytics, or satellite data services",yes,yes,unknown,unknown,yes,https://partner.planet.com/directory/s/list | https://partner.planet.com/directory/s/accountbrand/0TUHp00000098GFOAY/geoiq-imaging-ltd,,,,Geoiq Imaging Ltd,unknown,unknown,unknown,unknown,"Earth observation, geospatial analytics, or satellite data services",earth observation analytics,geospatial analysis; satellite imagery analysis,unknown,services,enterprise,remote sensing analyst; data analyst,unknown,unknown,services,unknown,unknown,Services and project fees,earth observation analytics,Planet; Picterra; Brooksie AI; UP42,Planet,partner-led,Partner-oriented GTM into enterprise accounts for earth observation analytics.,unknown,unknown,unknown,unknown,unknown,unknown,2026-04-17,satellite imagery,unknown,"Direct or partial competitor on geospatial analysis workflows, map outputs, and cross-source insight delivery.",Could use Brooksie internally to turn ad hoc geospatial questions into repeatable analysis workflows and reports.,"Brooksie could use this as a data source, imagery supplier, or API integration inside geospatial workflows."
GeoLotus LLC,,,unknown,,unknown,,unknown,unknown,unknown,unknown,unknown,unknown,,,,GeoLotus LLC,unknown,unknown,unknown,unknown,unknown,unknown,unknown,unknown,unknown,enterprise,unknown,unknown,unknown,unknown,unknown,unknown,unknown,unknown,unknown,unknown,direct,Direct website-led GTM into enterprise users for unknown.,unknown,unknown,unknown,unknown,unknown,unknown,2026-04-17,unknown,unknown,unknown,"Could use Brooksie to clarify vague spatial questions, automate research, and generate maps, insights, and reports faster.",unknown
Geoluminous Co. Ltd | The GIS Girl,,,unknown,geospatial software / GIS,GIS / mapping platform,GIS,yes,unknown,unknown,unknown,unknown,unknown,,1108,,Geoluminous Co. Ltd | The GIS Girl,unknown,unknown,unknown,unknown,GIS,GIS / mapping platform,unknown,unknown,SaaS,enterprise,GIS analyst,unknown,unknown,unknown,unknown,unknown,unknown,GIS / mapping platform,Esri; Mapbox; CARTO; Felt; Atlas.co,unknown,direct,Direct website-led GTM into enterprise users for GIS / mapping platform.,unknown,1108,unknown,unknown,unknown,unknown,2026-04-17,GIS data,unknown,"Direct or partial competitor on geospatial analysis workflows, map outputs, and cross-source insight delivery.","Could use Brooksie to clarify vague spatial questions, automate research, and generate maps, insights, and reports faster.","Brooksie could use this for map rendering, visualization, geospatial UI components, or workflow integrations."
GeoMakers,,,unknown,,unknown,,unknown,unknown,unknown,unknown,unknown,unknown,,,,GeoMakers,unknown,unknown,unknown,unknown,unknown,unknown,unknown,unknown,unknown,enterprise,unknown,unknown,unknown,unknown,unknown,unknown,unknown,unknown,unknown,unknown,direct,Direct website-led GTM into enterprise users for unknown.,unknown,unknown,unknown,unknown,unknown,unknown,2026-04-17,unknown,unknown,unknown,"Could use Brooksie to clarify vague spatial questions, automate research, and generate maps, insights, and reports faster.",unknown
GeoMap Systems (P) Ltd.,,India,unknown,,GeoMap Systems (P) Ltd,GeoMap Systems (P) Ltd,yes,unknown,unknown,unknown,unknown,unknown,,,,GeoMap Systems (P) Ltd.,India,unknown,unknown,unknown,GeoMap Systems (P) Ltd,unknown,unknown,unknown,unknown,enterprise,unknown,unknown,unknown,unknown,unknown,unknown,unknown,unknown,unknown,unknown,direct,Direct website-led GTM into enterprise users for unknown.,unknown,unknown,unknown,unknown,unknown,unknown,2026-04-17,unknown,unknown,unknown,"Could use Brooksie to clarify vague spatial questions, automate research, and generate maps, insights, and reports faster.",unknown
Geomatics Journal,,,unknown,surveying services,surveying services,Surveying and geomatics services,unknown,unknown,unknown,unknown,unknown,https://www.linkedin.com/company/geomatics-journal/,https://www.linkedin.com/company/geomatics-journal/,177,,Geomatics Journal,unknown,unknown,unknown,unknown,Surveying and geomatics services,surveying services,surveying,unknown,services,enterprise,surveyor,unknown,unknown,services,unknown,unknown,Services and project fees,surveying services,Esri partners; surveying firms; drone mapping vendors,unknown,direct,Direct website-led GTM into enterprise users for surveying services.,unknown,177,unknown,unknown,unknown,unknown,2026-04-17,unknown,unknown,"Partial competitor in analysis delivery services, but not a direct AI-native platform substitute.","Could use Brooksie to accelerate proposal scoping, multi-source analysis, and client-ready maps and reports.","Brooksie could use this company as an implementation, data-collection, or channel partner."
Géomatique Conseil Développement Ingénierie,,,unknown,,unknown,,unknown,unknown,unknown,unknown,unknown,unknown,,3058,,Géomatique Conseil Développement Ingénierie,unknown,unknown,unknown,unknown,unknown,unknown,unknown,unknown,unknown,enterprise,unknown,unknown,unknown,unknown,unknown,unknown,unknown,unknown,unknown,unknown,direct,Direct website-led GTM into enterprise users for unknown.,unknown,3058,unknown,unknown,unknown,unknown,2026-04-17,unknown,unknown,unknown,"Could use Brooksie to clarify vague spatial questions, automate research, and generate maps, insights, and reports faster.",unknown
GEOMATRIX,,,unknown,,unknown,,unknown,unknown,unknown,unknown,unknown,unknown,,,,GEOMATRIX,unknown,unknown,unknown,unknown,unknown,unknown,unknown,unknown,unknown,enterprise,unknown,unknown,unknown,unknown,unknown,unknown,unknown,unknown,unknown,unknown,direct,Direct website-led GTM into enterprise users for unknown.,unknown,unknown,unknown,unknown,unknown,unknown,2026-04-17,unknown,unknown,unknown,"Could use Brooksie to clarify vague spatial questions, automate research, and generate maps, insights, and reports faster.",unknown
Geoorbis International Inc,,,unknown,earth observation / Planet partner,Partner brand listed in the Planet partner directory.,"Earth observation, geospatial analytics, or satellite data services",yes,yes,unknown,unknown,yes,https://partner.planet.com/directory/s/list | https://partner.planet.com/directory/s/accountbrand/0TUHp0000000A4wOAE/geoorbis-international-inc,,,,Geoorbis International Inc,unknown,unknown,unknown,unknown,"Earth observation, geospatial analytics, or satellite data services",earth observation analytics,geospatial analysis; satellite imagery analysis,unknown,services,enterprise,remote sensing analyst; data analyst,Global,unknown,services,unknown,unknown,Services and project fees,earth observation analytics,Planet; Picterra; Brooksie AI; UP42,Planet,partner-led,Partner-oriented GTM into enterprise accounts for earth observation analytics.,unknown,unknown,unknown,unknown,unknown,unknown,2026-04-17,satellite imagery,unknown,"Direct or partial competitor on geospatial analysis workflows, map outputs, and cross-source insight delivery.",Could use Brooksie internally to turn ad hoc geospatial questions into repeatable analysis workflows and reports.,"Brooksie could use this as a data source, imagery supplier, or API integration inside geospatial workflows."
GeoSocial Artificial Intelligence,,,unknown,,unknown,,unknown,unknown,unknown,unknown,unknown,unknown,,2346,,GeoSocial Artificial Intelligence,unknown,unknown,unknown,unknown,unknown,unknown,unknown,defense / intelligence,unknown,government,unknown,unknown,unknown,unknown,unknown,unknown,unknown,unknown,unknown,unknown,direct,Direct website-led GTM into government users for unknown.,unknown,2346,unknown,unknown,unknown,unknown,2026-04-17,unknown,AI / machine learning,unknown,"Could use Brooksie to clarify vague spatial questions, automate research, and generate maps, insights, and reports faster.",unknown
Geosolv,,,unknown,,unknown,,unknown,unknown,unknown,unknown,unknown,unknown,,311,,Geosolv,unknown,unknown,unknown,unknown,unknown,unknown,unknown,unknown,unknown,enterprise,unknown,unknown,unknown,unknown,unknown,unknown,unknown,unknown,unknown,unknown,direct,Direct website-led GTM into enterprise users for unknown.,unknown,311,unknown,unknown,unknown,unknown,2026-04-17,unknown,unknown,unknown,"Could use Brooksie to clarify vague spatial questions, automate research, and generate maps, insights, and reports faster.",unknown
Geospatial Intelligence Forum - KMI Media,,,unknown,geospatial software / GIS,GIS / mapping platform,GIS and mapping platform,yes,unknown,unknown,unknown,unknown,unknown,,,,Geospatial Intelligence Forum - KMI Media,unknown,unknown,unknown,unknown,GIS and mapping platform,GIS / mapping platform,unknown,defense / intelligence,SaaS,government; enterprise,GIS analyst,unknown,unknown,unknown,unknown,unknown,unknown,GIS / mapping platform,Esri; Mapbox; CARTO; Felt; Atlas.co,unknown,direct,Direct website-led GTM into government; enterprise users for GIS / mapping platform.,unknown,unknown,unknown,unknown,unknown,unknown,2026-04-17,GIS data,unknown,"Direct or partial competitor on geospatial analysis workflows, map outputs, and cross-source insight delivery.","Could use Brooksie to clarify vague spatial questions, automate research, and generate maps, insights, and reports faster.","Brooksie could use this for map rendering, visualization, geospatial UI components, or workflow integrations."
Geospatial Northwest,,,unknown,,unknown,,yes,unknown,unknown,unknown,unknown,https://www.linkedin.com/company/geospatial-northwest/,https://www.linkedin.com/company/geospatial-northwest/,578,,Geospatial Northwest,unknown,unknown,unknown,unknown,unknown,unknown,unknown,unknown,unknown,enterprise,unknown,unknown,unknown,unknown,unknown,unknown,unknown,unknown,unknown,unknown,direct,Direct website-led GTM into enterprise users for unknown.,unknown,578,unknown,unknown,unknown,unknown,2026-04-17,unknown,unknown,unknown,"Could use Brooksie to clarify vague spatial questions, automate research, and generate maps, insights, and reports faster.",unknown
Geospectrum Marketing Services,,,unknown,earth observation / Planet partner,Partner brand listed in the Planet partner directory.,"Earth observation, geospatial analytics, or satellite data services",yes,yes,unknown,unknown,yes,https://partner.planet.com/directory/s/list | https://partner.planet.com/directory/s/accountbrand/0TUHp00000008OnOAI/geospectrum-marketing-services,,,,Geospectrum Marketing Services,unknown,unknown,unknown,unknown,"Earth observation, geospatial analytics, or satellite data services",earth observation analytics,geospatial analysis; satellite imagery analysis,unknown,services,enterprise,remote sensing analyst; data analyst,unknown,unknown,services,unknown,unknown,Services and project fees,earth observation analytics,Planet; Picterra; Brooksie AI; UP42,Planet,partner-led,Partner-oriented GTM into enterprise accounts for earth observation analytics.,unknown,unknown,unknown,unknown,unknown,unknown,2026-04-17,satellite imagery,unknown,"Direct or partial competitor on geospatial analysis workflows, map outputs, and cross-source insight delivery.",Could use Brooksie internally to turn ad hoc geospatial questions into repeatable analysis workflows and reports.,"Brooksie could use this as a data source, imagery supplier, or API integration inside geospatial workflows."
Geosys Enterprise Solutions (GES) Pvt. Ltd.,,India,unknown,,Geosys Enterprise Solutions (GES) Pvt,Geosys Enterprise Solutions (GES) Pvt,unknown,unknown,unknown,unknown,unknown,unknown,,,,Geosys Enterprise Solutions (GES) Pvt. Ltd.,India,unknown,unknown,unknown,Geosys Enterprise Solutions (GES) Pvt,unknown,unknown,unknown,unknown,enterprise,unknown,unknown,unknown,unknown,unknown,unknown,unknown,unknown,unknown,unknown,direct,Direct website-led GTM into enterprise users for unknown.,unknown,unknown,unknown,unknown,unknown,unknown,2026-04-17,unknown,unknown,unknown,"Could use Brooksie to clarify vague spatial questions, automate research, and generate maps, insights, and reports faster.",unknown
GeoTec Center,,,unknown,,unknown,,unknown,unknown,unknown,unknown,unknown,unknown,,,,GeoTec Center,unknown,unknown,unknown,unknown,unknown,unknown,unknown,unknown,unknown,enterprise,unknown,unknown,unknown,unknown,unknown,unknown,unknown,unknown,unknown,unknown,direct,Direct website-led GTM into enterprise users for unknown.,unknown,unknown,unknown,unknown,unknown,unknown,2026-04-17,unknown,unknown,unknown,"Could use Brooksie to clarify vague spatial questions, automate research, and generate maps, insights, and reports faster.",unknown
GEOTECH Bratislava s.r.o.,,,unknown,commercial drone / event exhibitor,Commercial UAV Expo 2023 exhibitor.,"Commercial drone, surveying, mapping, lidar, or related services",yes,unknown,yes,yes,unknown,https://www.expouav.com/2023-exhibitor-list/,,,,GEOTECH Bratislava s.r.o.,unknown,unknown,unknown,unknown,"Commercial drone, surveying, mapping, lidar, or related services",drone mapping platform,drone mapping; surveying,unknown,SaaS; services,enterprise,GIS analyst; surveyor; drone operator,unknown,unknown,services,unknown,unknown,Services and project fees,drone mapping platform,DroneDeploy; Pix4D; FlyPix AI,unknown,direct,Direct website-led GTM into enterprise users for drone mapping platform.,unknown,unknown,unknown,unknown,unknown,unknown,2026-04-17,drone imagery; LiDAR / point clouds,unknown,Indirect competitor at most; this is closer to an input or data layer than Brooksie's planning-and-execution workspace.,Could use Brooksie internally to turn ad hoc geospatial questions into repeatable analysis workflows and reports.,"Brooksie could use this as a data source, imagery supplier, or API integration inside geospatial workflows."
Geotrax International Services,,India,unknown,,unknown,,unknown,unknown,unknown,unknown,unknown,unknown,,,,Geotrax International Services,India,unknown,unknown,unknown,unknown,unknown,unknown,unknown,services,enterprise,unknown,Global,unknown,services,unknown,unknown,Services and project fees,unknown,unknown,unknown,direct,Direct website-led GTM into enterprise users for unknown.,unknown,unknown,unknown,unknown,unknown,unknown,2026-04-17,unknown,unknown,unknown,"Could use Brooksie to clarify vague spatial questions, automate research, and generate maps, insights, and reports faster.",unknown
GeoVista Technologies Pvt. Ltd.,,India,unknown,,GeoVista Technologies Pvt,GeoVista Technologies Pvt,unknown,unknown,unknown,unknown,unknown,unknown,,,,GeoVista Technologies Pvt. Ltd.,India,unknown,unknown,unknown,GeoVista Technologies Pvt,unknown,unknown,unknown,unknown,enterprise,unknown,unknown,unknown,unknown,unknown,unknown,unknown,unknown,unknown,unknown,direct,Direct website-led GTM into enterprise users for unknown.,unknown,unknown,unknown,unknown,unknown,unknown,2026-04-17,unknown,unknown,unknown,"Could use Brooksie to clarify vague spatial questions, automate research, and generate maps, insights, and reports faster.",unknown
GeoWorld Magazine (GEOTEC Media),,,unknown,,unknown,,unknown,unknown,unknown,unknown,unknown,unknown,,,,GeoWorld Magazine (GEOTEC Media),unknown,unknown,unknown,unknown,unknown,unknown,unknown,unknown,unknown,enterprise,unknown,unknown,unknown,unknown,unknown,unknown,unknown,unknown,unknown,unknown,direct,Direct website-led GTM into enterprise users for unknown.,unknown,unknown,unknown,unknown,unknown,unknown,2026-04-17,unknown,unknown,unknown,"Could use Brooksie to clarify vague spatial questions, automate research, and generate maps, insights, and reports faster.",unknown
GeoXtra Solutions,,,unknown,,unknown,,unknown,unknown,unknown,unknown,unknown,unknown,,1270,,GeoXtra Solutions,unknown,unknown,unknown,unknown,unknown,unknown,unknown,unknown,unknown,enterprise,unknown,unknown,unknown,unknown,unknown,unknown,unknown,unknown,unknown,unknown,direct,Direct website-led GTM into enterprise users for unknown.,unknown,1270,unknown,unknown,unknown,unknown,2026-04-17,unknown,unknown,unknown,"Could use Brooksie to clarify vague spatial questions, automate research, and generate maps, insights, and reports faster.",unknown
Gibb Portugal LDA,,Portugal,Lisbon,GIS / Esri partner,GIS / mapping platform,GIS and mapping platform,yes,unknown,unknown,unknown,unknown,https://www.esri.com/en-us/about/partners/find-partner | https://www.esri.com/partners/gibb-portugal-lda-a2T70000000TNT5EAO,,,,Gibb Portugal LDA,Portugal,Lisbon,unknown,unknown,GIS and mapping platform,GIS / mapping platform,unknown,unknown,SaaS,enterprise,GIS analyst,unknown,unknown,unknown,unknown,unknown,unknown,GIS / mapping platform,Esri; Mapbox; CARTO; Felt; Atlas.co,Esri,partner-led,Partner-oriented GTM into enterprise accounts for GIS / mapping platform.,unknown,unknown,unknown,unknown,unknown,unknown,2026-04-17,GIS data,unknown,"Direct or partial competitor on geospatial analysis workflows, map outputs, and cross-source insight delivery.","Could use Brooksie to clarify vague spatial questions, automate research, and generate maps, insights, and reports faster.","Brooksie could use this for map rendering, visualization, geospatial UI components, or workflow integrations."
GIMS Botswana Pty Ltd,,Botswana,Gaborone,GIS / Esri partner,GIS / mapping platform,GIS and mapping platform,yes,unknown,unknown,unknown,unknown,https://www.esri.com/en-us/about/partners/find-partner | https://www.esri.com/partners/gims-botswana-pty-lt-a2T70000000TNT6EAO,,,,GIMS Botswana Pty Ltd,Botswana,Gaborone,unknown,unknown,GIS and mapping platform,GIS / mapping platform,unknown,unknown,SaaS,enterprise,GIS analyst,unknown,unknown,unknown,unknown,unknown,unknown,GIS / mapping platform,Esri; Mapbox; CARTO; Felt; Atlas.co,Esri,partner-led,Partner-oriented GTM into enterprise accounts for GIS / mapping platform.,unknown,unknown,unknown,unknown,unknown,unknown,2026-04-17,GIS data,unknown,"Direct or partial competitor on geospatial analysis workflows, map outputs, and cross-source insight delivery.","Could use Brooksie to clarify vague spatial questions, automate research, and generate maps, insights, and reports faster.","Brooksie could use this for map rendering, visualization, geospatial UI components, or workflow integrations."
Giraffe Technology,,,unknown,,unknown,,unknown,unknown,unknown,unknown,unknown,unknown,,10575,,Giraffe Technology,unknown,unknown,unknown,unknown,unknown,unknown,unknown,unknown,unknown,enterprise,unknown,unknown,unknown,unknown,unknown,unknown,unknown,unknown,unknown,unknown,direct,Direct website-led GTM into enterprise users for unknown.,unknown,10575,unknown,unknown,unknown,unknown,2026-04-17,unknown,unknown,unknown,"Could use Brooksie to clarify vague spatial questions, automate research, and generate maps, insights, and reports faster.",unknown
GIS Development,,,unknown,geospatial software / GIS,GIS / mapping platform,GIS,yes,unknown,unknown,unknown,unknown,unknown,,,,GIS Development,unknown,unknown,unknown,unknown,GIS,GIS / mapping platform,unknown,unknown,SaaS,enterprise,GIS analyst,unknown,unknown,unknown,unknown,unknown,unknown,GIS / mapping platform,Esri; Mapbox; CARTO; Felt; Atlas.co,unknown,direct,Direct website-led GTM into enterprise users for GIS / mapping platform.,unknown,unknown,unknown,unknown,unknown,unknown,2026-04-17,GIS data,unknown,"Direct or partial competitor on geospatial analysis workflows, map outputs, and cross-source insight delivery.","Could use Brooksie to clarify vague spatial questions, automate research, and generate maps, insights, and reports faster.","Brooksie could use this for map rendering, visualization, geospatial UI components, or workflow integrations."
GIS Labs,,India,unknown,geospatial software / GIS,GIS / mapping platform,GIS,yes,unknown,unknown,unknown,unknown,unknown,,,,GIS Labs,India,unknown,unknown,unknown,GIS,GIS / mapping platform,unknown,unknown,SaaS,enterprise,GIS analyst,unknown,unknown,unknown,unknown,unknown,unknown,GIS / mapping platform,Esri; Mapbox; CARTO; Felt; Atlas.co,unknown,direct,Direct website-led GTM into enterprise users for GIS / mapping platform.,unknown,unknown,unknown,unknown,unknown,unknown,2026-04-17,GIS data,unknown,"Direct or partial competitor on geospatial analysis workflows, map outputs, and cross-source insight delivery.","Could use Brooksie to clarify vague spatial questions, automate research, and generate maps, insights, and reports faster.","Brooksie could use this for map rendering, visualization, geospatial UI components, or workflow integrations."
Glimmerglass Optical Cyber Solutions Inc.,,,unknown,,Glimmerglass Optical Cyber Solutions Inc,Glimmerglass Optical Cyber Solutions Inc,unknown,unknown,unknown,unknown,unknown,unknown,,,,Glimmerglass Optical Cyber Solutions Inc.,unknown,unknown,unknown,unknown,Glimmerglass Optical Cyber Solutions Inc,unknown,unknown,unknown,unknown,enterprise,unknown,unknown,unknown,unknown,unknown,unknown,unknown,unknown,unknown,unknown,direct,Direct website-led GTM into enterprise users for unknown.,unknown,unknown,unknown,unknown,unknown,unknown,2026-04-17,unknown,unknown,unknown,"Could use Brooksie to clarify vague spatial questions, automate research, and generate maps, insights, and reports faster.",unknown
Global Ag Tech Alliance North America,,,unknown,,unknown,,unknown,unknown,unknown,unknown,unknown,unknown,,1432,,Global Ag Tech Alliance North America,unknown,unknown,unknown,unknown,unknown,unknown,unknown,unknown,unknown,enterprise,unknown,Global,unknown,unknown,unknown,unknown,unknown,unknown,unknown,unknown,direct,Direct website-led GTM into enterprise users for unknown.,unknown,1432,unknown,unknown,unknown,unknown,2026-04-17,unknown,unknown,unknown,"Could use Brooksie to clarify vague spatial questions, automate research, and generate maps, insights, and reports faster.",unknown
Global Mappings,,India,unknown,,unknown,,yes,unknown,unknown,unknown,unknown,unknown,,,,Global Mappings,India,unknown,unknown,unknown,unknown,unknown,unknown,unknown,unknown,enterprise,GIS analyst,Global,unknown,unknown,unknown,unknown,unknown,unknown,unknown,unknown,direct,Direct website-led GTM into enterprise users for unknown.,unknown,unknown,unknown,unknown,unknown,unknown,2026-04-17,unknown,unknown,unknown,"Could use Brooksie to clarify vague spatial questions, automate research, and generate maps, insights, and reports faster.",unknown
Global Surveys,,India,unknown,,unknown,,unknown,unknown,unknown,unknown,unknown,unknown,,,,Global Surveys,India,unknown,unknown,unknown,unknown,unknown,surveying,unknown,unknown,enterprise,surveyor,Global,unknown,unknown,unknown,unknown,unknown,unknown,unknown,unknown,direct,Direct website-led GTM into enterprise users for unknown.,unknown,unknown,unknown,unknown,unknown,unknown,2026-04-17,unknown,unknown,unknown,"Could use Brooksie to clarify vague spatial questions, automate research, and generate maps, insights, and reports faster.",unknown
GM Geospatial,,India,unknown,geospatial software / GIS,GIS / mapping platform,GIS and mapping platform,yes,unknown,unknown,unknown,unknown,unknown,,,,GM Geospatial,India,unknown,unknown,unknown,GIS and mapping platform,GIS / mapping platform,unknown,unknown,SaaS,enterprise,GIS analyst,unknown,unknown,unknown,unknown,unknown,unknown,GIS / mapping platform,Esri; Mapbox; CARTO; Felt; Atlas.co,unknown,direct,Direct website-led GTM into enterprise users for GIS / mapping platform.,unknown,unknown,unknown,unknown,unknown,unknown,2026-04-17,GIS data,unknown,"Direct or partial competitor on geospatial analysis workflows, map outputs, and cross-source insight delivery.","Could use Brooksie to clarify vague spatial questions, automate research, and generate maps, insights, and reports faster.","Brooksie could use this for map rendering, visualization, geospatial UI components, or workflow integrations."
Gmantis Solutions (P) Ltd.,,India,unknown,,Gmantis Solutions (P) Ltd,Gmantis Solutions (P) Ltd,unknown,unknown,unknown,unknown,unknown,unknown,,,,Gmantis Solutions (P) Ltd.,India,unknown,unknown,unknown,Gmantis Solutions (P) Ltd,unknown,unknown,unknown,unknown,enterprise,unknown,unknown,unknown,unknown,unknown,unknown,unknown,unknown,unknown,unknown,direct,Direct website-led GTM into enterprise users for unknown.,unknown,unknown,unknown,unknown,unknown,unknown,2026-04-17,unknown,unknown,unknown,"Could use Brooksie to clarify vague spatial questions, automate research, and generate maps, insights, and reports faster.",unknown
GMR Geotec,,India,unknown,,unknown,,unknown,unknown,unknown,unknown,unknown,unknown,,,,GMR Geotec,India,unknown,unknown,unknown,unknown,unknown,unknown,unknown,unknown,enterprise,unknown,unknown,unknown,unknown,unknown,unknown,unknown,unknown,unknown,unknown,direct,Direct website-led GTM into enterprise users for unknown.,unknown,unknown,unknown,unknown,unknown,unknown,2026-04-17,unknown,unknown,unknown,"Could use Brooksie to clarify vague spatial questions, automate research, and generate maps, insights, and reports faster.",unknown
GoGIS,,,unknown,,unknown,,unknown,unknown,unknown,unknown,unknown,unknown,,1897,,GoGIS,unknown,unknown,unknown,unknown,unknown,unknown,unknown,unknown,unknown,enterprise,unknown,unknown,unknown,unknown,unknown,unknown,unknown,unknown,unknown,unknown,direct,Direct website-led GTM into enterprise users for unknown.,unknown,1897,unknown,unknown,unknown,unknown,2026-04-17,unknown,unknown,unknown,"Could use Brooksie to clarify vague spatial questions, automate research, and generate maps, insights, and reports faster.",unknown
google doc,,,unknown,geospatial / remote sensing company,Nominations - 2026 Edition - Google Docs Preview of Questionnaire for Global Top 100 Geo Nominations 2026 Edition NOTE This google doc has been created...,Earth observation and imagery analytics platform,yes,yes,unknown,unknown,unknown,https://geoawesome.com/global-top-100-geospatial-companies-2025/,,,,google doc,unknown,unknown,unknown,active,Earth observation and imagery analytics platform,earth observation analytics,unknown,unknown,unknown,enterprise,remote sensing analyst,Global,unknown,unknown,unknown,unknown,unknown,earth observation analytics,Planet; Picterra; Brooksie AI; UP42,unknown,direct,Direct website-led GTM into enterprise users for earth observation analytics.,unknown,unknown,unknown,unknown,unknown,Recent source: https://geoawesome.com/global-top-100-geospatial-companies-2025/,2026-04-17,unknown,unknown,"Direct or partial competitor on geospatial analysis workflows, map outputs, and cross-source insight delivery.",Could use Brooksie internally to turn ad hoc geospatial questions into repeatable analysis workflows and reports.,"Brooksie could use this as a data source, imagery supplier, or API integration inside geospatial workflows."
Graben Technologies Limited,,India,unknown,,unknown,,unknown,unknown,unknown,unknown,unknown,unknown,,,,Graben Technologies Limited,India,unknown,unknown,unknown,unknown,unknown,unknown,unknown,unknown,enterprise,unknown,unknown,unknown,unknown,unknown,unknown,unknown,unknown,unknown,unknown,direct,Direct website-led GTM into enterprise users for unknown.,unknown,unknown,unknown,unknown,unknown,unknown,2026-04-17,unknown,unknown,unknown,"Could use Brooksie to clarify vague spatial questions, automate research, and generate maps, insights, and reports faster.",unknown
Green Aero Technology Inc.,,,unknown,,Green Aero Technology Inc,Green Aero Technology Inc,unknown,unknown,unknown,unknown,unknown,unknown,,503,,Green Aero Technology Inc.,unknown,unknown,unknown,unknown,Green Aero Technology Inc,unknown,unknown,unknown,unknown,enterprise,unknown,unknown,unknown,unknown,unknown,unknown,unknown,unknown,unknown,unknown,direct,Direct website-led GTM into enterprise users for unknown.,unknown,503,unknown,unknown,unknown,unknown,2026-04-17,unknown,unknown,unknown,"Could use Brooksie to clarify vague spatial questions, automate research, and generate maps, insights, and reports faster.",unknown
Green World Geo Spatial Technologies,,India,unknown,geospatial company,geospatial company,geospatial company,yes,unknown,unknown,unknown,unknown,unknown,,,,Green World Geo Spatial Technologies,India,unknown,unknown,unknown,geospatial company,geospatial company,unknown,unknown,unknown,enterprise,unknown,unknown,unknown,unknown,unknown,unknown,unknown,geospatial company,unknown,unknown,direct,Direct website-led GTM into enterprise users for geospatial company.,unknown,unknown,unknown,unknown,unknown,unknown,2026-04-17,unknown,unknown,unknown,"Could use Brooksie to clarify vague spatial questions, automate research, and generate maps, insights, and reports faster.",unknown
Greppo,,,unknown,,unknown,,unknown,unknown,unknown,unknown,unknown,unknown,,167,,Greppo,unknown,unknown,unknown,unknown,unknown,unknown,unknown,unknown,unknown,enterprise,unknown,unknown,unknown,unknown,unknown,unknown,unknown,unknown,unknown,unknown,direct,Direct website-led GTM into enterprise users for unknown.,unknown,167,unknown,unknown,unknown,unknown,2026-04-17,unknown,unknown,unknown,"Could use Brooksie to clarify vague spatial questions, automate research, and generate maps, insights, and reports faster.",unknown
Groundwater AI,,,unknown,,unknown,,unknown,unknown,unknown,unknown,unknown,https://www.linkedin.com/company/groundwater-ai/,https://www.linkedin.com/company/groundwater-ai/,1328,,Groundwater AI,unknown,unknown,unknown,unknown,unknown,unknown,unknown,unknown,unknown,enterprise,unknown,unknown,unknown,unknown,unknown,unknown,unknown,AI-native unknown,unknown,unknown,direct,Direct website-led GTM into enterprise users for unknown.,unknown,1328,unknown,unknown,unknown,unknown,2026-04-17,unknown,AI / machine learning,unknown,"Could use Brooksie to clarify vague spatial questions, automate research, and generate maps, insights, and reports faster.",unknown
Grover Consulting Services (GCS),,,unknown,consulting / integration services,consulting / integration services,Geospatial consulting and integration services,unknown,unknown,unknown,unknown,unknown,unknown,,,,Grover Consulting Services (GCS),unknown,unknown,unknown,unknown,Geospatial consulting and integration services,consulting / integration services,unknown,unknown,services,enterprise,unknown,unknown,unknown,services,unknown,unknown,Services and project fees,consulting / integration services,Esri partners; GIS consultancies; system integrators,unknown,direct,Direct website-led GTM into enterprise users for consulting / integration services.,unknown,unknown,unknown,unknown,unknown,unknown,2026-04-17,unknown,unknown,"Partial competitor in analysis delivery services, but not a direct AI-native platform substitute.","Could use Brooksie to accelerate proposal scoping, multi-source analysis, and client-ready maps and reports.","Brooksie could use this company as an implementation, data-collection, or channel partner."
Grupo de Geotecnologias em Ciência do Solo - GEOCIS,,,unknown,,unknown,,unknown,unknown,unknown,unknown,unknown,unknown,,570,,Grupo de Geotecnologias em Ciência do Solo - GEOCIS,unknown,unknown,unknown,unknown,unknown,unknown,unknown,unknown,unknown,enterprise,unknown,unknown,unknown,unknown,unknown,unknown,unknown,unknown,unknown,unknown,direct,Direct website-led GTM into enterprise users for unknown.,unknown,570,unknown,unknown,unknown,unknown,2026-04-17,unknown,unknown,unknown,"Could use Brooksie to clarify vague spatial questions, automate research, and generate maps, insights, and reports faster.",unknown
GSTiR,,,unknown,,unknown,,unknown,unknown,unknown,unknown,unknown,unknown,,561,,GSTiR,unknown,unknown,unknown,unknown,unknown,unknown,unknown,unknown,unknown,enterprise,unknown,unknown,unknown,unknown,unknown,unknown,unknown,unknown,unknown,unknown,direct,Direct website-led GTM into enterprise users for unknown.,unknown,561,unknown,unknown,unknown,unknown,2026-04-17,unknown,unknown,unknown,"Could use Brooksie to clarify vague spatial questions, automate research, and generate maps, insights, and reports faster.",unknown
Hachure Technologies,,India,unknown,,unknown,,unknown,unknown,unknown,unknown,unknown,unknown,,,,Hachure Technologies,India,unknown,unknown,unknown,unknown,unknown,unknown,unknown,unknown,enterprise,unknown,unknown,unknown,unknown,unknown,unknown,unknown,unknown,unknown,unknown,direct,Direct website-led GTM into enterprise users for unknown.,unknown,unknown,unknown,unknown,unknown,unknown,2026-04-17,unknown,unknown,unknown,"Could use Brooksie to clarify vague spatial questions, automate research, and generate maps, insights, and reports faster.",unknown
"HDMS & Standard GIS, INC.",,,unknown,geospatial software / GIS,"HDMS & Standard GIS, INC",GIS,yes,unknown,unknown,unknown,unknown,unknown,,134,,"HDMS & Standard GIS, INC.",unknown,unknown,unknown,unknown,GIS,GIS / mapping platform,unknown,unknown,SaaS,enterprise,GIS analyst,unknown,unknown,unknown,unknown,unknown,unknown,GIS / mapping platform,Esri; Mapbox; CARTO; Felt; Atlas.co,unknown,direct,Direct website-led GTM into enterprise users for GIS / mapping platform.,unknown,134,unknown,unknown,unknown,unknown,2026-04-17,GIS data,unknown,"Direct or partial competitor on geospatial analysis workflows, map outputs, and cross-source insight delivery.","Could use Brooksie to clarify vague spatial questions, automate research, and generate maps, insights, and reports faster.","Brooksie could use this for map rendering, visualization, geospatial UI components, or workflow integrations."
HeatseekIR,,,unknown,,unknown,,unknown,unknown,unknown,unknown,unknown,https://www.linkedin.com/company/heatseekir/,https://www.linkedin.com/company/heatseekir/,231,,HeatseekIR,unknown,unknown,unknown,unknown,unknown,unknown,unknown,unknown,unknown,enterprise,unknown,unknown,unknown,unknown,unknown,unknown,unknown,unknown,unknown,unknown,direct,Direct website-led GTM into enterprise users for unknown.,unknown,231,unknown,unknown,unknown,unknown,2026-04-17,unknown,unknown,unknown,"Could use Brooksie to clarify vague spatial questions, automate research, and generate maps, insights, and reports faster.",unknown
Hexonix Technologies,,India,unknown,,unknown,,unknown,unknown,unknown,unknown,unknown,unknown,,,,Hexonix Technologies,India,unknown,unknown,unknown,unknown,unknown,unknown,unknown,unknown,enterprise,unknown,unknown,unknown,unknown,unknown,unknown,unknown,unknown,unknown,unknown,direct,Direct website-led GTM into enterprise users for unknown.,unknown,unknown,unknown,unknown,unknown,unknown,2026-04-17,unknown,unknown,unknown,"Could use Brooksie to clarify vague spatial questions, automate research, and generate maps, insights, and reports faster.",unknown
Hummingbird Technology Services (P) Ltd.,,India,unknown,,Hummingbird Technology Services (P) Ltd,Hummingbird Technology Services (P) Ltd,unknown,unknown,unknown,unknown,unknown,unknown,,,,Hummingbird Technology Services (P) Ltd.,India,unknown,unknown,unknown,Hummingbird Technology Services (P) Ltd,unknown,unknown,unknown,services,enterprise,unknown,unknown,unknown,services,unknown,unknown,Services and project fees,unknown,unknown,unknown,direct,Direct website-led GTM into enterprise users for unknown.,unknown,unknown,unknown,unknown,unknown,unknown,2026-04-17,unknown,unknown,unknown,"Could use Brooksie to clarify vague spatial questions, automate research, and generate maps, insights, and reports faster.",unknown
i3ICS,,,unknown,,unknown,,unknown,unknown,unknown,unknown,unknown,unknown,,,,i3ICS,unknown,unknown,unknown,unknown,unknown,unknown,unknown,unknown,unknown,enterprise,unknown,unknown,unknown,unknown,unknown,unknown,unknown,unknown,unknown,unknown,direct,Direct website-led GTM into enterprise users for unknown.,unknown,unknown,unknown,unknown,unknown,unknown,2026-04-17,unknown,unknown,unknown,"Could use Brooksie to clarify vague spatial questions, automate research, and generate maps, insights, and reports faster.",unknown
IC DTE,,,unknown,,unknown,,unknown,unknown,unknown,unknown,unknown,unknown,,,,IC DTE,unknown,unknown,unknown,unknown,unknown,unknown,unknown,unknown,unknown,enterprise,unknown,unknown,unknown,unknown,unknown,unknown,unknown,unknown,unknown,unknown,direct,Direct website-led GTM into enterprise users for unknown.,unknown,unknown,unknown,unknown,unknown,unknown,2026-04-17,unknown,unknown,unknown,"Could use Brooksie to clarify vague spatial questions, automate research, and generate maps, insights, and reports faster.",unknown
IC Map,,,unknown,,unknown,,yes,unknown,unknown,unknown,unknown,unknown,,,,IC Map,unknown,unknown,unknown,unknown,unknown,unknown,unknown,unknown,unknown,enterprise,unknown,unknown,unknown,unknown,unknown,unknown,unknown,unknown,unknown,unknown,direct,Direct website-led GTM into enterprise users for unknown.,unknown,unknown,unknown,unknown,unknown,unknown,2026-04-17,unknown,unknown,unknown,"Could use Brooksie to clarify vague spatial questions, automate research, and generate maps, insights, and reports faster.",unknown
ICES,,,unknown,,unknown,,unknown,unknown,unknown,unknown,unknown,unknown,,,,ICES,unknown,unknown,unknown,unknown,unknown,unknown,unknown,unknown,unknown,enterprise,unknown,unknown,unknown,unknown,unknown,unknown,unknown,unknown,unknown,unknown,direct,Direct website-led GTM into enterprise users for unknown.,unknown,unknown,unknown,unknown,unknown,unknown,2026-04-17,unknown,unknown,unknown,"Could use Brooksie to clarify vague spatial questions, automate research, and generate maps, insights, and reports faster.",unknown
ICG,,,unknown,,unknown,,unknown,unknown,unknown,unknown,unknown,unknown,,,,ICG,unknown,unknown,unknown,unknown,unknown,unknown,unknown,unknown,unknown,enterprise,unknown,unknown,unknown,unknown,unknown,unknown,unknown,unknown,unknown,unknown,direct,Direct website-led GTM into enterprise users for unknown.,unknown,unknown,unknown,unknown,unknown,unknown,2026-04-17,unknown,unknown,unknown,"Could use Brooksie to clarify vague spatial questions, automate research, and generate maps, insights, and reports faster.",unknown
"Idelix Software, Inc.",,,unknown,,unknown,,unknown,unknown,unknown,unknown,unknown,unknown,,,,"Idelix Software, Inc.",unknown,unknown,unknown,unknown,unknown,unknown,unknown,unknown,SaaS,enterprise,unknown,unknown,unknown,unknown,unknown,unknown,unknown,unknown,unknown,unknown,direct,Direct website-led GTM into enterprise users for unknown.,unknown,unknown,unknown,unknown,unknown,unknown,2026-04-17,unknown,unknown,unknown,"Could use Brooksie to clarify vague spatial questions, automate research, and generate maps, insights, and reports faster.",unknown
iGett,,,unknown,,unknown,,unknown,unknown,unknown,unknown,unknown,unknown,,,,iGett,unknown,unknown,unknown,unknown,unknown,unknown,unknown,unknown,unknown,enterprise,unknown,unknown,unknown,unknown,unknown,unknown,unknown,unknown,unknown,unknown,direct,Direct website-led GTM into enterprise users for unknown.,unknown,unknown,unknown,unknown,unknown,unknown,2026-04-17,unknown,unknown,unknown,"Could use Brooksie to clarify vague spatial questions, automate research, and generate maps, insights, and reports faster.",unknown
IIAT Holistic Condition Monitoring,,,unknown,,unknown,,unknown,unknown,unknown,unknown,unknown,unknown,,560,,IIAT Holistic Condition Monitoring,unknown,unknown,unknown,unknown,unknown,unknown,unknown,unknown,unknown,enterprise,unknown,unknown,unknown,unknown,unknown,unknown,unknown,unknown,unknown,unknown,direct,Direct website-led GTM into enterprise users for unknown.,unknown,560,unknown,unknown,unknown,unknown,2026-04-17,unknown,unknown,unknown,"Could use Brooksie to clarify vague spatial questions, automate research, and generate maps, insights, and reports faster.",unknown
Immersive Media,,,unknown,,unknown,,unknown,unknown,unknown,unknown,unknown,unknown,,,,Immersive Media,unknown,unknown,unknown,unknown,unknown,unknown,unknown,unknown,unknown,enterprise,unknown,unknown,unknown,unknown,unknown,unknown,unknown,unknown,unknown,unknown,direct,Direct website-led GTM into enterprise users for unknown.,unknown,unknown,unknown,unknown,unknown,unknown,2026-04-17,unknown,unknown,unknown,"Could use Brooksie to clarify vague spatial questions, automate research, and generate maps, insights, and reports faster.",unknown
IN-RIMT,,India,unknown,,unknown,,unknown,unknown,unknown,unknown,unknown,unknown,,,,IN-RIMT,India,unknown,unknown,unknown,unknown,unknown,unknown,unknown,unknown,enterprise,unknown,unknown,unknown,unknown,unknown,unknown,unknown,unknown,unknown,unknown,direct,Direct website-led GTM into enterprise users for unknown.,unknown,unknown,unknown,unknown,unknown,unknown,2026-04-17,unknown,unknown,unknown,"Could use Brooksie to clarify vague spatial questions, automate research, and generate maps, insights, and reports faster.",unknown
INCA Tech LLC,,,unknown,,unknown,,unknown,unknown,unknown,unknown,unknown,unknown,,,,INCA Tech LLC,unknown,unknown,unknown,unknown,unknown,unknown,unknown,unknown,unknown,enterprise,unknown,unknown,unknown,unknown,unknown,unknown,unknown,unknown,unknown,unknown,direct,Direct website-led GTM into enterprise users for unknown.,unknown,unknown,unknown,unknown,unknown,unknown,2026-04-17,unknown,unknown,unknown,"Could use Brooksie to clarify vague spatial questions, automate research, and generate maps, insights, and reports faster.",unknown
INFODIM L.P.,,,unknown,,unknown,,unknown,unknown,unknown,unknown,unknown,unknown,,702,,INFODIM L.P.,unknown,unknown,unknown,unknown,unknown,unknown,unknown,unknown,unknown,enterprise,unknown,unknown,unknown,unknown,unknown,unknown,unknown,unknown,unknown,unknown,direct,Direct website-led GTM into enterprise users for unknown.,unknown,702,unknown,unknown,unknown,unknown,2026-04-17,unknown,unknown,unknown,"Could use Brooksie to clarify vague spatial questions, automate research, and generate maps, insights, and reports faster.",unknown
Infosat,,,unknown,earth observation / Planet partner,Partner brand listed in the Planet partner directory.,"Earth observation, geospatial analytics, or satellite data services",yes,yes,unknown,unknown,yes,https://partner.planet.com/directory/s/list | https://partner.planet.com/directory/s/accountbrand/0TUHp00000008OuOAI/infosat,,,,Infosat,unknown,unknown,unknown,unknown,"Earth observation, geospatial analytics, or satellite data services",earth observation analytics,geospatial analysis; satellite imagery analysis,unknown,services,enterprise,remote sensing analyst; data analyst,unknown,unknown,services,unknown,unknown,Services and project fees,earth observation analytics,Planet; Picterra; Brooksie AI; UP42,Planet,partner-led,Partner-oriented GTM into enterprise accounts for earth observation analytics.,unknown,unknown,unknown,unknown,unknown,unknown,2026-04-17,satellite imagery,unknown,"Direct or partial competitor on geospatial analysis workflows, map outputs, and cross-source insight delivery.",Could use Brooksie internally to turn ad hoc geospatial questions into repeatable analysis workflows and reports.,"Brooksie could use this as a data source, imagery supplier, or API integration inside geospatial workflows."
Infoterrainmapping,,India,unknown,,unknown,,yes,unknown,unknown,unknown,unknown,unknown,,,,Infoterrainmapping,India,unknown,unknown,unknown,unknown,unknown,unknown,unknown,unknown,enterprise,GIS analyst,unknown,unknown,unknown,unknown,unknown,unknown,unknown,unknown,unknown,direct,Direct website-led GTM into enterprise users for unknown.,unknown,unknown,unknown,unknown,unknown,unknown,2026-04-17,unknown,unknown,unknown,"Could use Brooksie to clarify vague spatial questions, automate research, and generate maps, insights, and reports faster.",unknown
InfoVision Solutions,,India,unknown,,unknown,,unknown,unknown,unknown,unknown,unknown,unknown,,,,InfoVision Solutions,India,unknown,unknown,unknown,unknown,unknown,unknown,unknown,unknown,enterprise,unknown,unknown,unknown,unknown,unknown,unknown,unknown,unknown,unknown,unknown,direct,Direct website-led GTM into enterprise users for unknown.,unknown,unknown,unknown,unknown,unknown,unknown,2026-04-17,unknown,unknown,unknown,"Could use Brooksie to clarify vague spatial questions, automate research, and generate maps, insights, and reports faster.",unknown
Inio,,,unknown,,unknown,,unknown,unknown,unknown,unknown,unknown,unknown,,699,,Inio,unknown,unknown,unknown,unknown,unknown,unknown,unknown,unknown,unknown,enterprise,unknown,unknown,unknown,unknown,unknown,unknown,unknown,unknown,unknown,unknown,direct,Direct website-led GTM into enterprise users for unknown.,unknown,699,unknown,unknown,unknown,unknown,2026-04-17,unknown,unknown,unknown,"Could use Brooksie to clarify vague spatial questions, automate research, and generate maps, insights, and reports faster.",unknown
"InTec, LLC",,,unknown,,unknown,,unknown,unknown,unknown,unknown,unknown,unknown,,,,"InTec, LLC",unknown,unknown,unknown,unknown,unknown,unknown,unknown,unknown,unknown,enterprise,unknown,unknown,unknown,unknown,unknown,unknown,unknown,unknown,unknown,unknown,direct,Direct website-led GTM into enterprise users for unknown.,unknown,unknown,unknown,unknown,unknown,unknown,2026-04-17,unknown,unknown,unknown,"Could use Brooksie to clarify vague spatial questions, automate research, and generate maps, insights, and reports faster.",unknown
Integrated Modern Engineering LLC,,,unknown,,unknown,,unknown,unknown,unknown,unknown,unknown,unknown,,,,Integrated Modern Engineering LLC,unknown,unknown,unknown,unknown,unknown,unknown,unknown,AEC / infrastructure,unknown,enterprise,unknown,unknown,unknown,unknown,unknown,unknown,unknown,unknown,unknown,unknown,direct,Direct website-led GTM into enterprise users for unknown.,unknown,unknown,unknown,unknown,unknown,unknown,2026-04-17,API integrations,unknown,unknown,"Could use Brooksie to clarify vague spatial questions, automate research, and generate maps, insights, and reports faster.",unknown
Intelligence Community Network ICN / NRESP,,,unknown,,unknown,,unknown,unknown,unknown,unknown,unknown,unknown,,,,Intelligence Community Network ICN / NRESP,unknown,unknown,unknown,unknown,unknown,unknown,unknown,defense / intelligence,unknown,government,unknown,unknown,unknown,unknown,unknown,unknown,unknown,unknown,unknown,unknown,direct,Direct website-led GTM into government users for unknown.,unknown,unknown,unknown,unknown,unknown,unknown,2026-04-17,unknown,unknown,unknown,"Could use Brooksie to clarify vague spatial questions, automate research, and generate maps, insights, and reports faster.",unknown
Intelligent Shift,,,unknown,,unknown,,unknown,unknown,unknown,unknown,unknown,unknown,,,,Intelligent Shift,unknown,unknown,unknown,unknown,unknown,unknown,unknown,unknown,unknown,enterprise,unknown,unknown,unknown,unknown,unknown,unknown,unknown,unknown,unknown,unknown,direct,Direct website-led GTM into enterprise users for unknown.,unknown,unknown,unknown,unknown,unknown,unknown,2026-04-17,unknown,unknown,unknown,"Could use Brooksie to clarify vague spatial questions, automate research, and generate maps, insights, and reports faster.",unknown
Intelliwings LLC,,,unknown,,unknown,,unknown,unknown,unknown,unknown,unknown,unknown,,,,Intelliwings LLC,unknown,unknown,unknown,unknown,unknown,unknown,unknown,unknown,unknown,enterprise,unknown,unknown,unknown,unknown,unknown,unknown,unknown,unknown,unknown,unknown,direct,Direct website-led GTM into enterprise users for unknown.,unknown,unknown,unknown,unknown,unknown,unknown,2026-04-17,unknown,unknown,unknown,"Could use Brooksie to clarify vague spatial questions, automate research, and generate maps, insights, and reports faster.",unknown
InTENNSITY,,,unknown,,unknown,,unknown,unknown,unknown,unknown,unknown,unknown,,,,InTENNSITY,unknown,unknown,unknown,unknown,unknown,unknown,unknown,unknown,unknown,enterprise,unknown,unknown,unknown,unknown,unknown,unknown,unknown,unknown,unknown,unknown,direct,Direct website-led GTM into enterprise users for unknown.,unknown,unknown,unknown,unknown,unknown,unknown,2026-04-17,unknown,unknown,unknown,"Could use Brooksie to clarify vague spatial questions, automate research, and generate maps, insights, and reports faster.",unknown
Interactive Tactical Group,,,unknown,,unknown,,unknown,unknown,unknown,unknown,unknown,unknown,,,,Interactive Tactical Group,unknown,unknown,unknown,unknown,unknown,unknown,unknown,unknown,unknown,enterprise,unknown,unknown,unknown,unknown,unknown,unknown,unknown,unknown,unknown,unknown,direct,Direct website-led GTM into enterprise users for unknown.,unknown,unknown,unknown,unknown,unknown,unknown,2026-04-17,unknown,unknown,unknown,"Could use Brooksie to clarify vague spatial questions, automate research, and generate maps, insights, and reports faster.",unknown
Inventures 2025,,,unknown,,unknown,,unknown,unknown,unknown,unknown,unknown,unknown,,6488,,Inventures 2025,unknown,unknown,unknown,unknown,unknown,unknown,unknown,unknown,unknown,enterprise,unknown,unknown,unknown,unknown,unknown,unknown,unknown,unknown,unknown,unknown,direct,Direct website-led GTM into enterprise users for unknown.,unknown,6488,unknown,unknown,unknown,unknown,2026-04-17,unknown,unknown,unknown,"Could use Brooksie to clarify vague spatial questions, automate research, and generate maps, insights, and reports faster.",unknown
IO Aerospace™,,,unknown,,unknown,,unknown,unknown,unknown,unknown,unknown,unknown,,1677,,IO Aerospace™,unknown,unknown,unknown,unknown,unknown,unknown,unknown,unknown,unknown,enterprise,unknown,unknown,unknown,unknown,unknown,unknown,unknown,unknown,unknown,unknown,direct,Direct website-led GTM into enterprise users for unknown.,unknown,1677,unknown,unknown,unknown,unknown,2026-04-17,unknown,unknown,unknown,"Could use Brooksie to clarify vague spatial questions, automate research, and generate maps, insights, and reports faster.",unknown
IPage UM Services Pvt Ltd,,India,unknown,,unknown,,unknown,unknown,unknown,unknown,unknown,unknown,,,,IPage UM Services Pvt Ltd,India,unknown,unknown,unknown,unknown,unknown,unknown,unknown,services,enterprise,unknown,unknown,unknown,services,unknown,unknown,Services and project fees,unknown,unknown,unknown,direct,Direct website-led GTM into enterprise users for unknown.,unknown,unknown,unknown,unknown,unknown,unknown,2026-04-17,unknown,unknown,unknown,"Could use Brooksie to clarify vague spatial questions, automate research, and generate maps, insights, and reports faster.",unknown
"iQuest Analytics, Inc.",,,unknown,,unknown,,unknown,unknown,unknown,unknown,unknown,unknown,,,,"iQuest Analytics, Inc.",unknown,unknown,unknown,unknown,unknown,unknown,unknown,unknown,unknown,enterprise,data analyst,unknown,unknown,unknown,unknown,unknown,unknown,unknown,unknown,unknown,direct,Direct website-led GTM into enterprise users for unknown.,unknown,unknown,unknown,unknown,unknown,unknown,2026-04-17,unknown,unknown,unknown,"Could use Brooksie to clarify vague spatial questions, automate research, and generate maps, insights, and reports faster.",unknown
iToolz Spatial Solutions,,India,unknown,geospatial company,geospatial company,geospatial company,yes,unknown,unknown,unknown,unknown,unknown,,,,iToolz Spatial Solutions,India,unknown,unknown,unknown,geospatial company,geospatial company,unknown,unknown,unknown,enterprise,unknown,unknown,unknown,unknown,unknown,unknown,unknown,geospatial company,unknown,unknown,direct,Direct website-led GTM into enterprise users for geospatial company.,unknown,unknown,unknown,unknown,unknown,unknown,2026-04-17,unknown,unknown,unknown,"Could use Brooksie to clarify vague spatial questions, automate research, and generate maps, insights, and reports faster.",unknown
Janya,,,unknown,,unknown,,unknown,unknown,unknown,unknown,unknown,unknown,,,,Janya,unknown,unknown,unknown,unknown,unknown,unknown,unknown,unknown,unknown,enterprise,unknown,unknown,unknown,unknown,unknown,unknown,unknown,unknown,unknown,unknown,direct,Direct website-led GTM into enterprise users for unknown.,unknown,unknown,unknown,unknown,unknown,unknown,2026-04-17,unknown,unknown,unknown,"Could use Brooksie to clarify vague spatial questions, automate research, and generate maps, insights, and reports faster.",unknown
Japan Maintenance & Operation Service Corporation,,Japan,unknown,,unknown,,unknown,unknown,unknown,unknown,unknown,unknown,,,,Japan Maintenance & Operation Service Corporation,Japan,unknown,unknown,unknown,unknown,unknown,unknown,unknown,unknown,enterprise,unknown,unknown,unknown,unknown,unknown,unknown,unknown,unknown,unknown,unknown,direct,Direct website-led GTM into enterprise users for unknown.,unknown,unknown,unknown,unknown,unknown,unknown,2026-04-17,unknown,unknown,unknown,"Could use Brooksie to clarify vague spatial questions, automate research, and generate maps, insights, and reports faster.",unknown
Japan Maintenance and Operations Service Corp,,Japan,unknown,,unknown,,unknown,unknown,unknown,unknown,unknown,unknown,,,,Japan Maintenance and Operations Service Corp,Japan,unknown,unknown,unknown,unknown,unknown,unknown,unknown,unknown,enterprise,unknown,unknown,unknown,unknown,unknown,unknown,unknown,unknown,unknown,unknown,direct,Direct website-led GTM into enterprise users for unknown.,unknown,unknown,unknown,unknown,unknown,unknown,2026-04-17,unknown,unknown,unknown,"Could use Brooksie to clarify vague spatial questions, automate research, and generate maps, insights, and reports faster.",unknown
JL White & Associates,,,unknown,,unknown,,unknown,unknown,unknown,unknown,unknown,unknown,,,,JL White & Associates,unknown,unknown,unknown,unknown,unknown,unknown,unknown,unknown,unknown,enterprise,unknown,unknown,unknown,unknown,unknown,unknown,unknown,unknown,unknown,unknown,direct,Direct website-led GTM into enterprise users for unknown.,unknown,unknown,unknown,unknown,unknown,unknown,2026-04-17,unknown,unknown,unknown,"Could use Brooksie to clarify vague spatial questions, automate research, and generate maps, insights, and reports faster.",unknown
Kanario,,,unknown,,unknown,,unknown,unknown,unknown,unknown,unknown,unknown,,109,,Kanario,unknown,unknown,unknown,unknown,unknown,unknown,unknown,unknown,unknown,enterprise,unknown,unknown,unknown,unknown,unknown,unknown,unknown,unknown,unknown,unknown,direct,Direct website-led GTM into enterprise users for unknown.,unknown,109,unknown,unknown,unknown,unknown,2026-04-17,unknown,unknown,unknown,"Could use Brooksie to clarify vague spatial questions, automate research, and generate maps, insights, and reports faster.",unknown
Kirsty Burt GIS,,United States,Seattle,GIS / Esri partner,GIS / mapping platform,"Data Conversion/Migration, GIS Strategy and Planning, Implementation, Needs and Requirements, System Integration",yes,unknown,unknown,unknown,unknown,https://www.esri.com/en-us/about/partners/find-partner | https://www.esri.com/partners/kirsty-burt-gis-a2T70000000TNXGEA4,,,,Kirsty Burt GIS,United States,Seattle,unknown,unknown,"Data Conversion/Migration, GIS Strategy and Planning, Implementation, Needs and Requirements, System Integration",GIS / mapping platform,unknown,unknown,SaaS; services,enterprise,GIS analyst; planner,unknown,unknown,services,unknown,unknown,Services and project fees,GIS / mapping platform,Esri; Mapbox; CARTO; Felt; Atlas.co,Esri,partner-led,Partner-oriented GTM into enterprise accounts for GIS / mapping platform.,unknown,unknown,unknown,unknown,unknown,unknown,2026-04-17,GIS data; API integrations,unknown,"Direct or partial competitor on geospatial analysis workflows, map outputs, and cross-source insight delivery.","Could use Brooksie to clarify vague spatial questions, automate research, and generate maps, insights, and reports faster.","Brooksie could use this for map rendering, visualization, geospatial UI components, or workflow integrations."
KnK Geotechnologies,,India,unknown,,unknown,,unknown,unknown,unknown,unknown,unknown,unknown,,,,KnK Geotechnologies,India,unknown,unknown,unknown,unknown,unknown,unknown,unknown,unknown,enterprise,unknown,unknown,unknown,unknown,unknown,unknown,unknown,unknown,unknown,unknown,direct,Direct website-led GTM into enterprise users for unknown.,unknown,unknown,unknown,unknown,unknown,unknown,2026-04-17,unknown,unknown,unknown,"Could use Brooksie to clarify vague spatial questions, automate research, and generate maps, insights, and reports faster.",unknown
Konings Bouwvisie,,,unknown,,unknown,,unknown,unknown,unknown,unknown,unknown,https://www.linkedin.com/company/konings-bouwvisie/,https://www.linkedin.com/company/konings-bouwvisie/,299,,Konings Bouwvisie,unknown,unknown,unknown,unknown,unknown,unknown,unknown,unknown,unknown,enterprise,unknown,unknown,unknown,unknown,unknown,unknown,unknown,unknown,unknown,unknown,direct,Direct website-led GTM into enterprise users for unknown.,unknown,299,unknown,unknown,unknown,unknown,2026-04-17,unknown,unknown,unknown,"Could use Brooksie to clarify vague spatial questions, automate research, and generate maps, insights, and reports faster.",unknown
Krata,,,unknown,,unknown,,unknown,unknown,unknown,unknown,unknown,unknown,,4,,Krata,unknown,unknown,unknown,unknown,unknown,unknown,unknown,unknown,unknown,enterprise,unknown,unknown,unknown,unknown,unknown,unknown,unknown,unknown,unknown,unknown,direct,Direct website-led GTM into enterprise users for unknown.,unknown,4,unknown,unknown,unknown,unknown,2026-04-17,unknown,unknown,unknown,"Could use Brooksie to clarify vague spatial questions, automate research, and generate maps, insights, and reports faster.",unknown
Lab for Applied Science,,,unknown,,unknown,,unknown,unknown,unknown,unknown,unknown,unknown,,1429,,Lab for Applied Science,unknown,unknown,unknown,unknown,unknown,unknown,unknown,unknown,unknown,enterprise,unknown,unknown,unknown,unknown,unknown,unknown,unknown,unknown,unknown,unknown,direct,Direct website-led GTM into enterprise users for unknown.,unknown,1429,unknown,unknown,unknown,unknown,2026-04-17,unknown,unknown,unknown,"Could use Brooksie to clarify vague spatial questions, automate research, and generate maps, insights, and reports faster.",unknown
Lahari Projects,,India,unknown,,unknown,,unknown,unknown,unknown,unknown,unknown,unknown,,,,Lahari Projects,India,unknown,unknown,unknown,unknown,unknown,unknown,unknown,unknown,enterprise,unknown,unknown,unknown,unknown,unknown,unknown,unknown,unknown,unknown,unknown,direct,Direct website-led GTM into enterprise users for unknown.,unknown,unknown,unknown,unknown,unknown,unknown,2026-04-17,unknown,unknown,unknown,"Could use Brooksie to clarify vague spatial questions, automate research, and generate maps, insights, and reports faster.",unknown
Landmark Gsi,,,unknown,earth observation / Planet partner,Partner brand listed in the Planet partner directory.,"Earth observation, geospatial analytics, or satellite data services",yes,yes,unknown,unknown,yes,https://partner.planet.com/directory/s/list | https://partner.planet.com/directory/s/accountbrand/0TUHp0000012KAjOAM/landmark-gsi,,,,Landmark Gsi,unknown,unknown,unknown,unknown,"Earth observation, geospatial analytics, or satellite data services",earth observation analytics,geospatial analysis; satellite imagery analysis,unknown,services,enterprise,remote sensing analyst; data analyst,unknown,unknown,services,unknown,unknown,Services and project fees,earth observation analytics,Planet; Picterra; Brooksie AI; UP42,Planet,partner-led,Partner-oriented GTM into enterprise accounts for earth observation analytics.,unknown,unknown,unknown,unknown,unknown,unknown,2026-04-17,satellite imagery,unknown,"Direct or partial competitor on geospatial analysis workflows, map outputs, and cross-source insight delivery.",Could use Brooksie internally to turn ad hoc geospatial questions into repeatable analysis workflows and reports.,"Brooksie could use this as a data source, imagery supplier, or API integration inside geospatial workflows."
LastMile IT Systems,,India,unknown,,unknown,,unknown,unknown,unknown,unknown,unknown,unknown,,,,LastMile IT Systems,India,unknown,unknown,unknown,unknown,unknown,unknown,unknown,unknown,enterprise,unknown,unknown,unknown,unknown,unknown,unknown,unknown,unknown,unknown,unknown,direct,Direct website-led GTM into enterprise users for unknown.,unknown,unknown,unknown,unknown,unknown,unknown,2026-04-17,unknown,unknown,unknown,"Could use Brooksie to clarify vague spatial questions, automate research, and generate maps, insights, and reports faster.",unknown
level2,,Slovenia,unknown,GIS / QGIS services,"level2 Â¶ (based in Slovenia) provides support, training and custom development for QGIS and PostGIS, with a special focus on Web-GIS and mobile applications.",QGIS commercial support,yes,unknown,unknown,unknown,unknown,https://qgis.org/en/site/forusers/commercial_support.html,,,,level2,Slovenia,unknown,unknown,unknown,QGIS commercial support,GIS / mapping platform,unknown,unknown,SaaS; mobile; services,enterprise,GIS analyst,unknown,unknown,services,unknown,unknown,Services and project fees,GIS / mapping platform,Esri; Mapbox; CARTO; Felt; Atlas.co,unknown,direct,Direct website-led GTM into enterprise users for GIS / mapping platform.,unknown,unknown,unknown,unknown,unknown,unknown,2026-04-17,GIS data,unknown,"Direct or partial competitor on geospatial analysis workflows, map outputs, and cross-source insight delivery.","Could use Brooksie to clarify vague spatial questions, automate research, and generate maps, insights, and reports faster.","Brooksie could use this for map rendering, visualization, geospatial UI components, or workflow integrations."
LexJet,,,unknown,,unknown,,unknown,unknown,unknown,unknown,unknown,unknown,,,,LexJet,unknown,unknown,unknown,unknown,unknown,unknown,unknown,unknown,unknown,enterprise,unknown,unknown,unknown,unknown,unknown,unknown,unknown,unknown,unknown,unknown,direct,Direct website-led GTM into enterprise users for unknown.,unknown,unknown,unknown,unknown,unknown,unknown,2026-04-17,unknown,unknown,unknown,"Could use Brooksie to clarify vague spatial questions, automate research, and generate maps, insights, and reports faster.",unknown
"Link Information Systems Co., Ltd.",,,unknown,,"Link Information Systems Co., Ltd","Link Information Systems Co., Ltd",unknown,unknown,unknown,unknown,unknown,unknown,,,,"Link Information Systems Co., Ltd.",unknown,unknown,unknown,unknown,"Link Information Systems Co., Ltd",unknown,unknown,unknown,unknown,enterprise,unknown,unknown,unknown,unknown,unknown,unknown,unknown,unknown,unknown,unknown,direct,Direct website-led GTM into enterprise users for unknown.,unknown,unknown,unknown,unknown,unknown,unknown,2026-04-17,unknown,unknown,unknown,"Could use Brooksie to clarify vague spatial questions, automate research, and generate maps, insights, and reports faster.",unknown
LN Land Development Technologies Inc.,,,unknown,,LN Land Development Technologies Inc,LN Land Development Technologies Inc,unknown,unknown,unknown,unknown,unknown,unknown,,5182,,LN Land Development Technologies Inc.,unknown,unknown,unknown,unknown,LN Land Development Technologies Inc,unknown,unknown,unknown,unknown,enterprise,unknown,unknown,unknown,unknown,unknown,unknown,unknown,unknown,unknown,unknown,direct,Direct website-led GTM into enterprise users for unknown.,unknown,5182,unknown,unknown,unknown,unknown,2026-04-17,unknown,unknown,unknown,"Could use Brooksie to clarify vague spatial questions, automate research, and generate maps, insights, and reports faster.",unknown
Low Carbon Homes | Retrofit Action Week,,,unknown,,unknown,,unknown,unknown,unknown,unknown,unknown,unknown,,5846,,Low Carbon Homes | Retrofit Action Week,unknown,unknown,unknown,unknown,unknown,unknown,unknown,unknown,unknown,enterprise,unknown,unknown,unknown,unknown,unknown,unknown,unknown,unknown,unknown,unknown,direct,Direct website-led GTM into enterprise users for unknown.,unknown,5846,unknown,unknown,unknown,unknown,2026-04-17,unknown,unknown,unknown,"Could use Brooksie to clarify vague spatial questions, automate research, and generate maps, insights, and reports faster.",unknown
"LPA Systems, Inc.",,,unknown,,unknown,,unknown,unknown,unknown,unknown,unknown,unknown,,,,"LPA Systems, Inc.",unknown,unknown,unknown,unknown,unknown,unknown,unknown,unknown,unknown,enterprise,unknown,unknown,unknown,unknown,unknown,unknown,unknown,unknown,unknown,unknown,direct,Direct website-led GTM into enterprise users for unknown.,unknown,unknown,unknown,unknown,unknown,unknown,2026-04-17,unknown,unknown,unknown,"Could use Brooksie to clarify vague spatial questions, automate research, and generate maps, insights, and reports faster.",unknown
LTI DataComm,,,unknown,,unknown,,unknown,unknown,unknown,unknown,unknown,unknown,,,,LTI DataComm,unknown,unknown,unknown,unknown,unknown,unknown,unknown,unknown,unknown,enterprise,unknown,unknown,unknown,unknown,unknown,unknown,unknown,unknown,unknown,unknown,direct,Direct website-led GTM into enterprise users for unknown.,unknown,unknown,unknown,unknown,unknown,unknown,2026-04-17,unknown,unknown,unknown,"Could use Brooksie to clarify vague spatial questions, automate research, and generate maps, insights, and reports faster.",unknown
"M Property Services, LLC/ North Side Regeneration",,,unknown,,unknown,,unknown,unknown,unknown,unknown,unknown,unknown,,,,"M Property Services, LLC/ North Side Regeneration",unknown,unknown,unknown,unknown,unknown,unknown,unknown,real estate,services,enterprise,unknown,unknown,unknown,services,unknown,unknown,Services and project fees,unknown,unknown,unknown,direct,Direct website-led GTM into enterprise users for unknown.,unknown,unknown,unknown,unknown,unknown,unknown,2026-04-17,unknown,unknown,unknown,"Could use Brooksie to clarify vague spatial questions, automate research, and generate maps, insights, and reports faster.",unknown
Mactosoft Private limited,,India,unknown,,unknown,,unknown,unknown,unknown,unknown,unknown,unknown,,,,Mactosoft Private limited,India,unknown,unknown,unknown,unknown,unknown,unknown,unknown,unknown,enterprise,unknown,unknown,unknown,unknown,unknown,unknown,unknown,unknown,unknown,unknown,direct,Direct website-led GTM into enterprise users for unknown.,unknown,unknown,unknown,unknown,unknown,unknown,2026-04-17,unknown,unknown,unknown,"Could use Brooksie to clarify vague spatial questions, automate research, and generate maps, insights, and reports faster.",unknown
Mag Specialties,,,unknown,commercial drone / event exhibitor,Commercial UAV Expo 2023 exhibitor.,"Commercial drone, surveying, mapping, lidar, or related services",yes,unknown,yes,yes,unknown,https://www.expouav.com/2023-exhibitor-list/,,,,Mag Specialties,unknown,unknown,unknown,unknown,"Commercial drone, surveying, mapping, lidar, or related services",drone mapping platform,drone mapping; surveying,unknown,SaaS; services,enterprise,GIS analyst; surveyor; drone operator,unknown,unknown,services,unknown,unknown,Services and project fees,drone mapping platform,DroneDeploy; Pix4D; FlyPix AI,unknown,direct,Direct website-led GTM into enterprise users for drone mapping platform.,unknown,unknown,unknown,unknown,unknown,unknown,2026-04-17,drone imagery; LiDAR / point clouds,unknown,Indirect competitor at most; this is closer to an input or data layer than Brooksie's planning-and-execution workspace.,Could use Brooksie internally to turn ad hoc geospatial questions into repeatable analysis workflows and reports.,"Brooksie could use this as a data source, imagery supplier, or API integration inside geospatial workflows."
Mainstay Software Corporation,,,unknown,,unknown,,unknown,unknown,unknown,unknown,unknown,unknown,,,,Mainstay Software Corporation,unknown,unknown,unknown,unknown,unknown,unknown,unknown,unknown,SaaS,enterprise,unknown,unknown,unknown,unknown,unknown,unknown,unknown,unknown,unknown,unknown,direct,Direct website-led GTM into enterprise users for unknown.,unknown,unknown,unknown,unknown,unknown,unknown,2026-04-17,unknown,unknown,unknown,"Could use Brooksie to clarify vague spatial questions, automate research, and generate maps, insights, and reports faster.",unknown
MapperX,,,unknown,,unknown,,yes,unknown,unknown,unknown,unknown,unknown,,5745,,MapperX,unknown,unknown,unknown,unknown,unknown,unknown,unknown,unknown,unknown,enterprise,unknown,unknown,unknown,unknown,unknown,unknown,unknown,unknown,unknown,unknown,direct,Direct website-led GTM into enterprise users for unknown.,unknown,5745,unknown,unknown,unknown,unknown,2026-04-17,unknown,unknown,unknown,"Could use Brooksie to clarify vague spatial questions, automate research, and generate maps, insights, and reports faster.",unknown
Mapsol Geospatial Solutions Private Limited,,India,unknown,geospatial software / GIS,GIS / mapping platform,GIS and mapping platform,yes,unknown,unknown,unknown,unknown,unknown,,,,Mapsol Geospatial Solutions Private Limited,India,unknown,unknown,unknown,GIS and mapping platform,GIS / mapping platform,unknown,unknown,SaaS,enterprise,GIS analyst,unknown,unknown,unknown,unknown,unknown,unknown,GIS / mapping platform,Esri; Mapbox; CARTO; Felt; Atlas.co,unknown,direct,Direct website-led GTM into enterprise users for GIS / mapping platform.,unknown,unknown,unknown,unknown,unknown,unknown,2026-04-17,GIS data,unknown,"Direct or partial competitor on geospatial analysis workflows, map outputs, and cross-source insight delivery.","Could use Brooksie to clarify vague spatial questions, automate research, and generate maps, insights, and reports faster.","Brooksie could use this for map rendering, visualization, geospatial UI components, or workflow integrations."
MapXact,,,unknown,,unknown,,yes,unknown,unknown,unknown,unknown,unknown,,1260,,MapXact,unknown,unknown,unknown,unknown,unknown,unknown,unknown,unknown,unknown,enterprise,unknown,unknown,unknown,unknown,unknown,unknown,unknown,unknown,unknown,unknown,direct,Direct website-led GTM into enterprise users for unknown.,unknown,1260,unknown,unknown,unknown,unknown,2026-04-17,unknown,unknown,unknown,"Could use Brooksie to clarify vague spatial questions, automate research, and generate maps, insights, and reports faster.",unknown
MatriARC PROJECTion LLC,,United States,Ysleta Del Sur Pueblo,GIS / Esri partner,"MatriArc Projection is a small startup focused on helping non-profits, Tribes and other organizations with environmental and social justice work, through location-based data and projects...",GIS and mapping platform,yes,unknown,unknown,unknown,unknown,https://www.esri.com/en-us/about/partners/find-partner | https://www.esri.com/partners/matriarc-projection-a2T5x000007udlMEAQ,,,,MatriARC PROJECTion LLC,United States,Ysleta Del Sur Pueblo,unknown,unknown,GIS and mapping platform,GIS / mapping platform,unknown,environmental services,SaaS; services,SMB; enterprise,GIS analyst,unknown,unknown,services,unknown,unknown,Services and project fees,GIS / mapping platform,Esri; Mapbox; CARTO; Felt; Atlas.co,Esri,partner-led,Partner-oriented GTM into SMB; enterprise accounts for GIS / mapping platform.,unknown,unknown,unknown,unknown,unknown,unknown,2026-04-17,GIS data,unknown,"Direct or partial competitor on geospatial analysis workflows, map outputs, and cross-source insight delivery.","Could use Brooksie to clarify vague spatial questions, automate research, and generate maps, insights, and reports faster.","Brooksie could use this for map rendering, visualization, geospatial UI components, or workflow integrations."
Meadowgate Technologies,,,unknown,,unknown,,unknown,unknown,unknown,unknown,unknown,unknown,,,,Meadowgate Technologies,unknown,unknown,unknown,unknown,unknown,unknown,unknown,unknown,unknown,enterprise,unknown,unknown,unknown,unknown,unknown,unknown,unknown,unknown,unknown,unknown,direct,Direct website-led GTM into enterprise users for unknown.,unknown,unknown,unknown,unknown,unknown,unknown,2026-04-17,unknown,unknown,unknown,"Could use Brooksie to clarify vague spatial questions, automate research, and generate maps, insights, and reports faster.",unknown
Megabit Sp z o o,,Poland,Warszawa,GIS / Esri partner,GIS / mapping platform,GIS and mapping platform,yes,unknown,unknown,unknown,unknown,https://www.esri.com/en-us/about/partners/find-partner | https://www.esri.com/partners/megabit-sp-z-o-o-a2T70000000TNYoEAO,,,,Megabit Sp z o o,Poland,Warszawa,unknown,unknown,GIS and mapping platform,GIS / mapping platform,unknown,unknown,SaaS,enterprise,GIS analyst,unknown,unknown,unknown,unknown,unknown,unknown,GIS / mapping platform,Esri; Mapbox; CARTO; Felt; Atlas.co,Esri,partner-led,Partner-oriented GTM into enterprise accounts for GIS / mapping platform.,unknown,unknown,unknown,unknown,unknown,unknown,2026-04-17,GIS data,unknown,"Direct or partial competitor on geospatial analysis workflows, map outputs, and cross-source insight delivery.","Could use Brooksie to clarify vague spatial questions, automate research, and generate maps, insights, and reports faster.","Brooksie could use this for map rendering, visualization, geospatial UI components, or workflow integrations."
Mercom Corporation,,,unknown,,unknown,,unknown,unknown,unknown,unknown,unknown,unknown,,,,Mercom Corporation,unknown,unknown,unknown,unknown,unknown,unknown,unknown,unknown,unknown,enterprise,unknown,unknown,unknown,unknown,unknown,unknown,unknown,unknown,unknown,unknown,direct,Direct website-led GTM into enterprise users for unknown.,unknown,unknown,unknown,unknown,unknown,unknown,2026-04-17,unknown,unknown,unknown,"Could use Brooksie to clarify vague spatial questions, automate research, and generate maps, insights, and reports faster.",unknown
"MetaCarta, Inc.",,,unknown,,unknown,,unknown,unknown,unknown,unknown,unknown,unknown,,,,"MetaCarta, Inc.",unknown,unknown,unknown,unknown,unknown,unknown,unknown,unknown,unknown,enterprise,unknown,unknown,unknown,unknown,unknown,unknown,unknown,unknown,unknown,unknown,direct,Direct website-led GTM into enterprise users for unknown.,unknown,unknown,unknown,unknown,unknown,unknown,2026-04-17,unknown,unknown,unknown,"Could use Brooksie to clarify vague spatial questions, automate research, and generate maps, insights, and reports faster.",unknown
MGS,,,unknown,,unknown,,unknown,unknown,unknown,unknown,unknown,unknown,,1994,,MGS,unknown,unknown,unknown,unknown,unknown,unknown,unknown,unknown,unknown,enterprise,unknown,unknown,unknown,unknown,unknown,unknown,unknown,unknown,unknown,unknown,direct,Direct website-led GTM into enterprise users for unknown.,unknown,1994,unknown,unknown,unknown,unknown,2026-04-17,unknown,unknown,unknown,"Could use Brooksie to clarify vague spatial questions, automate research, and generate maps, insights, and reports faster.",unknown
MGTS,,India,unknown,,unknown,,unknown,unknown,unknown,unknown,unknown,unknown,,,,MGTS,India,unknown,unknown,unknown,unknown,unknown,unknown,unknown,unknown,enterprise,unknown,unknown,unknown,unknown,unknown,unknown,unknown,unknown,unknown,unknown,direct,Direct website-led GTM into enterprise users for unknown.,unknown,unknown,unknown,unknown,unknown,unknown,2026-04-17,unknown,unknown,unknown,"Could use Brooksie to clarify vague spatial questions, automate research, and generate maps, insights, and reports faster.",unknown
MicroTec,,,unknown,,unknown,,unknown,unknown,unknown,unknown,unknown,unknown,,,,MicroTec,unknown,unknown,unknown,unknown,unknown,unknown,unknown,unknown,unknown,enterprise,unknown,unknown,unknown,unknown,unknown,unknown,unknown,unknown,unknown,unknown,direct,Direct website-led GTM into enterprise users for unknown.,unknown,unknown,unknown,unknown,unknown,unknown,2026-04-17,unknown,unknown,unknown,"Could use Brooksie to clarify vague spatial questions, automate research, and generate maps, insights, and reports faster.",unknown
Miller Creek Associates,,,unknown,,unknown,,unknown,unknown,unknown,unknown,unknown,unknown,,82,,Miller Creek Associates,unknown,unknown,unknown,unknown,unknown,unknown,unknown,unknown,unknown,enterprise,unknown,unknown,unknown,unknown,unknown,unknown,unknown,unknown,unknown,unknown,direct,Direct website-led GTM into enterprise users for unknown.,unknown,82,unknown,unknown,unknown,unknown,2026-04-17,unknown,unknown,unknown,"Could use Brooksie to clarify vague spatial questions, automate research, and generate maps, insights, and reports faster.",unknown
Mitsubishi Digital Electronics,,,unknown,,unknown,,unknown,unknown,unknown,unknown,unknown,unknown,,,,Mitsubishi Digital Electronics,unknown,unknown,unknown,unknown,unknown,unknown,unknown,unknown,unknown,enterprise,unknown,unknown,unknown,unknown,unknown,unknown,unknown,unknown,unknown,unknown,direct,Direct website-led GTM into enterprise users for unknown.,unknown,unknown,unknown,unknown,unknown,unknown,2026-04-17,unknown,unknown,unknown,"Could use Brooksie to clarify vague spatial questions, automate research, and generate maps, insights, and reports faster.",unknown
Mobile Xperience Concepts,,,unknown,,unknown,,unknown,unknown,unknown,unknown,unknown,unknown,,,,Mobile Xperience Concepts,unknown,unknown,unknown,unknown,unknown,unknown,unknown,unknown,unknown,enterprise,unknown,unknown,unknown,unknown,unknown,unknown,unknown,unknown,unknown,unknown,direct,Direct website-led GTM into enterprise users for unknown.,unknown,unknown,unknown,unknown,unknown,unknown,2026-04-17,unknown,unknown,unknown,"Could use Brooksie to clarify vague spatial questions, automate research, and generate maps, insights, and reports faster.",unknown
Mobinotech,,,unknown,earth observation / Planet partner,Partner brand listed in the Planet partner directory.,"Earth observation, geospatial analytics, or satellite data services",yes,yes,unknown,unknown,yes,https://partner.planet.com/directory/s/list | https://partner.planet.com/directory/s/accountbrand/0TUHp00000008P7OAI/mobinotech,,,,Mobinotech,unknown,unknown,unknown,unknown,"Earth observation, geospatial analytics, or satellite data services",earth observation analytics,geospatial analysis; satellite imagery analysis,unknown,services,enterprise,remote sensing analyst; data analyst,unknown,unknown,services,unknown,unknown,Services and project fees,earth observation analytics,Planet; Picterra; Brooksie AI; UP42,Planet,partner-led,Partner-oriented GTM into enterprise accounts for earth observation analytics.,unknown,unknown,unknown,unknown,unknown,unknown,2026-04-17,satellite imagery,unknown,"Direct or partial competitor on geospatial analysis workflows, map outputs, and cross-source insight delivery.",Could use Brooksie internally to turn ad hoc geospatial questions into repeatable analysis workflows and reports.,"Brooksie could use this as a data source, imagery supplier, or API integration inside geospatial workflows."
Monalee,,,unknown,,unknown,,unknown,unknown,unknown,unknown,unknown,unknown,,3978,,Monalee,unknown,unknown,unknown,unknown,unknown,unknown,unknown,unknown,unknown,enterprise,unknown,unknown,unknown,unknown,unknown,unknown,unknown,unknown,unknown,unknown,direct,Direct website-led GTM into enterprise users for unknown.,unknown,3978,unknown,unknown,unknown,unknown,2026-04-17,unknown,unknown,unknown,"Could use Brooksie to clarify vague spatial questions, automate research, and generate maps, insights, and reports faster.",unknown
MSHCAD,,India,unknown,,unknown,,unknown,unknown,unknown,unknown,unknown,unknown,,,,MSHCAD,India,unknown,unknown,unknown,unknown,unknown,unknown,unknown,unknown,enterprise,unknown,unknown,unknown,unknown,unknown,unknown,unknown,unknown,unknown,unknown,direct,Direct website-led GTM into enterprise users for unknown.,unknown,unknown,unknown,unknown,unknown,unknown,2026-04-17,unknown,unknown,unknown,"Could use Brooksie to clarify vague spatial questions, automate research, and generate maps, insights, and reports faster.",unknown
Myr Projetos Sustentaveis,,Brazil,Belo Horizonte,GIS / Esri partner,"The MYR Group is a group of urban and environmental planning companies, oriented towards the sustainable and intelligent development of cities and regions.Focused on the...","Application Development, Business Case Development, Data Conversion/Migration, GIS Strategy and Planning, Hosting Services, Implementation, Needs and Requirements, System Integration",yes,unknown,unknown,unknown,unknown,https://www.esri.com/en-us/about/partners/find-partner | https://www.esri.com/partners/myr-projetos-sustent-a2T70000000TZ8iEAG,,,,Myr Projetos Sustentaveis,Brazil,Belo Horizonte,unknown,unknown,"Application Development, Business Case Development, Data Conversion/Migration, GIS Strategy and Planning, Hosting Services, Implementation, Needs and Requirements, System...",GIS / mapping platform,unknown,environmental services,SaaS; services,enterprise,GIS analyst; planner,unknown,unknown,services,unknown,unknown,Services and project fees,GIS / mapping platform,Esri; Mapbox; CARTO; Felt; Atlas.co,Esri,partner-led,Partner-oriented GTM into enterprise accounts for GIS / mapping platform.,unknown,unknown,unknown,unknown,unknown,unknown,2026-04-17,GIS data; API integrations,unknown,"Direct or partial competitor on geospatial analysis workflows, map outputs, and cross-source insight delivery.","Could use Brooksie to clarify vague spatial questions, automate research, and generate maps, insights, and reports faster.","Brooksie could use this for map rendering, visualization, geospatial UI components, or workflow integrations."
n-Dimensional-GIS Solutions (NDGS),,India,unknown,geospatial software / GIS,GIS / mapping platform,GIS,yes,unknown,unknown,unknown,unknown,unknown,,,,n-Dimensional-GIS Solutions (NDGS),India,unknown,unknown,unknown,GIS,GIS / mapping platform,unknown,unknown,SaaS,enterprise,GIS analyst,unknown,unknown,unknown,unknown,unknown,unknown,GIS / mapping platform,Esri; Mapbox; CARTO; Felt; Atlas.co,unknown,direct,Direct website-led GTM into enterprise users for GIS / mapping platform.,unknown,unknown,unknown,unknown,unknown,unknown,2026-04-17,GIS data,unknown,"Direct or partial competitor on geospatial analysis workflows, map outputs, and cross-source insight delivery.","Could use Brooksie to clarify vague spatial questions, automate research, and generate maps, insights, and reports faster.","Brooksie could use this for map rendering, visualization, geospatial UI components, or workflow integrations."
NAID,,,unknown,,unknown,,unknown,unknown,unknown,unknown,unknown,unknown,,,,NAID,unknown,unknown,unknown,unknown,unknown,unknown,unknown,unknown,unknown,enterprise,unknown,unknown,unknown,unknown,unknown,unknown,unknown,unknown,unknown,unknown,direct,Direct website-led GTM into enterprise users for unknown.,unknown,unknown,unknown,unknown,unknown,unknown,2026-04-17,unknown,unknown,unknown,"Could use Brooksie to clarify vague spatial questions, automate research, and generate maps, insights, and reports faster.",unknown
Naksha Consulting Group,,India,unknown,consulting / integration services,consulting / integration services,Geospatial consulting and integration services,unknown,unknown,unknown,unknown,unknown,unknown,,,,Naksha Consulting Group,India,unknown,unknown,unknown,Geospatial consulting and integration services,consulting / integration services,unknown,unknown,services,enterprise,unknown,unknown,unknown,services,unknown,unknown,Services and project fees,consulting / integration services,Esri partners; GIS consultancies; system integrators,unknown,direct,Direct website-led GTM into enterprise users for consulting / integration services.,unknown,unknown,unknown,unknown,unknown,unknown,2026-04-17,unknown,unknown,"Partial competitor in analysis delivery services, but not a direct AI-native platform substitute.","Could use Brooksie to accelerate proposal scoping, multi-source analysis, and client-ready maps and reports.","Brooksie could use this company as an implementation, data-collection, or channel partner."
NAL Technologies,,,unknown,,unknown,,unknown,unknown,unknown,unknown,unknown,unknown,,4453,,NAL Technologies,unknown,unknown,unknown,unknown,unknown,unknown,unknown,unknown,unknown,enterprise,unknown,unknown,unknown,unknown,unknown,unknown,unknown,unknown,unknown,unknown,direct,Direct website-led GTM into enterprise users for unknown.,unknown,4453,unknown,unknown,unknown,unknown,2026-04-17,unknown,unknown,unknown,"Could use Brooksie to clarify vague spatial questions, automate research, and generate maps, insights, and reports faster.",unknown
NationalMap Limited,,,unknown,,unknown,,yes,unknown,unknown,unknown,unknown,unknown,,862,,NationalMap Limited,unknown,unknown,unknown,unknown,unknown,unknown,unknown,unknown,unknown,enterprise,unknown,unknown,unknown,unknown,unknown,unknown,unknown,unknown,unknown,unknown,direct,Direct website-led GTM into enterprise users for unknown.,unknown,862,unknown,unknown,unknown,unknown,2026-04-17,unknown,unknown,unknown,"Could use Brooksie to clarify vague spatial questions, automate research, and generate maps, insights, and reports faster.",unknown
Nectar Engineering and Software Solutions (NESS),,India,unknown,,unknown,,unknown,unknown,unknown,unknown,unknown,unknown,,,,Nectar Engineering and Software Solutions (NESS),India,unknown,unknown,unknown,unknown,unknown,unknown,AEC / infrastructure,SaaS,enterprise,unknown,unknown,unknown,unknown,unknown,unknown,unknown,unknown,unknown,unknown,direct,Direct website-led GTM into enterprise users for unknown.,unknown,unknown,unknown,unknown,unknown,unknown,2026-04-17,unknown,unknown,unknown,"Could use Brooksie to clarify vague spatial questions, automate research, and generate maps, insights, and reports faster.",unknown
NerVve,,,unknown,,unknown,,unknown,unknown,unknown,unknown,unknown,unknown,,,,NerVve,unknown,unknown,unknown,unknown,unknown,unknown,unknown,unknown,unknown,enterprise,unknown,unknown,unknown,unknown,unknown,unknown,unknown,unknown,unknown,unknown,direct,Direct website-led GTM into enterprise users for unknown.,unknown,unknown,unknown,unknown,unknown,unknown,2026-04-17,unknown,unknown,unknown,"Could use Brooksie to clarify vague spatial questions, automate research, and generate maps, insights, and reports faster.",unknown
NET,,,unknown,,unknown,,unknown,unknown,unknown,unknown,unknown,unknown,,,,NET,unknown,unknown,unknown,unknown,unknown,unknown,unknown,unknown,unknown,enterprise,unknown,unknown,unknown,unknown,unknown,unknown,unknown,unknown,unknown,unknown,direct,Direct website-led GTM into enterprise users for unknown.,unknown,unknown,unknown,unknown,unknown,unknown,2026-04-17,unknown,unknown,unknown,"Could use Brooksie to clarify vague spatial questions, automate research, and generate maps, insights, and reports faster.",unknown
Netlocity,,,unknown,,unknown,,unknown,unknown,unknown,unknown,unknown,unknown,,,,Netlocity,unknown,unknown,unknown,unknown,unknown,unknown,unknown,government,unknown,government,unknown,unknown,unknown,unknown,unknown,unknown,unknown,unknown,unknown,unknown,direct,Direct website-led GTM into government users for unknown.,unknown,unknown,unknown,unknown,unknown,unknown,2026-04-17,unknown,unknown,unknown,"Could use Brooksie to clarify vague spatial questions, automate research, and generate maps, insights, and reports faster.",unknown
NetServices Incorporated,,,unknown,,unknown,,unknown,unknown,unknown,unknown,unknown,unknown,,,,NetServices Incorporated,unknown,unknown,unknown,unknown,unknown,unknown,unknown,unknown,services,enterprise,unknown,unknown,unknown,services,unknown,unknown,Services and project fees,unknown,unknown,unknown,direct,Direct website-led GTM into enterprise users for unknown.,unknown,unknown,unknown,unknown,unknown,unknown,2026-04-17,unknown,unknown,unknown,"Could use Brooksie to clarify vague spatial questions, automate research, and generate maps, insights, and reports faster.",unknown
Network General,,,unknown,,unknown,,unknown,unknown,unknown,unknown,unknown,unknown,,,,Network General,unknown,unknown,unknown,unknown,unknown,unknown,unknown,unknown,unknown,enterprise,unknown,unknown,unknown,unknown,unknown,unknown,unknown,unknown,unknown,unknown,direct,Direct website-led GTM into enterprise users for unknown.,unknown,unknown,unknown,unknown,unknown,unknown,2026-04-17,unknown,unknown,unknown,"Could use Brooksie to clarify vague spatial questions, automate research, and generate maps, insights, and reports faster.",unknown
Networks Requirements & Engineering Services Provider (NRESP),,,unknown,,unknown,,unknown,unknown,unknown,unknown,unknown,unknown,,,,Networks Requirements & Engineering Services Provider (NRESP),unknown,unknown,unknown,unknown,unknown,unknown,unknown,AEC / infrastructure,services,enterprise,unknown,unknown,unknown,services,unknown,unknown,Services and project fees,unknown,unknown,unknown,direct,Direct website-led GTM into enterprise users for unknown.,unknown,unknown,unknown,unknown,unknown,unknown,2026-04-17,unknown,unknown,unknown,"Could use Brooksie to clarify vague spatial questions, automate research, and generate maps, insights, and reports faster.",unknown
NewVision GeoEngineering Solutions,,India,unknown,,unknown,,unknown,unknown,unknown,unknown,unknown,unknown,,,,NewVision GeoEngineering Solutions,India,unknown,unknown,unknown,unknown,unknown,unknown,AEC / infrastructure,unknown,enterprise,unknown,unknown,unknown,unknown,unknown,unknown,unknown,unknown,unknown,unknown,direct,Direct website-led GTM into enterprise users for unknown.,unknown,unknown,unknown,unknown,unknown,unknown,2026-04-17,unknown,unknown,unknown,"Could use Brooksie to clarify vague spatial questions, automate research, and generate maps, insights, and reports faster.",unknown
NextFED Inc.,,,unknown,,unknown,,unknown,unknown,unknown,unknown,unknown,unknown,,,,NextFED Inc.,unknown,unknown,unknown,unknown,unknown,unknown,unknown,unknown,unknown,enterprise,unknown,unknown,unknown,unknown,unknown,unknown,unknown,unknown,unknown,unknown,direct,Direct website-led GTM into enterprise users for unknown.,unknown,unknown,unknown,unknown,unknown,unknown,2026-04-17,unknown,unknown,unknown,"Could use Brooksie to clarify vague spatial questions, automate research, and generate maps, insights, and reports faster.",unknown
NJVC/Chenega,,,unknown,,unknown,,unknown,unknown,unknown,unknown,unknown,unknown,,,,NJVC/Chenega,unknown,unknown,unknown,unknown,unknown,unknown,unknown,unknown,unknown,enterprise,unknown,unknown,unknown,unknown,unknown,unknown,unknown,unknown,unknown,unknown,direct,Direct website-led GTM into enterprise users for unknown.,unknown,unknown,unknown,unknown,unknown,unknown,2026-04-17,unknown,unknown,unknown,"Could use Brooksie to clarify vague spatial questions, automate research, and generate maps, insights, and reports faster.",unknown
NomadIQ,,,unknown,,unknown,,unknown,unknown,unknown,unknown,unknown,unknown,,677,,NomadIQ,unknown,unknown,unknown,unknown,unknown,unknown,unknown,unknown,unknown,enterprise,unknown,unknown,unknown,unknown,unknown,unknown,unknown,unknown,unknown,unknown,direct,Direct website-led GTM into enterprise users for unknown.,unknown,677,unknown,unknown,unknown,unknown,2026-04-17,unknown,unknown,unknown,"Could use Brooksie to clarify vague spatial questions, automate research, and generate maps, insights, and reports faster.",unknown
Nortel Government Solutions,,,unknown,,unknown,,unknown,unknown,unknown,unknown,unknown,unknown,,,,Nortel Government Solutions,unknown,unknown,unknown,unknown,unknown,unknown,unknown,government,unknown,government,unknown,unknown,unknown,unknown,unknown,unknown,unknown,unknown,unknown,unknown,direct,Direct website-led GTM into government users for unknown.,unknown,unknown,unknown,unknown,unknown,unknown,2026-04-17,unknown,unknown,unknown,"Could use Brooksie to clarify vague spatial questions, automate research, and generate maps, insights, and reports faster.",unknown
NORTH51 Conference,,,unknown,,unknown,,unknown,unknown,unknown,unknown,unknown,unknown,,1388,,NORTH51 Conference,unknown,unknown,unknown,unknown,unknown,unknown,unknown,unknown,unknown,enterprise,unknown,unknown,unknown,unknown,unknown,unknown,unknown,unknown,unknown,unknown,direct,Direct website-led GTM into enterprise users for unknown.,unknown,1388,unknown,unknown,unknown,unknown,2026-04-17,unknown,unknown,unknown,"Could use Brooksie to clarify vague spatial questions, automate research, and generate maps, insights, and reports faster.",unknown
Novoplan,,Australia,Woolloongabba,GIS / Esri partner,"Novoplan is a cutting edge software tool that takes the guesswork out of managing infrastructure charges and planning for local government, state authorities and utilities.Novoplan...",GIS and mapping platform,yes,unknown,unknown,unknown,unknown,https://www.esri.com/en-us/about/partners/find-partner | https://www.esri.com/partners/novoplan-a2Tf2000005GukNEAS,,,,Novoplan,Australia,Woolloongabba,unknown,unknown,GIS and mapping platform,GIS / mapping platform,unknown,government; AEC / infrastructure; energy / utilities,SaaS,government; enterprise,GIS analyst; planner,unknown,unknown,unknown,unknown,unknown,unknown,GIS / mapping platform,Esri; Mapbox; CARTO; Felt; Atlas.co,Esri,partner-led,Partner-oriented GTM into government; enterprise accounts for GIS / mapping platform.,unknown,unknown,unknown,unknown,unknown,unknown,2026-04-17,GIS data,unknown,"Direct or partial competitor on geospatial analysis workflows, map outputs, and cross-source insight delivery.","Could use Brooksie to clarify vague spatial questions, automate research, and generate maps, insights, and reports faster.","Brooksie could use this for map rendering, visualization, geospatial UI components, or workflow integrations."
NOZOM for Production Technology,,Egypt,Cairo,GIS / Esri partner,NOZOM was found in 2012 with HW in Maadi - Cairo. focusing on developing the operational & production models in Energy Business ( O&G ...,"Application Development, Business Case Development, Data Conversion/Migration, Data Model & Database Design, GIS Strategy and Planning, Implementation, Needs and Requirements, System Architecture and Design, System Integration, Training Services",yes,unknown,unknown,unknown,unknown,https://www.esri.com/en-us/about/partners/find-partner | https://www.esri.com/partners/nozom-for-production-a2T5x00000ACJZKEA5,,,,NOZOM for Production Technology,Egypt,Cairo,unknown,unknown,Geospatial consulting and integration services,consulting / integration services,unknown,AEC / infrastructure; energy / utilities,services,enterprise,GIS analyst; planner,unknown,unknown,services,unknown,unknown,Services and project fees,consulting / integration services,Esri partners; GIS consultancies; system integrators,Esri,partner-led,Partner-oriented GTM into enterprise accounts for consulting / integration services.,unknown,unknown,unknown,unknown,unknown,unknown,2026-04-17,GIS data; API integrations,unknown,"Partial competitor in analysis delivery services, but not a direct AI-native platform substitute.","Could use Brooksie to accelerate proposal scoping, multi-source analysis, and client-ready maps and reports.","Brooksie could use this company as an implementation, data-collection, or channel partner."
Object Raku,,,unknown,,unknown,,unknown,unknown,unknown,unknown,unknown,unknown,,,,Object Raku,unknown,unknown,unknown,unknown,unknown,unknown,unknown,unknown,unknown,enterprise,unknown,unknown,unknown,unknown,unknown,unknown,unknown,unknown,unknown,unknown,direct,Direct website-led GTM into enterprise users for unknown.,unknown,unknown,unknown,unknown,unknown,unknown,2026-04-17,unknown,unknown,unknown,"Could use Brooksie to clarify vague spatial questions, automate research, and generate maps, insights, and reports faster.",unknown
Oblong Industries,,,unknown,,unknown,,unknown,unknown,unknown,unknown,unknown,unknown,,,,Oblong Industries,unknown,unknown,unknown,unknown,unknown,unknown,unknown,unknown,unknown,enterprise,unknown,unknown,unknown,unknown,unknown,unknown,unknown,unknown,unknown,unknown,direct,Direct website-led GTM into enterprise users for unknown.,unknown,unknown,unknown,unknown,unknown,unknown,2026-04-17,unknown,unknown,unknown,"Could use Brooksie to clarify vague spatial questions, automate research, and generate maps, insights, and reports faster.",unknown
OneView Inspection Software,,,unknown,,unknown,,unknown,unknown,unknown,unknown,unknown,unknown,,22,,OneView Inspection Software,unknown,unknown,unknown,unknown,unknown,unknown,unknown,unknown,SaaS,enterprise,unknown,unknown,unknown,unknown,unknown,unknown,unknown,unknown,unknown,unknown,direct,Direct website-led GTM into enterprise users for unknown.,unknown,22,unknown,unknown,unknown,unknown,2026-04-17,unknown,unknown,unknown,"Could use Brooksie to clarify vague spatial questions, automate research, and generate maps, insights, and reports faster.",unknown
OnXR,,,unknown,,unknown,,unknown,unknown,unknown,unknown,unknown,https://www.linkedin.com/company/onxr/,https://www.linkedin.com/company/onxr/,168,,OnXR,unknown,unknown,unknown,unknown,unknown,unknown,unknown,unknown,unknown,enterprise,unknown,unknown,unknown,unknown,unknown,unknown,unknown,unknown,unknown,unknown,direct,Direct website-led GTM into enterprise users for unknown.,unknown,168,unknown,unknown,unknown,unknown,2026-04-17,unknown,unknown,unknown,"Could use Brooksie to clarify vague spatial questions, automate research, and generate maps, insights, and reports faster.",unknown
Open Source GEOINT,,,unknown,open-source geospatial library,open-source geospatial library,Open-source geospatial visualization library,unknown,unknown,unknown,unknown,unknown,unknown,,,,Open Source GEOINT,unknown,unknown,unknown,unknown,Open-source geospatial visualization library,open-source geospatial library,unknown,defense / intelligence,API,government,developer,unknown,unknown,unknown,unknown,unknown,unknown,open-source open-source geospatial library,kepler.gl; deck.gl; Mapbox,unknown,open source + paid,Developer-led adoption with open-source distribution and paid/commercial upsell.,unknown,unknown,unknown,unknown,unknown,unknown,2026-04-17,unknown,open source,unknown,"Could use Brooksie to clarify vague spatial questions, automate research, and generate maps, insights, and reports faster.","Brooksie could use this for map rendering, visualization, geospatial UI components, or workflow integrations."
OpsReady,,,unknown,,unknown,,unknown,unknown,unknown,unknown,unknown,unknown,,3192,,OpsReady,unknown,unknown,unknown,unknown,unknown,unknown,unknown,unknown,unknown,enterprise,unknown,unknown,unknown,unknown,unknown,unknown,unknown,unknown,unknown,unknown,direct,Direct website-led GTM into enterprise users for unknown.,unknown,3192,unknown,unknown,unknown,unknown,2026-04-17,unknown,unknown,unknown,"Could use Brooksie to clarify vague spatial questions, automate research, and generate maps, insights, and reports faster.",unknown
Orbuculum (DLTEO GmbH),,,unknown,,unknown,,unknown,unknown,unknown,unknown,unknown,unknown,,105,,Orbuculum (DLTEO GmbH),unknown,unknown,unknown,unknown,unknown,unknown,unknown,unknown,unknown,enterprise,unknown,unknown,unknown,unknown,unknown,unknown,unknown,unknown,unknown,unknown,direct,Direct website-led GTM into enterprise users for unknown.,unknown,105,unknown,unknown,unknown,unknown,2026-04-17,unknown,unknown,unknown,"Could use Brooksie to clarify vague spatial questions, automate research, and generate maps, insights, and reports faster.",unknown
Oriondata Internacional Spa,,,unknown,earth observation / Planet partner,Partner brand listed in the Planet partner directory.,"Earth observation, geospatial analytics, or satellite data services",yes,yes,unknown,unknown,yes,https://partner.planet.com/directory/s/list | https://partner.planet.com/directory/s/accountbrand/0TUHp0000000A5GOAU/oriondata-internacional-spa,,,,Oriondata Internacional Spa,unknown,unknown,unknown,unknown,"Earth observation, geospatial analytics, or satellite data services",earth observation analytics,geospatial analysis; satellite imagery analysis,unknown,services,enterprise,remote sensing analyst; data analyst,unknown,unknown,services,unknown,unknown,Services and project fees,earth observation analytics,Planet; Picterra; Brooksie AI; UP42,Planet,partner-led,Partner-oriented GTM into enterprise accounts for earth observation analytics.,unknown,unknown,unknown,unknown,unknown,unknown,2026-04-17,satellite imagery,unknown,"Direct or partial competitor on geospatial analysis workflows, map outputs, and cross-source insight delivery.",Could use Brooksie internally to turn ad hoc geospatial questions into repeatable analysis workflows and reports.,"Brooksie could use this as a data source, imagery supplier, or API integration inside geospatial workflows."
Pallavi Surveys,,India,unknown,,unknown,,unknown,unknown,unknown,unknown,unknown,unknown,,,,Pallavi Surveys,India,unknown,unknown,unknown,unknown,unknown,surveying,unknown,unknown,enterprise,surveyor,unknown,unknown,unknown,unknown,unknown,unknown,unknown,unknown,unknown,direct,Direct website-led GTM into enterprise users for unknown.,unknown,unknown,unknown,unknown,unknown,unknown,2026-04-17,unknown,unknown,unknown,"Could use Brooksie to clarify vague spatial questions, automate research, and generate maps, insights, and reports faster.",unknown
Panoramic Technologies,,India,unknown,,unknown,,unknown,unknown,unknown,unknown,unknown,unknown,,,,Panoramic Technologies,India,unknown,unknown,unknown,unknown,unknown,unknown,unknown,unknown,enterprise,unknown,unknown,unknown,unknown,unknown,unknown,unknown,unknown,unknown,unknown,direct,Direct website-led GTM into enterprise users for unknown.,unknown,unknown,unknown,unknown,unknown,unknown,2026-04-17,unknown,unknown,unknown,"Could use Brooksie to clarify vague spatial questions, automate research, and generate maps, insights, and reports faster.",unknown
PernixData,,,unknown,,unknown,,unknown,unknown,unknown,unknown,unknown,unknown,,,,PernixData,unknown,unknown,unknown,unknown,unknown,unknown,unknown,unknown,unknown,enterprise,unknown,unknown,unknown,unknown,unknown,unknown,unknown,unknown,unknown,unknown,direct,Direct website-led GTM into enterprise users for unknown.,unknown,unknown,unknown,unknown,unknown,unknown,2026-04-17,unknown,unknown,unknown,"Could use Brooksie to clarify vague spatial questions, automate research, and generate maps, insights, and reports faster.",unknown
PGTEK,,,unknown,,unknown,,unknown,unknown,unknown,unknown,unknown,unknown,,,,PGTEK,unknown,unknown,unknown,unknown,unknown,unknown,unknown,unknown,unknown,enterprise,unknown,unknown,unknown,unknown,unknown,unknown,unknown,unknown,unknown,unknown,direct,Direct website-led GTM into enterprise users for unknown.,unknown,unknown,unknown,unknown,unknown,unknown,2026-04-17,unknown,unknown,unknown,"Could use Brooksie to clarify vague spatial questions, automate research, and generate maps, insights, and reports faster.",unknown
Phelps2020 Inc.,,,unknown,,unknown,,unknown,unknown,unknown,unknown,unknown,unknown,,,,Phelps2020 Inc.,unknown,unknown,unknown,unknown,unknown,unknown,unknown,unknown,unknown,enterprise,unknown,unknown,unknown,unknown,unknown,unknown,unknown,unknown,unknown,unknown,direct,Direct website-led GTM into enterprise users for unknown.,unknown,unknown,unknown,unknown,unknown,unknown,2026-04-17,unknown,unknown,unknown,"Could use Brooksie to clarify vague spatial questions, automate research, and generate maps, insights, and reports faster.",unknown
Pixspan Inc.,,,unknown,,unknown,,unknown,unknown,unknown,unknown,unknown,unknown,,,,Pixspan Inc.,unknown,unknown,unknown,unknown,unknown,unknown,unknown,unknown,unknown,enterprise,unknown,unknown,unknown,unknown,unknown,unknown,unknown,unknown,unknown,unknown,direct,Direct website-led GTM into enterprise users for unknown.,unknown,unknown,unknown,unknown,unknown,unknown,2026-04-17,unknown,unknown,unknown,"Could use Brooksie to clarify vague spatial questions, automate research, and generate maps, insights, and reports faster.",unknown
Plan.City,,,unknown,,unknown,,unknown,unknown,unknown,unknown,unknown,unknown,,392,,Plan.City,unknown,unknown,unknown,unknown,unknown,unknown,unknown,government,unknown,government,unknown,unknown,unknown,unknown,unknown,unknown,unknown,unknown,unknown,unknown,direct,Direct website-led GTM into government users for unknown.,unknown,392,unknown,unknown,unknown,unknown,2026-04-17,unknown,unknown,unknown,"Could use Brooksie to clarify vague spatial questions, automate research, and generate maps, insights, and reports faster.",unknown
"Planet 9 Studios, Inc.",,,unknown,,"Planet 9 Studios, Inc","Planet 9 Studios, Inc",unknown,unknown,unknown,unknown,unknown,unknown,,,,"Planet 9 Studios, Inc.",unknown,unknown,unknown,unknown,"Planet 9 Studios, Inc",unknown,unknown,unknown,mobile,enterprise,unknown,unknown,unknown,unknown,unknown,unknown,unknown,unknown,unknown,Planet,direct,Direct website-led GTM into enterprise users for unknown.,unknown,unknown,unknown,unknown,unknown,unknown,2026-04-17,unknown,unknown,unknown,"Could use Brooksie to clarify vague spatial questions, automate research, and generate maps, insights, and reports faster.",unknown
Power Technology,,,unknown,Geo Week exhibitor,Official Geo Week exhibitor listed for the 2023 event.,"Geospatial, surveying, lidar, reality capture, mapping, or related products/services",yes,unknown,unknown,yes,unknown,https://www.geo-week.com/event-news/geo-week-announces-100-exhibitors-to-date/,,,,Power Technology,unknown,unknown,unknown,unknown,"Geospatial, surveying, lidar, reality capture, mapping, or related products/services",LiDAR / 3D geospatial,surveying,energy / utilities,services,enterprise,GIS analyst; surveyor,unknown,unknown,services,unknown,unknown,Services and project fees,LiDAR / 3D geospatial,RIEGL; Pix4D; Bentley,unknown,direct,Direct website-led GTM into enterprise users for LiDAR / 3D geospatial.,unknown,unknown,unknown,unknown,unknown,unknown,2026-04-17,LiDAR / point clouds,unknown,Indirect competitor at most; this is closer to an input or data layer than Brooksie's planning-and-execution workspace.,Could use Brooksie internally to turn ad hoc geospatial questions into repeatable analysis workflows and reports.,"Brooksie could use this as a data source, imagery supplier, or API integration inside geospatial workflows."
Pratibha Technocrats Pvt.Ltd.,,India,unknown,,Pratibha Technocrats Pvt.Ltd,Pratibha Technocrats Pvt.Ltd,unknown,unknown,unknown,unknown,unknown,unknown,,,,Pratibha Technocrats Pvt.Ltd.,India,unknown,unknown,unknown,Pratibha Technocrats Pvt.Ltd,unknown,unknown,unknown,unknown,enterprise,unknown,unknown,unknown,unknown,unknown,unknown,unknown,unknown,unknown,unknown,direct,Direct website-led GTM into enterprise users for unknown.,unknown,unknown,unknown,unknown,unknown,unknown,2026-04-17,unknown,unknown,unknown,"Could use Brooksie to clarify vague spatial questions, automate research, and generate maps, insights, and reports faster.",unknown
Pre-Loss,,,unknown,,unknown,,unknown,unknown,unknown,unknown,unknown,https://www.linkedin.com/company/pre-loss/,https://www.linkedin.com/company/pre-loss/,320,,Pre-Loss,unknown,unknown,unknown,unknown,unknown,unknown,unknown,unknown,unknown,enterprise,unknown,unknown,unknown,unknown,unknown,unknown,unknown,unknown,unknown,unknown,direct,Direct website-led GTM into enterprise users for unknown.,unknown,320,unknown,unknown,unknown,unknown,2026-04-17,unknown,unknown,unknown,"Could use Brooksie to clarify vague spatial questions, automate research, and generate maps, insights, and reports faster.",unknown
Priemere GeoTechnology,,United States,Katy,GIS / Esri partner,"Specializing in advanced GIS for the GeoScience community, with primary focus on upstream E&P sub-surface analysis in the Oil & Gas sector.With more than 25...","Application Development, Data Conversion/Migration, Implementation",yes,unknown,unknown,unknown,unknown,https://www.esri.com/en-us/about/partners/find-partner | https://www.esri.com/partners/priemere-geotechnolo-a2T70000000TUUbEAO,,,,Priemere GeoTechnology,United States,Katy,unknown,unknown,"Application Development, Data Conversion/Migration, Implementation",GIS / mapping platform,unknown,AEC / infrastructure,SaaS; services,enterprise,GIS analyst,unknown,unknown,services,unknown,unknown,Services and project fees,GIS / mapping platform,Esri; Mapbox; CARTO; Felt; Atlas.co,Esri,partner-led,Partner-oriented GTM into enterprise accounts for GIS / mapping platform.,unknown,unknown,unknown,unknown,unknown,unknown,2026-04-17,GIS data,unknown,"Direct or partial competitor on geospatial analysis workflows, map outputs, and cross-source insight delivery.","Could use Brooksie to clarify vague spatial questions, automate research, and generate maps, insights, and reports faster.","Brooksie could use this for map rendering, visualization, geospatial UI components, or workflow integrations."
Primordial by Polaris Defense,,,unknown,,unknown,,unknown,unknown,unknown,unknown,unknown,unknown,,,,Primordial by Polaris Defense,unknown,unknown,unknown,unknown,unknown,unknown,unknown,defense / intelligence,unknown,government,unknown,unknown,unknown,unknown,unknown,unknown,unknown,unknown,unknown,unknown,direct,Direct website-led GTM into government users for unknown.,unknown,unknown,unknown,unknown,unknown,unknown,2026-04-17,unknown,unknown,unknown,"Could use Brooksie to clarify vague spatial questions, automate research, and generate maps, insights, and reports faster.",unknown
Pro LiDAR,,,unknown,LiDAR / 3D geospatial,LiDAR / 3D geospatial,LiDAR and 3D geospatial platform,unknown,unknown,unknown,yes,unknown,https://www.linkedin.com/showcase/pro-lidar/,https://www.linkedin.com/showcase/pro-lidar/,20,,Pro LiDAR,unknown,unknown,unknown,unknown,LiDAR and 3D geospatial platform,LiDAR / 3D geospatial,unknown,unknown,unknown,enterprise,unknown,unknown,unknown,unknown,unknown,unknown,unknown,LiDAR / 3D geospatial,RIEGL; Pix4D; Bentley,unknown,direct,Direct website-led GTM into enterprise users for LiDAR / 3D geospatial.,unknown,20,unknown,unknown,unknown,unknown,2026-04-17,LiDAR / point clouds,unknown,Indirect competitor at most; this is closer to an input or data layer than Brooksie's planning-and-execution workspace.,Could use Brooksie internally to turn ad hoc geospatial questions into repeatable analysis workflows and reports.,"Brooksie could use this as a data source, imagery supplier, or API integration inside geospatial workflows."
Python Geologists,,,unknown,,unknown,,unknown,unknown,unknown,unknown,unknown,https://www.linkedin.com/company/python-geologists/,https://www.linkedin.com/company/python-geologists/,2082,,Python Geologists,unknown,unknown,unknown,unknown,unknown,unknown,unknown,unknown,unknown,enterprise,unknown,unknown,unknown,unknown,unknown,unknown,unknown,unknown,unknown,unknown,direct,Direct website-led GTM into enterprise users for unknown.,unknown,2082,unknown,unknown,unknown,unknown,2026-04-17,unknown,unknown,unknown,"Could use Brooksie to clarify vague spatial questions, automate research, and generate maps, insights, and reports faster.",unknown
Queb Technologies,,,unknown,earth observation / Planet partner,Partner brand listed in the Planet partner directory.,"Earth observation, geospatial analytics, or satellite data services",yes,yes,unknown,unknown,yes,https://partner.planet.com/directory/s/list | https://partner.planet.com/directory/s/accountbrand/0TUHp0000000CQVOA2/queb-technologies,,,,Queb Technologies,unknown,unknown,unknown,unknown,"Earth observation, geospatial analytics, or satellite data services",earth observation analytics,geospatial analysis; satellite imagery analysis,unknown,services,enterprise,remote sensing analyst; data analyst,unknown,unknown,services,unknown,unknown,Services and project fees,earth observation analytics,Planet; Picterra; Brooksie AI; UP42,Planet,partner-led,Partner-oriented GTM into enterprise accounts for earth observation analytics.,unknown,unknown,unknown,unknown,unknown,unknown,2026-04-17,satellite imagery,unknown,"Direct or partial competitor on geospatial analysis workflows, map outputs, and cross-source insight delivery.",Could use Brooksie internally to turn ad hoc geospatial questions into repeatable analysis workflows and reports.,"Brooksie could use this as a data source, imagery supplier, or API integration inside geospatial workflows."
Ragvasant Engineering And Consultancy Services,,India,unknown,,unknown,,unknown,unknown,unknown,unknown,unknown,unknown,,,,Ragvasant Engineering And Consultancy Services,India,unknown,unknown,unknown,unknown,unknown,unknown,AEC / infrastructure,services,enterprise,unknown,unknown,unknown,services,unknown,unknown,Services and project fees,unknown,unknown,unknown,direct,Direct website-led GTM into enterprise users for unknown.,unknown,unknown,unknown,unknown,unknown,unknown,2026-04-17,unknown,unknown,unknown,"Could use Brooksie to clarify vague spatial questions, automate research, and generate maps, insights, and reports faster.",unknown
RASID,,,unknown,,unknown,,unknown,unknown,unknown,unknown,unknown,unknown,,597,,RASID,unknown,unknown,unknown,unknown,unknown,unknown,unknown,unknown,unknown,enterprise,unknown,unknown,unknown,unknown,unknown,unknown,unknown,unknown,unknown,unknown,direct,Direct website-led GTM into enterprise users for unknown.,unknown,597,unknown,unknown,unknown,unknown,2026-04-17,unknown,unknown,unknown,"Could use Brooksie to clarify vague spatial questions, automate research, and generate maps, insights, and reports faster.",unknown
Raster4,,,unknown,earth observation / Planet partner,Partner brand listed in the Planet partner directory.,"Earth observation, geospatial analytics, or satellite data services",yes,yes,unknown,unknown,yes,https://partner.planet.com/directory/s/list | https://partner.planet.com/directory/s/accountbrand/0TUHp0000000A5LOAU/raster4,,,,Raster4,unknown,unknown,unknown,unknown,"Earth observation, geospatial analytics, or satellite data services",earth observation analytics,geospatial analysis; satellite imagery analysis,unknown,services,enterprise,remote sensing analyst; data analyst,unknown,unknown,services,unknown,unknown,Services and project fees,earth observation analytics,Planet; Picterra; Brooksie AI; UP42,Planet,partner-led,Partner-oriented GTM into enterprise accounts for earth observation analytics.,unknown,unknown,unknown,unknown,unknown,unknown,2026-04-17,satellite imagery,unknown,"Direct or partial competitor on geospatial analysis workflows, map outputs, and cross-source insight delivery.",Could use Brooksie internally to turn ad hoc geospatial questions into repeatable analysis workflows and reports.,"Brooksie could use this as a data source, imagery supplier, or API integration inside geospatial workflows."
Ratekon OÜ,,,unknown,,unknown,,unknown,unknown,unknown,unknown,unknown,unknown,,236,,Ratekon OÜ,unknown,unknown,unknown,unknown,unknown,unknown,unknown,unknown,unknown,enterprise,unknown,unknown,unknown,unknown,unknown,unknown,unknown,unknown,unknown,unknown,direct,Direct website-led GTM into enterprise users for unknown.,unknown,236,unknown,unknown,unknown,unknown,2026-04-17,unknown,unknown,unknown,"Could use Brooksie to clarify vague spatial questions, automate research, and generate maps, insights, and reports faster.",unknown
Redrover Company Ltd.,,,unknown,,unknown,,unknown,unknown,unknown,unknown,unknown,unknown,,,,Redrover Company Ltd.,unknown,unknown,unknown,unknown,unknown,unknown,unknown,unknown,unknown,enterprise,unknown,unknown,unknown,unknown,unknown,unknown,unknown,unknown,unknown,unknown,direct,Direct website-led GTM into enterprise users for unknown.,unknown,unknown,unknown,unknown,unknown,unknown,2026-04-17,unknown,unknown,unknown,"Could use Brooksie to clarify vague spatial questions, automate research, and generate maps, insights, and reports faster.",unknown
Regenerative Soil Health Laboratory,,,unknown,,unknown,,unknown,unknown,unknown,unknown,unknown,unknown,,714,,Regenerative Soil Health Laboratory,unknown,unknown,unknown,unknown,unknown,unknown,unknown,unknown,unknown,enterprise,unknown,unknown,unknown,unknown,unknown,unknown,unknown,unknown,unknown,unknown,direct,Direct website-led GTM into enterprise users for unknown.,unknown,714,unknown,unknown,unknown,unknown,2026-04-17,unknown,unknown,unknown,"Could use Brooksie to clarify vague spatial questions, automate research, and generate maps, insights, and reports faster.",unknown
Remote Sensing,,,unknown,earth observation / remote sensing company,earth observation analytics,remote sensing,unknown,yes,unknown,unknown,yes,unknown,,22637,,Remote Sensing,unknown,unknown,unknown,unknown,remote sensing,earth observation analytics,satellite imagery analysis,unknown,unknown,enterprise,remote sensing analyst,unknown,unknown,unknown,unknown,unknown,unknown,earth observation analytics,Planet; Picterra; Brooksie AI; UP42,unknown,direct,Direct website-led GTM into enterprise users for earth observation analytics.,unknown,22637,unknown,unknown,unknown,unknown,2026-04-17,satellite imagery,unknown,"Direct or partial competitor on geospatial analysis workflows, map outputs, and cross-source insight delivery.",Could use Brooksie internally to turn ad hoc geospatial questions into repeatable analysis workflows and reports.,"Brooksie could use this as a data source, imagery supplier, or API integration inside geospatial workflows."
Remote Sensing Instruments,,India,unknown,earth observation / remote sensing company,earth observation analytics,remote sensing,unknown,yes,unknown,unknown,yes,unknown,,,,Remote Sensing Instruments,India,unknown,unknown,unknown,remote sensing,earth observation analytics,satellite imagery analysis,unknown,unknown,enterprise,remote sensing analyst,unknown,unknown,unknown,unknown,unknown,unknown,earth observation analytics,Planet; Picterra; Brooksie AI; UP42,unknown,direct,Direct website-led GTM into enterprise users for earth observation analytics.,unknown,unknown,unknown,unknown,unknown,unknown,2026-04-17,satellite imagery,unknown,"Direct or partial competitor on geospatial analysis workflows, map outputs, and cross-source insight delivery.",Could use Brooksie internally to turn ad hoc geospatial questions into repeatable analysis workflows and reports.,"Brooksie could use this as a data source, imagery supplier, or API integration inside geospatial workflows."
Revel,,,unknown,,unknown,,unknown,unknown,unknown,unknown,unknown,unknown,,31561,,Revel,unknown,unknown,unknown,unknown,unknown,unknown,unknown,unknown,unknown,enterprise,unknown,unknown,unknown,unknown,unknown,unknown,unknown,unknown,unknown,unknown,direct,Direct website-led GTM into enterprise users for unknown.,unknown,31561,unknown,unknown,unknown,unknown,2026-04-17,unknown,unknown,unknown,"Could use Brooksie to clarify vague spatial questions, automate research, and generate maps, insights, and reports faster.",unknown
RGS LLC,,,unknown,,unknown,,unknown,unknown,unknown,unknown,unknown,unknown,,,,RGS LLC,unknown,unknown,unknown,unknown,unknown,unknown,unknown,unknown,unknown,enterprise,unknown,unknown,unknown,unknown,unknown,unknown,unknown,unknown,unknown,unknown,direct,Direct website-led GTM into enterprise users for unknown.,unknown,unknown,unknown,unknown,unknown,unknown,2026-04-17,unknown,unknown,unknown,"Could use Brooksie to clarify vague spatial questions, automate research, and generate maps, insights, and reports faster.",unknown
Richi Tech,,,unknown,earth observation / Planet partner,Partner brand listed in the Planet partner directory.,"Earth observation, geospatial analytics, or satellite data services",yes,yes,unknown,unknown,yes,https://partner.planet.com/directory/s/list | https://partner.planet.com/directory/s/accountbrand/0TUHp00000008OqOAI/richi-tech,,,,Richi Tech,unknown,unknown,unknown,unknown,"Earth observation, geospatial analytics, or satellite data services",earth observation analytics,geospatial analysis; satellite imagery analysis,unknown,services,enterprise,remote sensing analyst; data analyst,unknown,unknown,services,unknown,unknown,Services and project fees,earth observation analytics,Planet; Picterra; Brooksie AI; UP42,Planet,partner-led,Partner-oriented GTM into enterprise accounts for earth observation analytics.,unknown,unknown,unknown,unknown,unknown,unknown,2026-04-17,satellite imagery,unknown,"Direct or partial competitor on geospatial analysis workflows, map outputs, and cross-source insight delivery.",Could use Brooksie internally to turn ad hoc geospatial questions into repeatable analysis workflows and reports.,"Brooksie could use this as a data source, imagery supplier, or API integration inside geospatial workflows."
Ringtail Design,,,unknown,,unknown,,unknown,unknown,unknown,unknown,unknown,unknown,,,,Ringtail Design,unknown,unknown,unknown,unknown,unknown,unknown,unknown,unknown,unknown,enterprise,unknown,unknown,unknown,unknown,unknown,unknown,unknown,unknown,unknown,unknown,direct,Direct website-led GTM into enterprise users for unknown.,unknown,unknown,unknown,unknown,unknown,unknown,2026-04-17,unknown,unknown,unknown,"Could use Brooksie to clarify vague spatial questions, automate research, and generate maps, insights, and reports faster.",unknown
Royce Geo Consultants,,,unknown,earth observation / Planet partner,Partner brand listed in the Planet partner directory.,"Earth observation, geospatial analytics, or satellite data services",yes,yes,unknown,unknown,yes,https://partner.planet.com/directory/s/list | https://partner.planet.com/directory/s/accountbrand/0TUHp0000000CQfOAM/royce-geo-consultants,,,,Royce Geo Consultants,unknown,unknown,unknown,unknown,"Earth observation, geospatial analytics, or satellite data services",earth observation analytics,geospatial analysis; satellite imagery analysis,unknown,services,SMB,remote sensing analyst; data analyst,unknown,unknown,services,unknown,unknown,Services and project fees,earth observation analytics,Planet; Picterra; Brooksie AI; UP42,Planet,partner-led,Partner-oriented GTM into SMB accounts for earth observation analytics.,unknown,unknown,unknown,unknown,unknown,unknown,2026-04-17,satellite imagery,unknown,"Direct or partial competitor on geospatial analysis workflows, map outputs, and cross-source insight delivery.",Could use Brooksie internally to turn ad hoc geospatial questions into repeatable analysis workflows and reports.,"Brooksie could use this as a data source, imagery supplier, or API integration inside geospatial workflows."
S34I project,,,unknown,,unknown,,unknown,unknown,unknown,unknown,unknown,unknown,,639,,S34I project,unknown,unknown,unknown,unknown,unknown,unknown,unknown,unknown,unknown,enterprise,unknown,unknown,unknown,unknown,unknown,unknown,unknown,unknown,unknown,unknown,direct,Direct website-led GTM into enterprise users for unknown.,unknown,639,unknown,unknown,unknown,unknown,2026-04-17,unknown,unknown,unknown,"Could use Brooksie to clarify vague spatial questions, automate research, and generate maps, insights, and reports faster.",unknown
"Salesforce Sync, by Real Drones",,,unknown,drone mapping / DroneDeploy integration,"Salesforce Sync, by Real Drones",Drone mapping integration or related geospatial workflow app,yes,unknown,yes,unknown,unknown,https://www.dronedeploy.com/product/market/srzeuexzjvmiycnqscgk,,,,"Salesforce Sync, by Real Drones",unknown,unknown,unknown,unknown,Drone mapping integration or related geospatial workflow app,drone mapping platform,drone mapping,unknown,SaaS,enterprise,GIS analyst; drone operator,unknown,unknown,unknown,unknown,unknown,unknown,drone mapping platform,DroneDeploy; Pix4D; FlyPix AI,unknown,direct,Direct website-led GTM into enterprise users for drone mapping platform.,unknown,unknown,unknown,unknown,unknown,unknown,2026-04-17,drone imagery; API integrations,unknown,Indirect competitor at most; this is closer to an input or data layer than Brooksie's planning-and-execution workspace.,Could use Brooksie internally to turn ad hoc geospatial questions into repeatable analysis workflows and reports.,"Brooksie could use this as a data source, imagery supplier, or API integration inside geospatial workflows."
SANZ,,,unknown,,unknown,,unknown,unknown,unknown,unknown,unknown,unknown,,,,SANZ,unknown,unknown,unknown,unknown,unknown,unknown,unknown,unknown,unknown,enterprise,unknown,unknown,unknown,unknown,unknown,unknown,unknown,unknown,unknown,unknown,direct,Direct website-led GTM into enterprise users for unknown.,unknown,unknown,unknown,unknown,unknown,unknown,2026-04-17,unknown,unknown,unknown,"Could use Brooksie to clarify vague spatial questions, automate research, and generate maps, insights, and reports faster.",unknown
Scala Storage,,,unknown,,unknown,,unknown,unknown,unknown,unknown,unknown,unknown,,,,Scala Storage,unknown,unknown,unknown,unknown,unknown,unknown,unknown,unknown,unknown,enterprise,unknown,unknown,unknown,unknown,unknown,unknown,unknown,unknown,unknown,unknown,direct,Direct website-led GTM into enterprise users for unknown.,unknown,unknown,unknown,unknown,unknown,unknown,2026-04-17,unknown,unknown,unknown,"Could use Brooksie to clarify vague spatial questions, automate research, and generate maps, insights, and reports faster.",unknown
Scene Sharp Technologies,,,unknown,,unknown,,unknown,unknown,unknown,unknown,unknown,unknown,,,,Scene Sharp Technologies,unknown,unknown,unknown,unknown,unknown,unknown,unknown,unknown,unknown,enterprise,unknown,unknown,unknown,unknown,unknown,unknown,unknown,unknown,unknown,unknown,direct,Direct website-led GTM into enterprise users for unknown.,unknown,unknown,unknown,unknown,unknown,unknown,2026-04-17,unknown,unknown,unknown,"Could use Brooksie to clarify vague spatial questions, automate research, and generate maps, insights, and reports faster.",unknown
Semantic Research,,,unknown,,unknown,,unknown,unknown,unknown,unknown,unknown,unknown,,,,Semantic Research,unknown,unknown,unknown,unknown,unknown,unknown,unknown,unknown,unknown,enterprise,unknown,unknown,unknown,unknown,unknown,unknown,unknown,unknown,unknown,unknown,direct,Direct website-led GTM into enterprise users for unknown.,unknown,unknown,unknown,unknown,unknown,unknown,2026-04-17,unknown,unknown,unknown,"Could use Brooksie to clarify vague spatial questions, automate research, and generate maps, insights, and reports faster.",unknown
Servicios Tecnologicos Nacionales,,Mexico,Puebla,GIS / Esri partner,GIS / mapping platform,GIS and mapping platform,yes,unknown,unknown,unknown,unknown,https://www.esri.com/en-us/about/partners/find-partner | https://www.esri.com/partners/servicios-tecnologic-a2T70000000TNdlEAG,,,,Servicios Tecnologicos Nacionales,Mexico,Puebla,unknown,unknown,GIS and mapping platform,GIS / mapping platform,unknown,unknown,SaaS; mobile,enterprise,GIS analyst,unknown,unknown,unknown,unknown,unknown,unknown,GIS / mapping platform,Esri; Mapbox; CARTO; Felt; Atlas.co,Esri,partner-led,Partner-oriented GTM into enterprise accounts for GIS / mapping platform.,unknown,unknown,unknown,unknown,unknown,unknown,2026-04-17,GIS data,unknown,"Direct or partial competitor on geospatial analysis workflows, map outputs, and cross-source insight delivery.","Could use Brooksie to clarify vague spatial questions, automate research, and generate maps, insights, and reports faster.","Brooksie could use this for map rendering, visualization, geospatial UI components, or workflow integrations."
Servinformaci%C3%B3N,,,unknown,earth observation / Planet partner,Partner brand listed in the Planet partner directory.,"Earth observation, geospatial analytics, or satellite data services",yes,yes,unknown,unknown,yes,https://partner.planet.com/directory/s/list | https://partner.planet.com/directory/s/accountbrand/0TUHp0000012KF1OAM/servinformaci%C3%B3n,,,,Servinformaci%C3%B3N,unknown,unknown,unknown,unknown,"Earth observation, geospatial analytics, or satellite data services",earth observation analytics,geospatial analysis; satellite imagery analysis,unknown,services,enterprise,remote sensing analyst; data analyst,unknown,unknown,services,unknown,unknown,Services and project fees,earth observation analytics,Planet; Picterra; Brooksie AI; UP42,Planet,partner-led,Partner-oriented GTM into enterprise accounts for earth observation analytics.,unknown,unknown,unknown,unknown,unknown,unknown,2026-04-17,satellite imagery,unknown,"Direct or partial competitor on geospatial analysis workflows, map outputs, and cross-source insight delivery.",Could use Brooksie internally to turn ad hoc geospatial questions into repeatable analysis workflows and reports.,"Brooksie could use this as a data source, imagery supplier, or API integration inside geospatial workflows."
SGT,,,unknown,,unknown,,unknown,unknown,unknown,unknown,unknown,unknown,,,,SGT,unknown,unknown,unknown,unknown,unknown,unknown,unknown,unknown,unknown,enterprise,unknown,unknown,unknown,unknown,unknown,unknown,unknown,unknown,unknown,unknown,direct,Direct website-led GTM into enterprise users for unknown.,unknown,unknown,unknown,unknown,unknown,unknown,2026-04-17,unknown,unknown,unknown,"Could use Brooksie to clarify vague spatial questions, automate research, and generate maps, insights, and reports faster.",unknown
SGV Software Solutions Pvt Ltd,,India,unknown,,unknown,,unknown,unknown,unknown,unknown,unknown,unknown,,,,SGV Software Solutions Pvt Ltd,India,unknown,unknown,unknown,unknown,unknown,unknown,unknown,SaaS,enterprise,unknown,unknown,unknown,unknown,unknown,unknown,unknown,unknown,unknown,unknown,direct,Direct website-led GTM into enterprise users for unknown.,unknown,unknown,unknown,unknown,unknown,unknown,2026-04-17,unknown,unknown,unknown,"Could use Brooksie to clarify vague spatial questions, automate research, and generate maps, insights, and reports faster.",unknown
Shivam Geomatics,,India,unknown,surveying / geospatial,surveying services,surveying,yes,unknown,unknown,unknown,unknown,unknown,,,,Shivam Geomatics,India,unknown,unknown,unknown,surveying,surveying services,surveying,unknown,services,enterprise,surveyor,unknown,unknown,services,unknown,unknown,Services and project fees,surveying services,Esri partners; surveying firms; drone mapping vendors,unknown,direct,Direct website-led GTM into enterprise users for surveying services.,unknown,unknown,unknown,unknown,unknown,unknown,2026-04-17,unknown,unknown,"Partial competitor in analysis delivery services, but not a direct AI-native platform substitute.","Could use Brooksie to accelerate proposal scoping, multi-source analysis, and client-ready maps and reports.","Brooksie could use this company as an implementation, data-collection, or channel partner."
Shraddha Geo Technologies,,India,unknown,,unknown,,unknown,unknown,unknown,unknown,unknown,unknown,,,,Shraddha Geo Technologies,India,unknown,unknown,unknown,unknown,unknown,unknown,unknown,unknown,enterprise,unknown,unknown,unknown,unknown,unknown,unknown,unknown,unknown,unknown,unknown,direct,Direct website-led GTM into enterprise users for unknown.,unknown,unknown,unknown,unknown,unknown,unknown,2026-04-17,unknown,unknown,unknown,"Could use Brooksie to clarify vague spatial questions, automate research, and generate maps, insights, and reports faster.",unknown
Sieler GeoDrones,,,unknown,commercial drone / event exhibitor,Commercial UAV Expo 2023 exhibitor.,"Commercial drone, surveying, mapping, lidar, or related services",yes,unknown,yes,yes,unknown,https://www.expouav.com/2023-exhibitor-list/,,,,Sieler GeoDrones,unknown,unknown,unknown,unknown,"Commercial drone, surveying, mapping, lidar, or related services",drone mapping platform,drone mapping; surveying,unknown,SaaS; services,enterprise,GIS analyst; surveyor; drone operator,unknown,unknown,services,unknown,unknown,Services and project fees,drone mapping platform,DroneDeploy; Pix4D; FlyPix AI,unknown,direct,Direct website-led GTM into enterprise users for drone mapping platform.,unknown,unknown,unknown,unknown,unknown,unknown,2026-04-17,drone imagery; LiDAR / point clouds,unknown,Indirect competitor at most; this is closer to an input or data layer than Brooksie's planning-and-execution workspace.,Could use Brooksie internally to turn ad hoc geospatial questions into repeatable analysis workflows and reports.,"Brooksie could use this as a data source, imagery supplier, or API integration inside geospatial workflows."
Signature Government Solutions,,,unknown,,unknown,,unknown,unknown,unknown,unknown,unknown,unknown,,,,Signature Government Solutions,unknown,unknown,unknown,unknown,unknown,unknown,unknown,government,unknown,government,unknown,unknown,unknown,unknown,unknown,unknown,unknown,unknown,unknown,unknown,direct,Direct website-led GTM into government users for unknown.,unknown,unknown,unknown,unknown,unknown,unknown,2026-04-17,unknown,unknown,unknown,"Could use Brooksie to clarify vague spatial questions, automate research, and generate maps, insights, and reports faster.",unknown
Silvernail Studio for Geodesign LLC,,United States,Black Earth,GIS / Esri partner,"Silvernail Geodesign empowers organizations with interactive mapping platforms that seamlessly blend collaboration and engagement with spatial technology to drive smart, resilient design decisions. Our services...","Business Case Development, GIS Strategy and Planning, Implementation, Needs and Requirements, Training Services",yes,unknown,unknown,unknown,unknown,https://www.esri.com/en-us/about/partners/find-partner | https://www.esri.com/partners/silvernail-studio-fo-a2T5x000007udz9EAA,,,,Silvernail Studio for Geodesign LLC,United States,Black Earth,unknown,unknown,"Business Case Development, GIS Strategy and Planning, Implementation, Needs and Requirements, Training Services",GIS / mapping platform,map creation; collaboration,energy / utilities,SaaS; services,enterprise,GIS analyst; planner,unknown,unknown,services,unknown,unknown,Services and project fees,collaborative GIS / mapping platform,Esri; Mapbox; CARTO; Felt; Atlas.co,Esri,partner-led,Partner-oriented GTM into enterprise accounts for GIS / mapping platform.,unknown,unknown,unknown,unknown,unknown,unknown,2026-04-17,GIS data,unknown,"Direct or partial competitor on geospatial analysis workflows, map outputs, and cross-source insight delivery.","Could use Brooksie to clarify vague spatial questions, automate research, and generate maps, insights, and reports faster.","Brooksie could use this for map rendering, visualization, geospatial UI components, or workflow integrations."
Sinergeo S.r.l.,,,unknown,,unknown,,unknown,unknown,unknown,unknown,unknown,unknown,,2197,,Sinergeo S.r.l.,unknown,unknown,unknown,unknown,unknown,unknown,unknown,unknown,unknown,enterprise,unknown,unknown,unknown,unknown,unknown,unknown,unknown,unknown,unknown,unknown,direct,Direct website-led GTM into enterprise users for unknown.,unknown,2197,unknown,unknown,unknown,unknown,2026-04-17,unknown,unknown,unknown,"Could use Brooksie to clarify vague spatial questions, automate research, and generate maps, insights, and reports faster.",unknown
Sky West Flights,,,unknown,,unknown,,unknown,unknown,unknown,unknown,unknown,https://www.linkedin.com/company/sky-west-flights/,https://www.linkedin.com/company/sky-west-flights/,70,,Sky West Flights,unknown,unknown,unknown,unknown,unknown,unknown,unknown,unknown,unknown,enterprise,unknown,unknown,unknown,unknown,unknown,unknown,unknown,unknown,unknown,unknown,direct,Direct website-led GTM into enterprise users for unknown.,unknown,70,unknown,unknown,unknown,unknown,2026-04-17,unknown,unknown,unknown,"Could use Brooksie to clarify vague spatial questions, automate research, and generate maps, insights, and reports faster.",unknown
Skyglyph,,,unknown,earth observation / Planet partner,Partner brand listed in the Planet partner directory.,"Earth observation, geospatial analytics, or satellite data services",yes,yes,unknown,unknown,yes,https://partner.planet.com/directory/s/list | https://partner.planet.com/directory/s/accountbrand/0TUHp00000008OPOAY/skyglyph,,,,Skyglyph,unknown,unknown,unknown,unknown,"Earth observation, geospatial analytics, or satellite data services",earth observation analytics,geospatial analysis; satellite imagery analysis,unknown,services,enterprise,remote sensing analyst; data analyst,unknown,unknown,services,unknown,unknown,Services and project fees,earth observation analytics,Planet; Picterra; Brooksie AI; UP42,Planet,partner-led,Partner-oriented GTM into enterprise accounts for earth observation analytics.,unknown,unknown,unknown,unknown,unknown,unknown,2026-04-17,satellite imagery,unknown,"Direct or partial competitor on geospatial analysis workflows, map outputs, and cross-source insight delivery.",Could use Brooksie internally to turn ad hoc geospatial questions into repeatable analysis workflows and reports.,"Brooksie could use this as a data source, imagery supplier, or API integration inside geospatial workflows."
Skyline APL,,India,unknown,,unknown,,unknown,unknown,unknown,unknown,unknown,unknown,,,,Skyline APL,India,unknown,unknown,unknown,unknown,unknown,unknown,unknown,unknown,enterprise,unknown,unknown,unknown,unknown,unknown,unknown,unknown,unknown,unknown,unknown,direct,Direct website-led GTM into enterprise users for unknown.,unknown,unknown,unknown,unknown,unknown,unknown,2026-04-17,unknown,unknown,unknown,"Could use Brooksie to clarify vague spatial questions, automate research, and generate maps, insights, and reports faster.",unknown
Skyport Systems,,,unknown,,unknown,,unknown,unknown,unknown,unknown,unknown,unknown,,,,Skyport Systems,unknown,unknown,unknown,unknown,unknown,unknown,unknown,unknown,unknown,enterprise,unknown,unknown,unknown,unknown,unknown,unknown,unknown,unknown,unknown,unknown,direct,Direct website-led GTM into enterprise users for unknown.,unknown,unknown,unknown,unknown,unknown,unknown,2026-04-17,unknown,unknown,unknown,"Could use Brooksie to clarify vague spatial questions, automate research, and generate maps, insights, and reports faster.",unknown
Smart Search Solutions,,India,unknown,,unknown,,unknown,unknown,unknown,unknown,unknown,unknown,,,,Smart Search Solutions,India,unknown,unknown,unknown,unknown,unknown,unknown,unknown,unknown,enterprise,unknown,unknown,unknown,unknown,unknown,unknown,unknown,unknown,unknown,unknown,direct,Direct website-led GTM into enterprise users for unknown.,unknown,unknown,unknown,unknown,unknown,unknown,2026-04-17,unknown,unknown,unknown,"Could use Brooksie to clarify vague spatial questions, automate research, and generate maps, insights, and reports faster.",unknown
SmartIR,,,unknown,,unknown,,unknown,unknown,unknown,unknown,unknown,unknown,,999,,SmartIR,unknown,unknown,unknown,unknown,unknown,unknown,unknown,unknown,unknown,enterprise,unknown,unknown,unknown,unknown,unknown,unknown,unknown,unknown,unknown,unknown,direct,Direct website-led GTM into enterprise users for unknown.,unknown,999,unknown,unknown,unknown,unknown,2026-04-17,unknown,unknown,unknown,"Could use Brooksie to clarify vague spatial questions, automate research, and generate maps, insights, and reports faster.",unknown
SoftTerrain,,India,unknown,,unknown,,unknown,unknown,unknown,unknown,unknown,unknown,,,,SoftTerrain,India,unknown,unknown,unknown,unknown,unknown,unknown,unknown,unknown,enterprise,unknown,unknown,unknown,unknown,unknown,unknown,unknown,unknown,unknown,unknown,direct,Direct website-led GTM into enterprise users for unknown.,unknown,unknown,unknown,unknown,unknown,unknown,2026-04-17,unknown,unknown,unknown,"Could use Brooksie to clarify vague spatial questions, automate research, and generate maps, insights, and reports faster.",unknown
Solis Applied Science,,,unknown,,unknown,,unknown,unknown,unknown,unknown,unknown,unknown,,,,Solis Applied Science,unknown,unknown,unknown,unknown,unknown,unknown,unknown,unknown,unknown,enterprise,unknown,unknown,unknown,unknown,unknown,unknown,unknown,unknown,unknown,unknown,direct,Direct website-led GTM into enterprise users for unknown.,unknown,unknown,unknown,unknown,unknown,unknown,2026-04-17,unknown,unknown,unknown,"Could use Brooksie to clarify vague spatial questions, automate research, and generate maps, insights, and reports faster.",unknown
Solvarus,,,unknown,,unknown,,unknown,unknown,unknown,unknown,unknown,unknown,,,,Solvarus,unknown,unknown,unknown,unknown,unknown,unknown,unknown,unknown,unknown,enterprise,unknown,unknown,unknown,unknown,unknown,unknown,unknown,unknown,unknown,unknown,direct,Direct website-led GTM into enterprise users for unknown.,unknown,unknown,unknown,unknown,unknown,unknown,2026-04-17,unknown,unknown,unknown,"Could use Brooksie to clarify vague spatial questions, automate research, and generate maps, insights, and reports faster.",unknown
Sons India Software Pvt Ltd,,India,unknown,,unknown,,unknown,unknown,unknown,unknown,unknown,unknown,,,,Sons India Software Pvt Ltd,India,unknown,unknown,unknown,unknown,unknown,unknown,unknown,SaaS,enterprise,unknown,unknown,unknown,unknown,unknown,unknown,unknown,unknown,unknown,unknown,direct,Direct website-led GTM into enterprise users for unknown.,unknown,unknown,unknown,unknown,unknown,unknown,2026-04-17,unknown,unknown,unknown,"Could use Brooksie to clarify vague spatial questions, automate research, and generate maps, insights, and reports faster.",unknown
SpaceLink,,,unknown,,unknown,,unknown,unknown,unknown,unknown,unknown,unknown,,,,SpaceLink,unknown,unknown,unknown,unknown,unknown,unknown,unknown,unknown,unknown,enterprise,unknown,unknown,unknown,unknown,unknown,unknown,unknown,unknown,unknown,unknown,direct,Direct website-led GTM into enterprise users for unknown.,unknown,unknown,unknown,unknown,unknown,unknown,2026-04-17,unknown,unknown,unknown,"Could use Brooksie to clarify vague spatial questions, automate research, and generate maps, insights, and reports faster.",unknown
Spatialise,,,unknown,,unknown,,yes,unknown,unknown,unknown,unknown,unknown,,1876,,Spatialise,unknown,unknown,unknown,unknown,unknown,unknown,unknown,unknown,unknown,enterprise,unknown,unknown,unknown,unknown,unknown,unknown,unknown,unknown,unknown,unknown,direct,Direct website-led GTM into enterprise users for unknown.,unknown,1876,unknown,unknown,unknown,unknown,2026-04-17,unknown,unknown,unknown,"Could use Brooksie to clarify vague spatial questions, automate research, and generate maps, insights, and reports faster.",unknown
Sphere,,,unknown,data integration / FME partner,Sphere is an augmented reality tool for modern professionals. The intuitive software helps Fortune 500 customers cut costs and grow revenues by integrating purpose-built XR...,Technology Alliance,yes,unknown,unknown,unknown,unknown,https://fme.safe.com/partners/find-a-partner/ | https://fme.safe.com/partners/sphere/,,,,Sphere,unknown,unknown,unknown,unknown,Technology Alliance,location data API,unknown,energy / utilities,API; SaaS,enterprise,unknown,unknown,unknown,unknown,unknown,unknown,unknown,collaborative location data API,Mapbox; Foursquare; Geocode.XYZ; Placekey,Safe Software / FME,partner-led,Partner-oriented GTM into enterprise accounts for location data API.,unknown,unknown,unknown,unknown,unknown,unknown,2026-04-17,API integrations,unknown,Indirect competitor at most; this is closer to an input or data layer than Brooksie's planning-and-execution workspace.,Could use Brooksie internally to turn ad hoc geospatial questions into repeatable analysis workflows and reports.,"Brooksie could use this as a data source, imagery supplier, or API integration inside geospatial workflows."
SpotmyEnergy,,,unknown,,unknown,,unknown,unknown,unknown,unknown,unknown,unknown,,5191,,SpotmyEnergy,unknown,unknown,unknown,unknown,unknown,unknown,unknown,energy / utilities,unknown,enterprise,unknown,unknown,unknown,unknown,unknown,unknown,unknown,unknown,unknown,unknown,direct,Direct website-led GTM into enterprise users for unknown.,unknown,5191,unknown,unknown,unknown,unknown,2026-04-17,unknown,unknown,unknown,"Could use Brooksie to clarify vague spatial questions, automate research, and generate maps, insights, and reports faster.",unknown
Springco Urban Analytics,,Netherlands,Rotterdam,GIS / Esri partner,We use data science to build better cities. We think good cities are aligned with their people and what they want and need. We build...,GIS and mapping platform,yes,unknown,unknown,unknown,unknown,https://www.esri.com/en-us/about/partners/find-partner | https://www.esri.com/partners/springco-urban-analy-a2T5x000008VY8XEAW,,,,Springco Urban Analytics,Netherlands,Rotterdam,unknown,unknown,GIS and mapping platform,GIS / mapping platform,data visualization,government,SaaS,government; enterprise,GIS analyst; planner; data analyst,unknown,unknown,unknown,unknown,unknown,unknown,AI-native GIS / mapping platform,Esri; Mapbox; CARTO; Felt; Atlas.co,Esri,partner-led,Partner-oriented GTM into government; enterprise accounts for GIS / mapping platform.,unknown,unknown,unknown,unknown,unknown,unknown,2026-04-17,GIS data,AI / machine learning,"Direct or partial competitor on geospatial analysis workflows, map outputs, and cross-source insight delivery.","Could use Brooksie to clarify vague spatial questions, automate research, and generate maps, insights, and reports faster.","Brooksie could use this for map rendering, visualization, geospatial UI components, or workflow integrations."
SR CAD Services,,India,unknown,,unknown,,unknown,unknown,unknown,unknown,unknown,unknown,,,,SR CAD Services,India,unknown,unknown,unknown,unknown,unknown,unknown,unknown,services,enterprise,unknown,unknown,unknown,services,unknown,unknown,Services and project fees,unknown,unknown,unknown,direct,Direct website-led GTM into enterprise users for unknown.,unknown,unknown,unknown,unknown,unknown,unknown,2026-04-17,unknown,unknown,unknown,"Could use Brooksie to clarify vague spatial questions, automate research, and generate maps, insights, and reports faster.",unknown
SRC Computers,,,unknown,,unknown,,unknown,unknown,unknown,unknown,unknown,unknown,,,,SRC Computers,unknown,unknown,unknown,unknown,unknown,unknown,unknown,unknown,unknown,enterprise,unknown,unknown,unknown,unknown,unknown,unknown,unknown,unknown,unknown,unknown,direct,Direct website-led GTM into enterprise users for unknown.,unknown,unknown,unknown,unknown,unknown,unknown,2026-04-17,unknown,unknown,unknown,"Could use Brooksie to clarify vague spatial questions, automate research, and generate maps, insights, and reports faster.",unknown
"SSS Research, Inc.",,,unknown,,unknown,,unknown,unknown,unknown,unknown,unknown,unknown,,,,"SSS Research, Inc.",unknown,unknown,unknown,unknown,unknown,unknown,unknown,unknown,unknown,enterprise,unknown,unknown,unknown,unknown,unknown,unknown,unknown,unknown,unknown,unknown,direct,Direct website-led GTM into enterprise users for unknown.,unknown,unknown,unknown,unknown,unknown,unknown,2026-04-17,unknown,unknown,unknown,"Could use Brooksie to clarify vague spatial questions, automate research, and generate maps, insights, and reports faster.",unknown
"SSSDLN: Space, Spatial & Surveying Diversity Leadership Network",,,unknown,surveying services,surveying services,Surveying and geomatics services,yes,unknown,unknown,unknown,unknown,unknown,,806,,"SSSDLN: Space, Spatial & Surveying Diversity Leadership Network",unknown,unknown,unknown,unknown,Surveying and geomatics services,surveying services,surveying,unknown,services,enterprise,surveyor,unknown,unknown,services,unknown,unknown,Services and project fees,surveying services,Esri partners; surveying firms; drone mapping vendors,unknown,direct,Direct website-led GTM into enterprise users for surveying services.,unknown,806,unknown,unknown,unknown,unknown,2026-04-17,unknown,unknown,"Partial competitor in analysis delivery services, but not a direct AI-native platform substitute.","Could use Brooksie to accelerate proposal scoping, multi-source analysis, and client-ready maps and reports.","Brooksie could use this company as an implementation, data-collection, or channel partner."
St. Louis Academic Coalition,,,unknown,,unknown,,unknown,unknown,unknown,unknown,unknown,unknown,,,,St. Louis Academic Coalition,unknown,unknown,unknown,unknown,unknown,unknown,unknown,unknown,unknown,enterprise,unknown,unknown,unknown,unknown,unknown,unknown,unknown,unknown,unknown,unknown,direct,Direct website-led GTM into enterprise users for unknown.,unknown,unknown,unknown,unknown,unknown,unknown,2026-04-17,unknown,unknown,unknown,"Could use Brooksie to clarify vague spatial questions, automate research, and generate maps, insights, and reports faster.",unknown
St. Louis Innovation,,,unknown,,unknown,,unknown,unknown,unknown,unknown,unknown,unknown,,,,St. Louis Innovation,unknown,unknown,unknown,unknown,unknown,unknown,unknown,unknown,unknown,enterprise,unknown,unknown,unknown,unknown,unknown,unknown,unknown,unknown,unknown,unknown,direct,Direct website-led GTM into enterprise users for unknown.,unknown,unknown,unknown,unknown,unknown,unknown,2026-04-17,unknown,unknown,unknown,"Could use Brooksie to clarify vague spatial questions, automate research, and generate maps, insights, and reports faster.",unknown
Steel Reef,,,unknown,,unknown,,unknown,unknown,unknown,unknown,unknown,unknown,,11373,,Steel Reef,unknown,unknown,unknown,unknown,unknown,unknown,unknown,unknown,unknown,enterprise,unknown,unknown,unknown,unknown,unknown,unknown,unknown,unknown,unknown,unknown,direct,Direct website-led GTM into enterprise users for unknown.,unknown,11373,unknown,unknown,unknown,unknown,2026-04-17,unknown,unknown,unknown,"Could use Brooksie to clarify vague spatial questions, automate research, and generate maps, insights, and reports faster.",unknown
Strategic ACI,,,unknown,,unknown,,unknown,unknown,unknown,unknown,unknown,unknown,,,,Strategic ACI,unknown,unknown,unknown,unknown,unknown,unknown,unknown,unknown,unknown,enterprise,unknown,unknown,unknown,unknown,unknown,unknown,unknown,unknown,unknown,unknown,direct,Direct website-led GTM into enterprise users for unknown.,unknown,unknown,unknown,unknown,unknown,unknown,2026-04-17,unknown,unknown,unknown,"Could use Brooksie to clarify vague spatial questions, automate research, and generate maps, insights, and reports faster.",unknown
Suchan InfoTech Ltd.,,India,unknown,,unknown,,unknown,unknown,unknown,unknown,unknown,unknown,,,,Suchan InfoTech Ltd.,India,unknown,unknown,unknown,unknown,unknown,unknown,unknown,unknown,enterprise,unknown,unknown,unknown,unknown,unknown,unknown,unknown,unknown,unknown,unknown,direct,Direct website-led GTM into enterprise users for unknown.,unknown,unknown,unknown,unknown,unknown,unknown,2026-04-17,unknown,unknown,unknown,"Could use Brooksie to clarify vague spatial questions, automate research, and generate maps, insights, and reports faster.",unknown
Sumadhura Geomatica Pvt. Ltd.,,India,unknown,,Sumadhura Geomatica Pvt,Sumadhura Geomatica Pvt,unknown,unknown,unknown,unknown,unknown,unknown,,,,Sumadhura Geomatica Pvt. Ltd.,India,unknown,unknown,unknown,Sumadhura Geomatica Pvt,unknown,unknown,unknown,unknown,enterprise,unknown,unknown,unknown,unknown,unknown,unknown,unknown,unknown,unknown,unknown,direct,Direct website-led GTM into enterprise users for unknown.,unknown,unknown,unknown,unknown,unknown,unknown,2026-04-17,unknown,unknown,unknown,"Could use Brooksie to clarify vague spatial questions, automate research, and generate maps, insights, and reports faster.",unknown
Summit Terragraphics Inc.,,,unknown,,Summit Terragraphics Inc,Summit Terragraphics Inc,unknown,unknown,unknown,unknown,unknown,unknown,,,,Summit Terragraphics Inc.,unknown,unknown,unknown,unknown,Summit Terragraphics Inc,unknown,unknown,unknown,unknown,enterprise,unknown,unknown,unknown,unknown,unknown,unknown,unknown,unknown,unknown,unknown,direct,Direct website-led GTM into enterprise users for unknown.,unknown,unknown,unknown,unknown,unknown,unknown,2026-04-17,unknown,unknown,unknown,"Could use Brooksie to clarify vague spatial questions, automate research, and generate maps, insights, and reports faster.",unknown
Surtech Middle East Technology,,Qatar,Doha,GIS / Esri partner,Surtech Middle East Technology represents the evolution of industrial digitalization. What began as a specialized surveying operation in Australia has transformed into a global technology...,"Application Development, Business Case Development, Data Conversion/Migration, Data Model & Database Design, GIS Strategy and Planning, Implementation, Needs and Requirements, System Architecture and Design, System Integration, Training Services",yes,unknown,unknown,unknown,unknown,https://www.esri.com/en-us/about/partners/find-partner | https://www.esri.com/partners/surtech-middle-east-a2TUU00000184972AA,,,,Surtech Middle East Technology,Qatar,Doha,unknown,unknown,Geospatial consulting and integration services,consulting / integration services,surveying,AEC / infrastructure,services,enterprise,GIS analyst; planner; surveyor,Global,unknown,services,unknown,unknown,Services and project fees,consulting / integration services,Esri partners; GIS consultancies; system integrators,Esri,partner-led,Partner-oriented GTM into enterprise accounts for consulting / integration services.,unknown,unknown,unknown,unknown,unknown,unknown,2026-04-17,GIS data; API integrations,unknown,"Partial competitor in analysis delivery services, but not a direct AI-native platform substitute.","Could use Brooksie to accelerate proposal scoping, multi-source analysis, and client-ready maps and reports.","Brooksie could use this company as an implementation, data-collection, or channel partner."
SurveyLab USA,,,unknown,,unknown,,unknown,unknown,unknown,unknown,unknown,unknown,,,,SurveyLab USA,unknown,unknown,unknown,unknown,unknown,unknown,surveying,unknown,unknown,enterprise,surveyor,unknown,unknown,unknown,unknown,unknown,unknown,unknown,unknown,unknown,direct,Direct website-led GTM into enterprise users for unknown.,unknown,unknown,unknown,unknown,unknown,unknown,2026-04-17,unknown,unknown,unknown,"Could use Brooksie to clarify vague spatial questions, automate research, and generate maps, insights, and reports faster.",unknown
Synthos Technologies,,,unknown,,unknown,,unknown,unknown,unknown,unknown,unknown,unknown,,,,Synthos Technologies,unknown,unknown,unknown,unknown,unknown,unknown,unknown,unknown,unknown,enterprise,unknown,unknown,unknown,unknown,unknown,unknown,unknown,unknown,unknown,unknown,direct,Direct website-led GTM into enterprise users for unknown.,unknown,unknown,unknown,unknown,unknown,unknown,2026-04-17,unknown,unknown,unknown,"Could use Brooksie to clarify vague spatial questions, automate research, and generate maps, insights, and reports faster.",unknown
Talent Enterprises Private Limited,,India,unknown,,unknown,,unknown,unknown,unknown,unknown,unknown,unknown,,,,Talent Enterprises Private Limited,India,unknown,unknown,unknown,unknown,unknown,unknown,unknown,unknown,enterprise,unknown,unknown,unknown,unknown,unknown,unknown,unknown,unknown,unknown,unknown,direct,Direct website-led GTM into enterprise users for unknown.,unknown,unknown,unknown,unknown,unknown,unknown,2026-04-17,unknown,unknown,unknown,"Could use Brooksie to clarify vague spatial questions, automate research, and generate maps, insights, and reports faster.",unknown
Tanzle,,,unknown,,unknown,,unknown,unknown,unknown,unknown,unknown,unknown,,,,Tanzle,unknown,unknown,unknown,unknown,unknown,unknown,unknown,unknown,unknown,enterprise,unknown,unknown,unknown,unknown,unknown,unknown,unknown,unknown,unknown,unknown,direct,Direct website-led GTM into enterprise users for unknown.,unknown,unknown,unknown,unknown,unknown,unknown,2026-04-17,unknown,unknown,unknown,"Could use Brooksie to clarify vague spatial questions, automate research, and generate maps, insights, and reports faster.",unknown
"Taylor, Trevor",,,unknown,,unknown,,unknown,unknown,unknown,unknown,unknown,unknown,,,,"Taylor, Trevor",unknown,unknown,unknown,unknown,unknown,unknown,unknown,unknown,unknown,enterprise,unknown,unknown,unknown,unknown,unknown,unknown,unknown,unknown,unknown,unknown,direct,Direct website-led GTM into enterprise users for unknown.,unknown,unknown,unknown,unknown,unknown,unknown,2026-04-17,unknown,unknown,unknown,"Could use Brooksie to clarify vague spatial questions, automate research, and generate maps, insights, and reports faster.",unknown
Tecdatum,,India,unknown,,unknown,,unknown,unknown,unknown,unknown,unknown,unknown,,,,Tecdatum,India,unknown,unknown,unknown,unknown,unknown,unknown,unknown,unknown,enterprise,unknown,unknown,unknown,unknown,unknown,unknown,unknown,unknown,unknown,unknown,direct,Direct website-led GTM into enterprise users for unknown.,unknown,unknown,unknown,unknown,unknown,unknown,2026-04-17,unknown,unknown,unknown,"Could use Brooksie to clarify vague spatial questions, automate research, and generate maps, insights, and reports faster.",unknown
Techno GeoSpatial,,India,unknown,,unknown,,yes,unknown,unknown,unknown,unknown,unknown,,,,Techno GeoSpatial,India,unknown,unknown,unknown,unknown,unknown,unknown,unknown,unknown,enterprise,unknown,unknown,unknown,unknown,unknown,unknown,unknown,unknown,unknown,unknown,direct,Direct website-led GTM into enterprise users for unknown.,unknown,unknown,unknown,unknown,unknown,unknown,2026-04-17,unknown,unknown,unknown,"Could use Brooksie to clarify vague spatial questions, automate research, and generate maps, insights, and reports faster.",unknown
Technology Management Associates,,,unknown,,unknown,,unknown,unknown,unknown,unknown,unknown,unknown,,,,Technology Management Associates,unknown,unknown,unknown,unknown,unknown,unknown,unknown,unknown,unknown,enterprise,unknown,unknown,unknown,unknown,unknown,unknown,unknown,unknown,unknown,unknown,direct,Direct website-led GTM into enterprise users for unknown.,unknown,unknown,unknown,unknown,unknown,unknown,2026-04-17,unknown,unknown,unknown,"Could use Brooksie to clarify vague spatial questions, automate research, and generate maps, insights, and reports faster.",unknown
Tegile Systems,,,unknown,,unknown,,unknown,unknown,unknown,unknown,unknown,unknown,,,,Tegile Systems,unknown,unknown,unknown,unknown,unknown,unknown,unknown,unknown,unknown,enterprise,unknown,unknown,unknown,unknown,unknown,unknown,unknown,unknown,unknown,unknown,direct,Direct website-led GTM into enterprise users for unknown.,unknown,unknown,unknown,unknown,unknown,unknown,2026-04-17,unknown,unknown,unknown,"Could use Brooksie to clarify vague spatial questions, automate research, and generate maps, insights, and reports faster.",unknown
Telematica Sa,,,unknown,earth observation / Planet partner,Partner brand listed in the Planet partner directory.,"Earth observation, geospatial analytics, or satellite data services",yes,yes,unknown,unknown,yes,https://partner.planet.com/directory/s/list | https://partner.planet.com/directory/s/accountbrand/0TUHp0000000AxGOAU/telematica-sa,,,,Telematica Sa,unknown,unknown,unknown,unknown,"Earth observation, geospatial analytics, or satellite data services",earth observation analytics,geospatial analysis; satellite imagery analysis,unknown,services,enterprise,remote sensing analyst; data analyst,unknown,unknown,services,unknown,unknown,Services and project fees,earth observation analytics,Planet; Picterra; Brooksie AI; UP42,Planet,partner-led,Partner-oriented GTM into enterprise accounts for earth observation analytics.,unknown,unknown,unknown,unknown,unknown,unknown,2026-04-17,satellite imagery,unknown,"Direct or partial competitor on geospatial analysis workflows, map outputs, and cross-source insight delivery.",Could use Brooksie internally to turn ad hoc geospatial questions into repeatable analysis workflows and reports.,"Brooksie could use this as a data source, imagery supplier, or API integration inside geospatial workflows."
Tenix America,,,unknown,,unknown,,unknown,unknown,unknown,unknown,unknown,unknown,,,,Tenix America,unknown,unknown,unknown,unknown,unknown,unknown,unknown,unknown,unknown,enterprise,unknown,unknown,unknown,unknown,unknown,unknown,unknown,unknown,unknown,unknown,direct,Direct website-led GTM into enterprise users for unknown.,unknown,unknown,unknown,unknown,unknown,unknown,2026-04-17,unknown,unknown,unknown,"Could use Brooksie to clarify vague spatial questions, automate research, and generate maps, insights, and reports faster.",unknown
Terrain Sense Technologies,,India,unknown,,unknown,,unknown,unknown,unknown,unknown,unknown,unknown,,,,Terrain Sense Technologies,India,unknown,unknown,unknown,unknown,unknown,unknown,unknown,unknown,enterprise,unknown,unknown,unknown,unknown,unknown,unknown,unknown,unknown,unknown,unknown,direct,Direct website-led GTM into enterprise users for unknown.,unknown,unknown,unknown,unknown,unknown,unknown,2026-04-17,unknown,unknown,unknown,"Could use Brooksie to clarify vague spatial questions, automate research, and generate maps, insights, and reports faster.",unknown
Terramapping,,,unknown,earth observation / Planet partner,Partner brand listed in the Planet partner directory.,"Earth observation, geospatial analytics, or satellite data services",yes,yes,unknown,unknown,yes,https://partner.planet.com/directory/s/list | https://partner.planet.com/directory/s/accountbrand/0TUHp00000097zZOAQ/terramapping,,,,Terramapping,unknown,unknown,unknown,unknown,"Earth observation, geospatial analytics, or satellite data services",earth observation analytics,geospatial analysis; satellite imagery analysis,unknown,services,enterprise,GIS analyst; remote sensing analyst; data analyst,unknown,unknown,services,unknown,unknown,Services and project fees,earth observation analytics,Planet; Picterra; Brooksie AI; UP42,Planet,partner-led,Partner-oriented GTM into enterprise accounts for earth observation analytics.,unknown,unknown,unknown,unknown,unknown,unknown,2026-04-17,satellite imagery,unknown,"Direct or partial competitor on geospatial analysis workflows, map outputs, and cross-source insight delivery.",Could use Brooksie internally to turn ad hoc geospatial questions into repeatable analysis workflows and reports.,"Brooksie could use this as a data source, imagery supplier, or API integration inside geospatial workflows."
The Globe Building,,,unknown,,unknown,,unknown,unknown,unknown,unknown,unknown,unknown,,,,The Globe Building,unknown,unknown,unknown,unknown,unknown,unknown,unknown,unknown,unknown,enterprise,unknown,unknown,unknown,unknown,unknown,unknown,unknown,unknown,unknown,unknown,direct,Direct website-led GTM into enterprise users for unknown.,unknown,unknown,unknown,unknown,unknown,unknown,2026-04-17,unknown,unknown,unknown,"Could use Brooksie to clarify vague spatial questions, automate research, and generate maps, insights, and reports faster.",unknown
The Imagineers,,,unknown,,unknown,,unknown,unknown,unknown,unknown,unknown,unknown,,1147,,The Imagineers,unknown,unknown,unknown,unknown,unknown,unknown,unknown,unknown,unknown,enterprise,unknown,unknown,unknown,unknown,unknown,unknown,unknown,unknown,unknown,unknown,direct,Direct website-led GTM into enterprise users for unknown.,unknown,1147,unknown,unknown,unknown,unknown,2026-04-17,unknown,unknown,unknown,"Could use Brooksie to clarify vague spatial questions, automate research, and generate maps, insights, and reports faster.",unknown
The People Group,,,unknown,,unknown,,unknown,unknown,unknown,unknown,unknown,https://www.linkedin.com/company/the-people-group/,https://www.linkedin.com/company/the-people-group/,10420,,The People Group,unknown,unknown,unknown,unknown,unknown,unknown,unknown,unknown,unknown,enterprise,unknown,unknown,unknown,unknown,unknown,unknown,unknown,unknown,unknown,unknown,direct,Direct website-led GTM into enterprise users for unknown.,unknown,10420,unknown,unknown,unknown,unknown,2026-04-17,unknown,unknown,unknown,"Could use Brooksie to clarify vague spatial questions, automate research, and generate maps, insights, and reports faster.",unknown
Thermal Vision Ecology,,,unknown,,unknown,,unknown,unknown,unknown,unknown,unknown,https://www.linkedin.com/company/thermal-vision-ecology/,https://www.linkedin.com/company/thermal-vision-ecology/,1433,,Thermal Vision Ecology,unknown,unknown,unknown,unknown,unknown,unknown,unknown,unknown,unknown,enterprise,unknown,unknown,unknown,unknown,unknown,unknown,unknown,unknown,unknown,unknown,direct,Direct website-led GTM into enterprise users for unknown.,unknown,1433,unknown,unknown,unknown,unknown,2026-04-17,unknown,unknown,unknown,"Could use Brooksie to clarify vague spatial questions, automate research, and generate maps, insights, and reports faster.",unknown
Thetus,,,unknown,,unknown,,unknown,unknown,unknown,unknown,unknown,unknown,,,,Thetus,unknown,unknown,unknown,unknown,unknown,unknown,unknown,unknown,unknown,enterprise,unknown,unknown,unknown,unknown,unknown,unknown,unknown,unknown,unknown,unknown,direct,Direct website-led GTM into enterprise users for unknown.,unknown,unknown,unknown,unknown,unknown,unknown,2026-04-17,unknown,unknown,unknown,"Could use Brooksie to clarify vague spatial questions, automate research, and generate maps, insights, and reports faster.",unknown
ThinkingEarth,,,unknown,,unknown,,unknown,unknown,unknown,unknown,unknown,https://www.linkedin.com/showcase/thinkingearth/,https://www.linkedin.com/showcase/thinkingearth/,849,,ThinkingEarth,unknown,unknown,unknown,unknown,unknown,unknown,unknown,unknown,unknown,enterprise,unknown,unknown,unknown,unknown,unknown,unknown,unknown,unknown,unknown,unknown,direct,Direct website-led GTM into enterprise users for unknown.,unknown,849,unknown,unknown,unknown,unknown,2026-04-17,unknown,unknown,unknown,"Could use Brooksie to clarify vague spatial questions, automate research, and generate maps, insights, and reports faster.",unknown
Third Dimension Technologies,,,unknown,,unknown,,unknown,unknown,unknown,unknown,unknown,unknown,,,,Third Dimension Technologies,unknown,unknown,unknown,unknown,unknown,unknown,unknown,unknown,unknown,enterprise,unknown,unknown,unknown,unknown,unknown,unknown,unknown,unknown,unknown,unknown,direct,Direct website-led GTM into enterprise users for unknown.,unknown,unknown,unknown,unknown,unknown,unknown,2026-04-17,unknown,unknown,unknown,"Could use Brooksie to clarify vague spatial questions, automate research, and generate maps, insights, and reports faster.",unknown
Thoréns IT AB,,,unknown,data integration / FME partner,consulting / integration services,System Integrator,yes,unknown,unknown,unknown,unknown,https://fme.safe.com/partners/find-a-partner/ | https://fme.safe.com/partners/thorens-it-ab/,,,,Thoréns IT AB,unknown,unknown,unknown,unknown,System Integrator,consulting / integration services,unknown,unknown,services,enterprise,unknown,unknown,unknown,services,unknown,unknown,Services and project fees,consulting / integration services,Esri partners; GIS consultancies; system integrators,Safe Software / FME,partner-led,Partner-oriented GTM into enterprise accounts for consulting / integration services.,unknown,unknown,unknown,unknown,unknown,unknown,2026-04-17,API integrations,unknown,"Partial competitor in analysis delivery services, but not a direct AI-native platform substitute.","Could use Brooksie to accelerate proposal scoping, multi-source analysis, and client-ready maps and reports.","Brooksie could use this company as an implementation, data-collection, or channel partner."
TM Associates,,United States,Middletown,GIS / Esri partner,T&M Associates is a leading engineering and technical services firm focused on innovative solutions that advance our clients’ goals and sustain communities. With nearly 60...,"Application Development, Business Case Development, Data Conversion/Migration, Data Model & Database Design, GIS Strategy and Planning, Hosting Services, Implementation, Needs and Requirements, System Architecture and Design, System Integration, Training Services",yes,unknown,unknown,unknown,unknown,https://www.esri.com/en-us/about/partners/find-partner | https://www.esri.com/partners/t-m-associates-a2T70000000TUOsEAO,,,,TM Associates,United States,Middletown,unknown,unknown,Geospatial consulting and integration services,consulting / integration services,unknown,AEC / infrastructure,services,enterprise,GIS analyst; planner,unknown,unknown,services,unknown,unknown,Services and project fees,consulting / integration services,Esri partners; GIS consultancies; system integrators,Esri,partner-led,Partner-oriented GTM into enterprise accounts for consulting / integration services.,unknown,unknown,unknown,unknown,unknown,unknown,2026-04-17,GIS data; API integrations,unknown,"Partial competitor in analysis delivery services, but not a direct AI-native platform substitute.","Could use Brooksie to accelerate proposal scoping, multi-source analysis, and client-ready maps and reports.","Brooksie could use this company as an implementation, data-collection, or channel partner."
Toolz technologies,,India,unknown,,unknown,,unknown,unknown,unknown,unknown,unknown,unknown,,,,Toolz technologies,India,unknown,unknown,unknown,unknown,unknown,unknown,unknown,unknown,enterprise,unknown,unknown,unknown,unknown,unknown,unknown,unknown,unknown,unknown,unknown,direct,Direct website-led GTM into enterprise users for unknown.,unknown,unknown,unknown,unknown,unknown,unknown,2026-04-17,unknown,unknown,unknown,"Could use Brooksie to clarify vague spatial questions, automate research, and generate maps, insights, and reports faster.",unknown
Topsy Labs,,,unknown,,unknown,,unknown,unknown,unknown,unknown,unknown,unknown,,,,Topsy Labs,unknown,unknown,unknown,unknown,unknown,unknown,unknown,unknown,unknown,enterprise,unknown,unknown,unknown,unknown,unknown,unknown,unknown,unknown,unknown,unknown,direct,Direct website-led GTM into enterprise users for unknown.,unknown,unknown,unknown,unknown,unknown,unknown,2026-04-17,unknown,unknown,unknown,"Could use Brooksie to clarify vague spatial questions, automate research, and generate maps, insights, and reports faster.",unknown
"Total Aircraft Services, Inc.",,,unknown,,"Total Aircraft Services, Inc","Total Aircraft Services, Inc",unknown,unknown,unknown,unknown,unknown,unknown,,,,"Total Aircraft Services, Inc.",unknown,unknown,unknown,unknown,"Total Aircraft Services, Inc",unknown,unknown,unknown,services,enterprise,unknown,unknown,unknown,services,unknown,unknown,Services and project fees,unknown,unknown,unknown,direct,Direct website-led GTM into enterprise users for unknown.,unknown,unknown,unknown,unknown,unknown,unknown,2026-04-17,unknown,unknown,unknown,"Could use Brooksie to clarify vague spatial questions, automate research, and generate maps, insights, and reports faster.",unknown
Transglobalgeomatics,,India,unknown,surveying services,surveying services,Surveying and geomatics services,unknown,unknown,unknown,unknown,unknown,unknown,,,,Transglobalgeomatics,India,unknown,unknown,unknown,Surveying and geomatics services,surveying services,surveying,unknown,services,enterprise,surveyor,Global,unknown,services,unknown,unknown,Services and project fees,surveying services,Esri partners; surveying firms; drone mapping vendors,unknown,direct,Direct website-led GTM into enterprise users for surveying services.,unknown,unknown,unknown,unknown,unknown,unknown,2026-04-17,unknown,unknown,"Partial competitor in analysis delivery services, but not a direct AI-native platform substitute.","Could use Brooksie to accelerate proposal scoping, multi-source analysis, and client-ready maps and reports.","Brooksie could use this company as an implementation, data-collection, or channel partner."
Tresys Technology,,,unknown,,unknown,,unknown,unknown,unknown,unknown,unknown,unknown,,,,Tresys Technology,unknown,unknown,unknown,unknown,unknown,unknown,unknown,unknown,unknown,enterprise,unknown,unknown,unknown,unknown,unknown,unknown,unknown,unknown,unknown,unknown,direct,Direct website-led GTM into enterprise users for unknown.,unknown,unknown,unknown,unknown,unknown,unknown,2026-04-17,unknown,unknown,unknown,"Could use Brooksie to clarify vague spatial questions, automate research, and generate maps, insights, and reports faster.",unknown
TriCAD Design Consultants (P) Ltd.,,India,unknown,,TriCAD Design Consultants (P) Ltd,TriCAD Design Consultants (P) Ltd,unknown,unknown,unknown,unknown,unknown,unknown,,,,TriCAD Design Consultants (P) Ltd.,India,unknown,unknown,unknown,TriCAD Design Consultants (P) Ltd,unknown,unknown,unknown,unknown,SMB,unknown,unknown,unknown,unknown,unknown,unknown,unknown,unknown,unknown,unknown,direct,Direct website-led GTM into SMB users for unknown.,unknown,unknown,unknown,unknown,unknown,unknown,2026-04-17,unknown,unknown,unknown,"Could use Brooksie to clarify vague spatial questions, automate research, and generate maps, insights, and reports faster.",unknown
Trinet Prima Solusi,,,unknown,earth observation / Planet partner,Partner brand listed in the Planet partner directory.,"Earth observation, geospatial analytics, or satellite data services",yes,yes,unknown,unknown,yes,https://partner.planet.com/directory/s/list | https://partner.planet.com/directory/s/accountbrand/0TUHp00000097zeOAA/trinet-prima-solusi,,,,Trinet Prima Solusi,unknown,unknown,unknown,unknown,"Earth observation, geospatial analytics, or satellite data services",earth observation analytics,geospatial analysis; satellite imagery analysis,unknown,services,enterprise,remote sensing analyst; data analyst,unknown,unknown,services,unknown,unknown,Services and project fees,earth observation analytics,Planet; Picterra; Brooksie AI; UP42,Planet,partner-led,Partner-oriented GTM into enterprise accounts for earth observation analytics.,unknown,unknown,unknown,unknown,unknown,unknown,2026-04-17,satellite imagery,unknown,"Direct or partial competitor on geospatial analysis workflows, map outputs, and cross-source insight delivery.",Could use Brooksie internally to turn ad hoc geospatial questions into repeatable analysis workflows and reports.,"Brooksie could use this as a data source, imagery supplier, or API integration inside geospatial workflows."
Trionic Solutions,,India,unknown,,unknown,,unknown,unknown,unknown,unknown,unknown,unknown,,,,Trionic Solutions,India,unknown,unknown,unknown,unknown,unknown,unknown,unknown,unknown,enterprise,unknown,unknown,unknown,unknown,unknown,unknown,unknown,unknown,unknown,unknown,direct,Direct website-led GTM into enterprise users for unknown.,unknown,unknown,unknown,unknown,unknown,unknown,2026-04-17,unknown,unknown,unknown,"Could use Brooksie to clarify vague spatial questions, automate research, and generate maps, insights, and reports faster.",unknown
Trishitha Consultancy Services Pvt Ltd,,India,unknown,,unknown,,unknown,unknown,unknown,unknown,unknown,unknown,,,,Trishitha Consultancy Services Pvt Ltd,India,unknown,unknown,unknown,unknown,unknown,unknown,unknown,services,enterprise,unknown,unknown,unknown,services,unknown,unknown,Services and project fees,unknown,unknown,unknown,direct,Direct website-led GTM into enterprise users for unknown.,unknown,unknown,unknown,unknown,unknown,unknown,2026-04-17,unknown,unknown,unknown,"Could use Brooksie to clarify vague spatial questions, automate research, and generate maps, insights, and reports faster.",unknown
Turbinehubcom Llc,,,unknown,earth observation / Planet partner,Partner brand listed in the Planet partner directory.,"Earth observation, geospatial analytics, or satellite data services",yes,yes,unknown,unknown,yes,https://partner.planet.com/directory/s/list | https://partner.planet.com/directory/s/accountbrand/0TUHp00000008ObOAI/turbinehubcom-llc,,,,Turbinehubcom Llc,unknown,unknown,unknown,unknown,"Earth observation, geospatial analytics, or satellite data services",earth observation analytics,geospatial analysis; satellite imagery analysis,unknown,services,enterprise,remote sensing analyst; data analyst,unknown,unknown,services,unknown,unknown,Services and project fees,earth observation analytics,Planet; Picterra; Brooksie AI; UP42,Planet,partner-led,Partner-oriented GTM into enterprise accounts for earth observation analytics.,unknown,unknown,unknown,unknown,unknown,unknown,2026-04-17,satellite imagery,unknown,"Direct or partial competitor on geospatial analysis workflows, map outputs, and cross-source insight delivery.",Could use Brooksie internally to turn ad hoc geospatial questions into repeatable analysis workflows and reports.,"Brooksie could use this as a data source, imagery supplier, or API integration inside geospatial workflows."
Twister Data Framework,,,unknown,,unknown,,unknown,unknown,unknown,unknown,unknown,unknown,,,,Twister Data Framework,unknown,unknown,unknown,unknown,unknown,unknown,unknown,unknown,unknown,enterprise,unknown,unknown,unknown,unknown,unknown,unknown,unknown,unknown,unknown,unknown,direct,Direct website-led GTM into enterprise users for unknown.,unknown,unknown,unknown,unknown,unknown,unknown,2026-04-17,unknown,unknown,unknown,"Could use Brooksie to clarify vague spatial questions, automate research, and generate maps, insights, and reports faster.",unknown
UAS Geoscience,,,unknown,drone mapping platform,drone mapping platform,Drone mapping and aerial data platform,unknown,unknown,yes,unknown,unknown,https://www.linkedin.com/company/uas-geoscience/,https://www.linkedin.com/company/uas-geoscience/,351,,UAS Geoscience,unknown,unknown,unknown,unknown,Drone mapping and aerial data platform,drone mapping platform,unknown,unknown,SaaS,enterprise,unknown,unknown,unknown,unknown,unknown,unknown,unknown,drone mapping platform,DroneDeploy; Pix4D; FlyPix AI,unknown,direct,Direct website-led GTM into enterprise users for drone mapping platform.,unknown,351,unknown,unknown,unknown,unknown,2026-04-17,unknown,unknown,Indirect competitor at most; this is closer to an input or data layer than Brooksie's planning-and-execution workspace.,Could use Brooksie internally to turn ad hoc geospatial questions into repeatable analysis workflows and reports.,"Brooksie could use this as a data source, imagery supplier, or API integration inside geospatial workflows."
UAV365 Ltd,,,unknown,,unknown,,unknown,unknown,unknown,unknown,unknown,unknown,,4076,,UAV365 Ltd,unknown,unknown,unknown,unknown,unknown,unknown,unknown,unknown,unknown,enterprise,unknown,unknown,unknown,unknown,unknown,unknown,unknown,unknown,unknown,unknown,direct,Direct website-led GTM into enterprise users for unknown.,unknown,4076,unknown,unknown,unknown,unknown,2026-04-17,unknown,unknown,unknown,"Could use Brooksie to clarify vague spatial questions, automate research, and generate maps, insights, and reports faster.",unknown
UltraSpectral Inc.,,,unknown,,unknown,,unknown,unknown,unknown,unknown,unknown,unknown,,,,UltraSpectral Inc.,unknown,unknown,unknown,unknown,unknown,unknown,unknown,unknown,unknown,enterprise,unknown,unknown,unknown,unknown,unknown,unknown,unknown,unknown,unknown,unknown,direct,Direct website-led GTM into enterprise users for unknown.,unknown,unknown,unknown,unknown,unknown,unknown,2026-04-17,unknown,unknown,unknown,"Could use Brooksie to clarify vague spatial questions, automate research, and generate maps, insights, and reports faster.",unknown
Unearthed Land Technologies LLC,,,unknown,,unknown,,unknown,unknown,unknown,unknown,unknown,unknown,,,,Unearthed Land Technologies LLC,unknown,unknown,unknown,unknown,unknown,unknown,unknown,unknown,unknown,enterprise,unknown,unknown,unknown,unknown,unknown,unknown,unknown,unknown,unknown,unknown,direct,Direct website-led GTM into enterprise users for unknown.,unknown,unknown,unknown,unknown,unknown,unknown,2026-04-17,unknown,unknown,unknown,"Could use Brooksie to clarify vague spatial questions, automate research, and generate maps, insights, and reports faster.",unknown
Unlimited Growth Solution llc,,United States,Houston,GIS / Esri partner,"Unlimited Growth Solutions LLC is based on our core geospatial expertise, ongoing market watch activities and an understanding of industry trends in both software and...","Application Development, Business Case Development, Data Conversion/Migration, Data Model & Database Design, GIS Strategy and Planning, Hosting Services, Implementation, Needs and Requirements, System Architecture and Design, System Integration, Training Services",yes,unknown,unknown,unknown,unknown,https://www.esri.com/en-us/about/partners/find-partner | https://www.esri.com/partners/unlimited-growth-sol-a2T5x000008Dsq2EAC,,,,Unlimited Growth Solution llc,United States,Houston,unknown,unknown,Geospatial consulting and integration services,consulting / integration services,unknown,AEC / infrastructure,SaaS; services,enterprise,GIS analyst; planner,unknown,unknown,services,unknown,unknown,Services and project fees,consulting / integration services,Esri partners; GIS consultancies; system integrators,Esri,partner-led,Partner-oriented GTM into enterprise accounts for consulting / integration services.,unknown,unknown,unknown,unknown,unknown,unknown,2026-04-17,GIS data; API integrations,unknown,"Partial competitor in analysis delivery services, but not a direct AI-native platform substitute.","Could use Brooksie to accelerate proposal scoping, multi-source analysis, and client-ready maps and reports.","Brooksie could use this company as an implementation, data-collection, or channel partner."
UNO Geoinformatics,,India,unknown,,unknown,,unknown,unknown,unknown,unknown,unknown,unknown,,,,UNO Geoinformatics,India,unknown,unknown,unknown,unknown,unknown,unknown,unknown,unknown,enterprise,unknown,unknown,unknown,unknown,unknown,unknown,unknown,unknown,unknown,unknown,direct,Direct website-led GTM into enterprise users for unknown.,unknown,unknown,unknown,unknown,unknown,unknown,2026-04-17,unknown,unknown,unknown,"Could use Brooksie to clarify vague spatial questions, automate research, and generate maps, insights, and reports faster.",unknown
URBANLY,,,unknown,,unknown,,unknown,unknown,unknown,unknown,unknown,unknown,,4253,,URBANLY,unknown,unknown,unknown,unknown,unknown,unknown,unknown,unknown,unknown,enterprise,planner,unknown,unknown,unknown,unknown,unknown,unknown,unknown,unknown,unknown,direct,Direct website-led GTM into enterprise users for unknown.,unknown,4253,unknown,unknown,unknown,unknown,2026-04-17,unknown,unknown,unknown,"Could use Brooksie to clarify vague spatial questions, automate research, and generate maps, insights, and reports faster.",unknown
Utility Scoop,,,unknown,,unknown,,unknown,unknown,unknown,unknown,unknown,unknown,,3944,,Utility Scoop,unknown,unknown,unknown,unknown,unknown,unknown,unknown,unknown,unknown,enterprise,unknown,unknown,unknown,unknown,unknown,unknown,unknown,unknown,unknown,unknown,direct,Direct website-led GTM into enterprise users for unknown.,unknown,3944,unknown,unknown,unknown,unknown,2026-04-17,unknown,unknown,unknown,"Could use Brooksie to clarify vague spatial questions, automate research, and generate maps, insights, and reports faster.",unknown
UwDroneService,,,unknown,,unknown,,unknown,unknown,unknown,unknown,unknown,https://www.linkedin.com/company/uwdroneservice/,https://www.linkedin.com/company/uwdroneservice/,197,,UwDroneService,unknown,unknown,unknown,unknown,unknown,unknown,unknown,unknown,unknown,enterprise,unknown,unknown,unknown,unknown,unknown,unknown,unknown,unknown,unknown,unknown,direct,Direct website-led GTM into enterprise users for unknown.,unknown,197,unknown,unknown,unknown,unknown,2026-04-17,unknown,unknown,unknown,Could use Brooksie internally to turn ad hoc geospatial questions into repeatable analysis workflows and reports.,"Brooksie could use this as a data source, imagery supplier, or API integration inside geospatial workflows."
Vajra Infratech,,India,unknown,,unknown,,unknown,unknown,unknown,unknown,unknown,unknown,,,,Vajra Infratech,India,unknown,unknown,unknown,unknown,unknown,unknown,unknown,unknown,enterprise,unknown,unknown,unknown,unknown,unknown,unknown,unknown,unknown,unknown,unknown,direct,Direct website-led GTM into enterprise users for unknown.,unknown,unknown,unknown,unknown,unknown,unknown,2026-04-17,unknown,unknown,unknown,"Could use Brooksie to clarify vague spatial questions, automate research, and generate maps, insights, and reports faster.",unknown
"Van den Berg, Eric",,,unknown,,unknown,,unknown,unknown,unknown,unknown,unknown,unknown,,,,"Van den Berg, Eric",unknown,unknown,unknown,unknown,unknown,unknown,unknown,unknown,unknown,enterprise,unknown,unknown,unknown,unknown,unknown,unknown,unknown,unknown,unknown,unknown,direct,Direct website-led GTM into enterprise users for unknown.,unknown,unknown,unknown,unknown,unknown,unknown,2026-04-17,unknown,unknown,unknown,"Could use Brooksie to clarify vague spatial questions, automate research, and generate maps, insights, and reports faster.",unknown
VAS Technologies,,India,unknown,,unknown,,unknown,unknown,unknown,unknown,unknown,unknown,,,,VAS Technologies,India,unknown,unknown,unknown,unknown,unknown,unknown,unknown,unknown,enterprise,unknown,unknown,unknown,unknown,unknown,unknown,unknown,unknown,unknown,unknown,direct,Direct website-led GTM into enterprise users for unknown.,unknown,unknown,unknown,unknown,unknown,unknown,2026-04-17,unknown,unknown,unknown,"Could use Brooksie to clarify vague spatial questions, automate research, and generate maps, insights, and reports faster.",unknown
Vasundhara Geo Soft,,India,unknown,,unknown,,unknown,unknown,unknown,unknown,unknown,unknown,,,,Vasundhara Geo Soft,India,unknown,unknown,unknown,unknown,unknown,unknown,unknown,unknown,enterprise,unknown,unknown,unknown,unknown,unknown,unknown,unknown,unknown,unknown,unknown,direct,Direct website-led GTM into enterprise users for unknown.,unknown,unknown,unknown,unknown,unknown,unknown,2026-04-17,unknown,unknown,unknown,"Could use Brooksie to clarify vague spatial questions, automate research, and generate maps, insights, and reports faster.",unknown
Vector Geospatial Services Pvt Ltd,,India,unknown,,unknown,,yes,unknown,unknown,unknown,unknown,unknown,,,,Vector Geospatial Services Pvt Ltd,India,unknown,unknown,unknown,unknown,unknown,unknown,unknown,services,enterprise,unknown,unknown,unknown,services,unknown,unknown,Services and project fees,unknown,unknown,unknown,direct,Direct website-led GTM into enterprise users for unknown.,unknown,unknown,unknown,unknown,unknown,unknown,2026-04-17,GIS data,unknown,unknown,"Could use Brooksie to clarify vague spatial questions, automate research, and generate maps, insights, and reports faster.",unknown
Verdomics,,,unknown,,unknown,,unknown,unknown,unknown,unknown,unknown,https://www.linkedin.com/company/verdomics/,https://www.linkedin.com/company/verdomics/,45,,Verdomics,unknown,unknown,unknown,unknown,unknown,unknown,unknown,unknown,unknown,enterprise,unknown,unknown,unknown,unknown,unknown,unknown,unknown,unknown,unknown,unknown,direct,Direct website-led GTM into enterprise users for unknown.,unknown,45,unknown,unknown,unknown,unknown,2026-04-17,unknown,unknown,unknown,"Could use Brooksie to clarify vague spatial questions, automate research, and generate maps, insights, and reports faster.",unknown
Verso Technical Solutions,,India,unknown,,unknown,,unknown,unknown,unknown,unknown,unknown,unknown,,,,Verso Technical Solutions,India,unknown,unknown,unknown,unknown,unknown,unknown,unknown,unknown,enterprise,unknown,unknown,unknown,unknown,unknown,unknown,unknown,unknown,unknown,unknown,direct,Direct website-led GTM into enterprise users for unknown.,unknown,unknown,unknown,unknown,unknown,unknown,2026-04-17,unknown,unknown,unknown,"Could use Brooksie to clarify vague spatial questions, automate research, and generate maps, insights, and reports faster.",unknown
VetDS,,,unknown,,unknown,,unknown,unknown,unknown,unknown,unknown,unknown,,,,VetDS,unknown,unknown,unknown,unknown,unknown,unknown,unknown,unknown,unknown,enterprise,unknown,unknown,unknown,unknown,unknown,unknown,unknown,unknown,unknown,unknown,direct,Direct website-led GTM into enterprise users for unknown.,unknown,unknown,unknown,unknown,unknown,unknown,2026-04-17,unknown,unknown,unknown,"Could use Brooksie to clarify vague spatial questions, automate research, and generate maps, insights, and reports faster.",unknown
VideoBank,,,unknown,,unknown,,unknown,unknown,unknown,unknown,unknown,unknown,,,,VideoBank,unknown,unknown,unknown,unknown,unknown,unknown,unknown,unknown,unknown,enterprise,unknown,unknown,unknown,unknown,unknown,unknown,unknown,unknown,unknown,unknown,direct,Direct website-led GTM into enterprise users for unknown.,unknown,unknown,unknown,unknown,unknown,unknown,2026-04-17,unknown,unknown,unknown,"Could use Brooksie to clarify vague spatial questions, automate research, and generate maps, insights, and reports faster.",unknown
Vietnam Denmark Vidagis Company Ltd,,Denmark,unknown,earth observation / Planet partner,Partner brand listed in the Planet partner directory.,"Earth observation, geospatial analytics, or satellite data services",yes,yes,unknown,unknown,yes,https://partner.planet.com/directory/s/list | https://partner.planet.com/directory/s/accountbrand/0TUHp00000008OjOAI/vietnam-denmark-vidagis-company-ltd,,,,Vietnam Denmark Vidagis Company Ltd,Denmark,unknown,unknown,unknown,"Earth observation, geospatial analytics, or satellite data services",earth observation analytics,geospatial analysis; satellite imagery analysis,unknown,services,enterprise,remote sensing analyst; data analyst,unknown,unknown,services,unknown,unknown,Services and project fees,earth observation analytics,Planet; Picterra; Brooksie AI; UP42,Planet,partner-led,Partner-oriented GTM into enterprise accounts for earth observation analytics.,unknown,unknown,unknown,unknown,unknown,unknown,2026-04-17,satellite imagery,unknown,"Direct or partial competitor on geospatial analysis workflows, map outputs, and cross-source insight delivery.",Could use Brooksie internally to turn ad hoc geospatial questions into repeatable analysis workflows and reports.,"Brooksie could use this as a data source, imagery supplier, or API integration inside geospatial workflows."
View Info Technologies Pvt Ltd.,,India,unknown,,View Info Technologies Pvt Ltd,View Info Technologies Pvt Ltd,unknown,unknown,unknown,unknown,unknown,unknown,,,,View Info Technologies Pvt Ltd.,India,unknown,unknown,unknown,View Info Technologies Pvt Ltd,unknown,unknown,unknown,unknown,enterprise,unknown,unknown,unknown,unknown,unknown,unknown,unknown,unknown,unknown,unknown,direct,Direct website-led GTM into enterprise users for unknown.,unknown,unknown,unknown,unknown,unknown,unknown,2026-04-17,unknown,unknown,unknown,"Could use Brooksie to clarify vague spatial questions, automate research, and generate maps, insights, and reports faster.",unknown
Vignette,,,unknown,,unknown,,unknown,unknown,unknown,unknown,unknown,unknown,,,,Vignette,unknown,unknown,unknown,unknown,unknown,unknown,unknown,unknown,unknown,enterprise,unknown,unknown,unknown,unknown,unknown,unknown,unknown,unknown,unknown,unknown,direct,Direct website-led GTM into enterprise users for unknown.,unknown,unknown,unknown,unknown,unknown,unknown,2026-04-17,unknown,unknown,unknown,"Could use Brooksie to clarify vague spatial questions, automate research, and generate maps, insights, and reports faster.",unknown
Visallo,,,unknown,,unknown,,unknown,unknown,unknown,unknown,unknown,unknown,,,,Visallo,unknown,unknown,unknown,unknown,unknown,unknown,unknown,unknown,unknown,enterprise,unknown,unknown,unknown,unknown,unknown,unknown,unknown,unknown,unknown,unknown,direct,Direct website-led GTM into enterprise users for unknown.,unknown,unknown,unknown,unknown,unknown,unknown,2026-04-17,unknown,unknown,unknown,"Could use Brooksie to clarify vague spatial questions, automate research, and generate maps, insights, and reports faster.",unknown
Vision Lab,,India,unknown,,unknown,,unknown,unknown,unknown,unknown,unknown,unknown,,,,Vision Lab,India,unknown,unknown,unknown,unknown,unknown,unknown,unknown,unknown,enterprise,unknown,unknown,unknown,unknown,unknown,unknown,unknown,unknown,unknown,unknown,direct,Direct website-led GTM into enterprise users for unknown.,unknown,unknown,unknown,unknown,unknown,unknown,2026-04-17,unknown,unknown,unknown,"Could use Brooksie to clarify vague spatial questions, automate research, and generate maps, insights, and reports faster.",unknown
Vivid Geospatial Services (VGS),,India,unknown,,unknown,,yes,unknown,unknown,unknown,unknown,unknown,,,,Vivid Geospatial Services (VGS),India,unknown,unknown,unknown,unknown,unknown,unknown,unknown,services,enterprise,unknown,unknown,unknown,services,unknown,unknown,Services and project fees,unknown,unknown,unknown,direct,Direct website-led GTM into enterprise users for unknown.,unknown,unknown,unknown,unknown,unknown,unknown,2026-04-17,unknown,unknown,unknown,"Could use Brooksie to clarify vague spatial questions, automate research, and generate maps, insights, and reports faster.",unknown
"Voidrot, Marie-Françoise",,,unknown,,unknown,,unknown,unknown,unknown,unknown,unknown,unknown,,,,"Voidrot, Marie-Françoise",unknown,unknown,unknown,unknown,unknown,unknown,unknown,unknown,unknown,enterprise,unknown,unknown,unknown,unknown,unknown,unknown,unknown,unknown,unknown,unknown,direct,Direct website-led GTM into enterprise users for unknown.,unknown,unknown,unknown,unknown,unknown,unknown,2026-04-17,unknown,unknown,unknown,"Could use Brooksie to clarify vague spatial questions, automate research, and generate maps, insights, and reports faster.",unknown
Volks Resources LLC,,United States,Frisco,GIS / Esri partner,"Volks Resources currently supports several Tier1 customers with high-level design, fielding services, low-level design, quality control, construction print creation, and permitting needs. With local field...","Application Development, Data Model & Database Design, GIS Strategy and Planning",yes,unknown,unknown,unknown,unknown,https://www.esri.com/en-us/about/partners/find-partner | https://www.esri.com/partners/volks-resources-llc-a2TUU000000SUj72AG,,,,Volks Resources LLC,United States,Frisco,unknown,unknown,"Application Development, Data Model & Database Design, GIS Strategy and Planning",field operations GIS software,field operations,AEC / infrastructure,SaaS; services,enterprise,GIS analyst; planner; field operations manager,unknown,unknown,services,unknown,unknown,Services and project fees,field operations GIS software,Matidor; Atlas.co; Esri,Esri,partner-led,Partner-oriented GTM into enterprise accounts for field operations GIS software.,unknown,unknown,unknown,unknown,unknown,unknown,2026-04-17,GIS data,unknown,"Direct or partial competitor on geospatial analysis workflows, map outputs, and cross-source insight delivery.","Could use Brooksie to clarify vague spatial questions, automate research, and generate maps, insights, and reports faster.",unknown
voluntarily provide answers to 23 questions,,,unknown,geospatial / remote sensing company,"Please use this form to officially nominate your company About the company Company profile and financials Membership and awards Diversity, Equity and Inclusion (DEI) Environmental...",Earth observation and imagery analytics platform,yes,yes,unknown,unknown,unknown,https://geoawesome.com/global-top-100-geospatial-companies-2023-edition/,,,,voluntarily provide answers to 23 questions,unknown,unknown,unknown,active,Earth observation and imagery analytics platform,earth observation analytics,unknown,environmental services,unknown,enterprise,remote sensing analyst,Global,unknown,unknown,unknown,unknown,unknown,earth observation analytics,Planet; Picterra; Brooksie AI; UP42,unknown,direct,Direct website-led GTM into enterprise users for earth observation analytics.,unknown,unknown,unknown,unknown,unknown,unknown,2026-04-17,unknown,unknown,"Direct or partial competitor on geospatial analysis workflows, map outputs, and cross-source insight delivery.",Could use Brooksie internally to turn ad hoc geospatial questions into repeatable analysis workflows and reports.,"Brooksie could use this as a data source, imagery supplier, or API integration inside geospatial workflows."
VorGeo,,,unknown,,unknown,,unknown,unknown,unknown,unknown,unknown,https://www.linkedin.com/company/vorgeo/,https://www.linkedin.com/company/vorgeo/,61,,VorGeo,unknown,unknown,unknown,unknown,unknown,unknown,unknown,unknown,unknown,enterprise,unknown,unknown,unknown,unknown,unknown,unknown,unknown,unknown,unknown,unknown,direct,Direct website-led GTM into enterprise users for unknown.,unknown,61,unknown,unknown,unknown,unknown,2026-04-17,unknown,unknown,unknown,"Could use Brooksie to clarify vague spatial questions, automate research, and generate maps, insights, and reports faster.",unknown
Westport,,,unknown,,unknown,,unknown,unknown,unknown,unknown,unknown,unknown,,,,Westport,unknown,unknown,unknown,unknown,unknown,unknown,unknown,unknown,unknown,enterprise,unknown,unknown,unknown,unknown,unknown,unknown,unknown,unknown,unknown,unknown,direct,Direct website-led GTM into enterprise users for unknown.,unknown,unknown,unknown,unknown,unknown,unknown,2026-04-17,unknown,unknown,unknown,"Could use Brooksie to clarify vague spatial questions, automate research, and generate maps, insights, and reports faster.",unknown
Westway Services Group,,,unknown,,unknown,,unknown,unknown,unknown,unknown,unknown,unknown,,,,Westway Services Group,unknown,unknown,unknown,unknown,unknown,unknown,unknown,unknown,services,enterprise,unknown,unknown,unknown,services,unknown,unknown,Services and project fees,unknown,unknown,unknown,direct,Direct website-led GTM into enterprise users for unknown.,unknown,unknown,unknown,unknown,unknown,unknown,2026-04-17,unknown,unknown,unknown,"Could use Brooksie to clarify vague spatial questions, automate research, and generate maps, insights, and reports faster.",unknown
WhirlyVision LLC,,,unknown,commercial drone / event exhibitor,Commercial UAV Expo 2023 exhibitor.,"Commercial drone, surveying, mapping, lidar, or related services",yes,unknown,yes,yes,unknown,https://www.expouav.com/2023-exhibitor-list/,,,,WhirlyVision LLC,unknown,unknown,unknown,unknown,"Commercial drone, surveying, mapping, lidar, or related services",drone mapping platform,drone mapping; surveying,unknown,SaaS; services,enterprise,GIS analyst; surveyor; drone operator,unknown,unknown,services,unknown,unknown,Services and project fees,drone mapping platform,DroneDeploy; Pix4D; FlyPix AI,unknown,direct,Direct website-led GTM into enterprise users for drone mapping platform.,unknown,unknown,unknown,unknown,unknown,unknown,2026-04-17,drone imagery; LiDAR / point clouds,unknown,Indirect competitor at most; this is closer to an input or data layer than Brooksie's planning-and-execution workspace.,Could use Brooksie internally to turn ad hoc geospatial questions into repeatable analysis workflows and reports.,"Brooksie could use this as a data source, imagery supplier, or API integration inside geospatial workflows."
Whiteboard Federal Technologies Corp.,,,unknown,,Whiteboard Federal Technologies Corp,Whiteboard Federal Technologies Corp,unknown,unknown,unknown,unknown,unknown,unknown,,,,Whiteboard Federal Technologies Corp.,unknown,unknown,unknown,unknown,Whiteboard Federal Technologies Corp,unknown,unknown,unknown,unknown,enterprise,unknown,unknown,unknown,unknown,unknown,unknown,unknown,unknown,unknown,unknown,direct,Direct website-led GTM into enterprise users for unknown.,unknown,unknown,unknown,unknown,unknown,unknown,2026-04-17,unknown,unknown,unknown,"Could use Brooksie to clarify vague spatial questions, automate research, and generate maps, insights, and reports faster.",unknown
Whitespace,,,unknown,,unknown,,unknown,unknown,unknown,unknown,unknown,unknown,,,,Whitespace,unknown,unknown,unknown,unknown,unknown,unknown,unknown,unknown,unknown,enterprise,unknown,unknown,unknown,unknown,unknown,unknown,unknown,unknown,unknown,unknown,direct,Direct website-led GTM into enterprise users for unknown.,unknown,unknown,unknown,unknown,unknown,unknown,2026-04-17,unknown,unknown,unknown,"Could use Brooksie to clarify vague spatial questions, automate research, and generate maps, insights, and reports faster.",unknown
William C. Brown Inc.,,,unknown,,unknown,,unknown,unknown,unknown,unknown,unknown,unknown,,,,William C. Brown Inc.,unknown,unknown,unknown,unknown,unknown,unknown,unknown,unknown,unknown,enterprise,unknown,unknown,unknown,unknown,unknown,unknown,unknown,unknown,unknown,unknown,direct,Direct website-led GTM into enterprise users for unknown.,unknown,unknown,unknown,unknown,unknown,unknown,2026-04-17,unknown,unknown,unknown,"Could use Brooksie to clarify vague spatial questions, automate research, and generate maps, insights, and reports faster.",unknown
WillPower Technologies,,India,unknown,,unknown,,unknown,unknown,unknown,unknown,unknown,unknown,,,,WillPower Technologies,India,unknown,unknown,unknown,unknown,unknown,unknown,energy / utilities,unknown,enterprise,unknown,unknown,unknown,unknown,unknown,unknown,unknown,unknown,unknown,unknown,direct,Direct website-led GTM into enterprise users for unknown.,unknown,unknown,unknown,unknown,unknown,unknown,2026-04-17,unknown,unknown,unknown,"Could use Brooksie to clarify vague spatial questions, automate research, and generate maps, insights, and reports faster.",unknown
XSoft Inc.,,United States,Noblesville,GIS / Esri partner,"XSoft, Inc was formed in January 2006 with the goal in mind of providing local government agencies with a dynamic alternative to the traditional assessment...",GIS and mapping platform,yes,unknown,unknown,unknown,unknown,https://www.esri.com/en-us/about/partners/find-partner | https://www.esri.com/partners/xsoft-inc-a2Tf2000005TD3pEAG,,,,XSoft Inc.,United States,Noblesville,unknown,unknown,GIS and mapping platform,GIS / mapping platform,unknown,government,SaaS,government; enterprise,GIS analyst,unknown,unknown,unknown,unknown,unknown,unknown,GIS / mapping platform,Esri; Mapbox; CARTO; Felt; Atlas.co,Esri,partner-led,Partner-oriented GTM into government; enterprise accounts for GIS / mapping platform.,unknown,unknown,unknown,unknown,unknown,unknown,2026-04-17,GIS data,unknown,"Direct or partial competitor on geospatial analysis workflows, map outputs, and cross-source insight delivery.","Could use Brooksie to clarify vague spatial questions, automate research, and generate maps, insights, and reports faster.","Brooksie could use this for map rendering, visualization, geospatial UI components, or workflow integrations."
Yeme Tech,,,unknown,,unknown,,unknown,unknown,unknown,unknown,unknown,unknown,,2566,,Yeme Tech,unknown,unknown,unknown,unknown,unknown,unknown,unknown,unknown,unknown,enterprise,unknown,unknown,unknown,unknown,unknown,unknown,unknown,unknown,unknown,unknown,direct,Direct website-led GTM into enterprise users for unknown.,unknown,2566,unknown,unknown,unknown,unknown,2026-04-17,unknown,unknown,unknown,"Could use Brooksie to clarify vague spatial questions, automate research, and generate maps, insights, and reports faster.",unknown
Yuva Geospatial (P) Ltd.,,India,unknown,,Yuva Geospatial (P) Ltd,Yuva Geospatial (P) Ltd,yes,unknown,unknown,unknown,unknown,unknown,,,,Yuva Geospatial (P) Ltd.,India,unknown,unknown,unknown,Yuva Geospatial (P) Ltd,unknown,unknown,unknown,unknown,enterprise,unknown,unknown,unknown,unknown,unknown,unknown,unknown,unknown,unknown,unknown,direct,Direct website-led GTM into enterprise users for unknown.,unknown,unknown,unknown,unknown,unknown,unknown,2026-04-17,unknown,unknown,unknown,"Could use Brooksie to clarify vague spatial questions, automate research, and generate maps, insights, and reports faster.",unknown
Zebra Imaging,,,unknown,,unknown,,unknown,unknown,unknown,unknown,unknown,unknown,,,,Zebra Imaging,unknown,unknown,unknown,unknown,unknown,unknown,unknown,unknown,unknown,enterprise,unknown,unknown,unknown,unknown,unknown,unknown,unknown,unknown,unknown,unknown,direct,Direct website-led GTM into enterprise users for unknown.,unknown,unknown,unknown,unknown,unknown,unknown,2026-04-17,unknown,unknown,unknown,"Could use Brooksie to clarify vague spatial questions, automate research, and generate maps, insights, and reports faster.",unknown
ZeroEntropy,,,unknown,,unknown,,unknown,unknown,unknown,unknown,unknown,unknown,,5352,,ZeroEntropy,unknown,unknown,unknown,unknown,unknown,unknown,unknown,unknown,unknown,enterprise,unknown,unknown,unknown,unknown,unknown,unknown,unknown,unknown,unknown,unknown,direct,Direct website-led GTM into enterprise users for unknown.,unknown,5352,unknown,unknown,unknown,unknown,2026-04-17,unknown,unknown,unknown,"Could use Brooksie to clarify vague spatial questions, automate research, and generate maps, insights, and reports faster.",unknown
AdV (Working Committee of the Surveying Authorities of the Laender of the Federal Republic of Germany),https://adv-online.de/,,unknown,surveying / geospatial exhibitor,INTERGEO 2025 exhibitor.,"Surveying, mapping, geospatial, photogrammetry, lidar, or related products/services",yes,unknown,unknown,yes,yes,https://dvw.de/intergeo/en/exhibitors-products/exhibitor-directory | https://dvw.de/api/assets/downloads/intergeo/report/intergeo_report_2025_web%5B98%5D.pdf | https://www.adv-online.de/Home/ | https://www.adv-online.de/About-us/index.html | https://www.adv-online.de/Impressum/index.html | https://adv-online.de/,,,,AdV (Working Committee of the Surveying Authorities of the Laender of the Federal Republic of Germany),unknown,unknown,unknown,acquired,"Surveying, mapping, geospatial, photogrammetry, lidar, or related products/services",location data API,site selection; route optimization; satellite imagery analysis; drone mapping; surveying,government; logistics / mobility; real estate,API; services,consumer; government,GIS analyst; surveyor,Germany,unknown,subscription,unknown,unknown,SaaS subscriptions,location data API,Mapbox; Foursquare; Geocode.XYZ; Placekey,unknown,direct,Direct website-led GTM into consumer; government users for location data API.,unknown,unknown,unknown,unknown,unknown,Recent source: https://dvw.de/api/assets/downloads/intergeo/report/intergeo_report_2025_web%5B98%5D.pdf,2026-04-17,GIS data; satellite imagery; LiDAR / point clouds; location / POI data; API integrations,unknown,Indirect competitor at most; this is closer to an input or data layer than Brooksie's planning-and-execution workspace.,Could use Brooksie internally to turn ad hoc geospatial questions into repeatable analysis workflows and reports.,"Brooksie could use this as a data source, imagery supplier, or API integration inside geospatial workflows."
Advent International Corporation,https://adventinternational.com/,,unknown,location data API,"Advent is a leading global private equity investor committed to working with management teams, entrepreneurs, and founders to help transform businesses.",Location data and geocoding API,unknown,unknown,unknown,unknown,unknown,https://www.adventinternational.com/ | https://www.adventinternational.com/about-us/ | https://www.adventinternational.com/news/ | https://adventinternational.com/,,,,Advent International Corporation,unknown,unknown,unknown,acquired,Location data and geocoding API,location data API,data visualization; route optimization; collaboration,government; energy / utilities; environmental services; logistics / mobility; real estate,API; SaaS; services,consumer; government; enterprise,planner; developer; data analyst,Global,unknown,services,unknown,unknown,Services and project fees,"collaborative, AI-native location data API",Mapbox; Foursquare; Geocode.XYZ; Placekey,Partner ecosystem,marketplace,Marketplace-led distribution for location data API.,unknown,unknown,"Raised GPE X, reaching $25b",unknown,unknown,News — Advent International,2026-04-17,location / POI data; API integrations,AI / machine learning; cloud platform; real-time collaboration,Indirect competitor at most; this is closer to an input or data layer than Brooksie's planning-and-execution workspace.,Could use Brooksie internally to turn ad hoc geospatial questions into repeatable analysis workflows and reports.,"Brooksie could use this as a data source, imagery supplier, or API integration inside geospatial workflows."
AGHP - Association of Geohazard Professionals,https://geohazardassociation.org/,United States,unknown,consumer mapping app,AGHP - Association of Geohazard Professionals Welcome,Consumer mapping application,unknown,yes,unknown,unknown,unknown,https://www.linkedin.com/company/aghp-association-of-geohazard-professionals/ | https://geohazardassociation.org/ | https://geohazardassociation.org/about/ | https://geohazardassociation.org/news/,https://www.linkedin.com/company/aghp-association-of-geohazard-professionals/,1529,,AGHP - Association of Geohazard Professionals,United States,unknown,2000,acquired,Consumer mapping application,consumer mapping app,field operations; project tracking; reporting; collaboration,government; AEC / infrastructure; environmental services; logistics / mobility; mining,SaaS; services,consumer; government; SMB,planner; developer; project manager; remote sensing analyst,Global,unknown,license,unknown,unknown,Software licensing,collaborative consumer mapping app,Google Maps; Mapbox; Foursquare,unknown,marketplace,Marketplace-led distribution for consumer mapping app.,unknown,1529,unknown,unknown,unknown,News - Association of Geohazard Professionals - AGHP,2026-04-17,API integrations,unknown,"Partial competitor in analysis delivery services, but not a direct AI-native platform substitute.","Low fit as a core customer; possible internal use for market, place, or operations research.","Brooksie could use this company as an implementation, data-collection, or channel partner."
Agrian,https://home.agrian.com/,United States,unknown,location data API,"Transform your agriculture business with smart digital solutions. Access real-time data insights, streamline operations, and drive sustainable growth.",Location data and geocoding API,unknown,unknown,unknown,unknown,unknown,https://www.telus.com/agcg/en-ca/agriculture | https://www.telus.com/agcg/en-ca/about-us | https://www.telus.com/agcg/en-ca/blog-resources | https://home.agrian.com/,,,,Agrian,United States,unknown,unknown,acquired,Location data and geocoding API,location data API,data visualization; field operations; collaboration,energy / utilities; environmental services; agriculture; retail / commerce; travel / tourism,API; SaaS; services,consumer; enterprise,planner; developer; data analyst,Global,unknown,services,unknown,unknown,Services and project fees,"collaborative, AI-native, real-time location data API",Mapbox; Foursquare; Geocode.XYZ; Placekey,Partner ecosystem,partner-led,Partner-oriented GTM into consumer; enterprise accounts for location data API.,unknown,unknown,unknown,unknown,unknown,Blog and resources | TELUS Agriculture & Consumer Goods CA,2026-04-17,location / POI data; API integrations,AI / machine learning; API-first; cloud platform; real-time collaboration,Indirect competitor at most; this is closer to an input or data layer than Brooksie's planning-and-execution workspace.,"Could use Brooksie to accelerate proposal scoping, multi-source analysis, and client-ready maps and reports.","Brooksie could use this as a data source, imagery supplier, or API integration inside geospatial workflows."
American Society for Photogrammetry & Remote Sensing (ASPRS),https://asprs.org/,,unknown,earth observation / remote sensing company,Posted on 4/1/2026 ASPRS Announces the Early Career Professional (ECP) Recognition Program,"remote sensing, photogrammetry",yes,yes,unknown,unknown,yes,https://asprs.org/ | https://www.asprs.org/Main/News---Resources/ASPRS-News/Save_the_Date_2027_International_Technical_Symposium.aspx,,,,American Society for Photogrammetry & Remote Sensing (ASPRS),unknown,unknown,unknown,active,"remote sensing, photogrammetry",earth observation analytics,route optimization; satellite imagery analysis; drone mapping,unknown,unknown,enterprise,remote sensing analyst,Global,unknown,subscription,unknown,unknown,SaaS subscriptions,earth observation analytics,Planet; Picterra; Brooksie AI; UP42,unknown,direct,Direct website-led GTM into enterprise users for earth observation analytics.,unknown,unknown,unknown,unknown,unknown,Save the Date - 2027 ASPRS Fall Symposium,2026-04-17,satellite imagery,unknown,"Direct or partial competitor on geospatial analysis workflows, map outputs, and cross-source insight delivery.",Could use Brooksie internally to turn ad hoc geospatial questions into repeatable analysis workflows and reports.,"Brooksie could use this as a data source, imagery supplier, or API integration inside geospatial workflows."
Apollo Agriculture,https://apolloagriculture.com/,Kenya,unknown,location data API,"We help small-scale farmers achieve a more profitable harvest. We empower them to scale successful agribusinesses, foster sustainable livelihoods, and ensure food security for a...",Location data and geocoding API,unknown,unknown,unknown,unknown,unknown,https://www.apolloagriculture.com/ | https://www.apolloagriculture.com/about | https://www.apolloagriculture.com/news | https://apolloagriculture.com/,,,,Apollo Agriculture,Kenya,unknown,2016,active,Location data and geocoding API,location data API,unknown,energy / utilities; environmental services; agriculture; retail / commerce; insurance,API; SaaS,consumer; SMB; enterprise,developer,Global,unknown,unknown,unknown,unknown,unknown,AI-native location data API,Mapbox; Foursquare; Geocode.XYZ; Placekey,Harvest,marketplace,Marketplace-led distribution for location data API.,unknown,unknown,unknown,unknown,unknown,News — Apollo Agriculture,2026-04-17,location / POI data; weather / climate data,AI / machine learning,Indirect competitor at most; this is closer to an input or data layer than Brooksie's planning-and-execution workspace.,Could use Brooksie internally to turn ad hoc geospatial questions into repeatable analysis workflows and reports.,"Brooksie could use this as a data source, imagery supplier, or API integration inside geospatial workflows."
Aspose,https://aspose.com/,Indonesia,unknown,location data API,"Word, Excel, PDF, Email, PowerPoint, Barcode, Images, OCR Note, and 3D File Format SDKs for .NET, Java, PHP, JavaScript, SharePoint, Android, Reporting Services and JasperReports...",Location data and geocoding API,unknown,unknown,unknown,unknown,unknown,https://www.linkedin.com/company/aspose/ | https://metrics.aspose.com/ | https://aspose.com/,https://www.linkedin.com/company/aspose/,3421,,Aspose,Indonesia,unknown,unknown,active,Location data and geocoding API,location data API,reporting,energy / utilities,API; SaaS; desktop; mobile; services,SMB; enterprise,developer,unknown,unknown,license,unknown,unknown,Software licensing,AI-native location data API,Mapbox; Foursquare; Geocode.XYZ; Placekey,unknown,direct,Direct website-led GTM into SMB; enterprise users for location data API.,unknown,3421,unknown,unknown,unknown,unknown,2026-04-17,location / POI data,AI / machine learning; API-first,Indirect competitor at most; this is closer to an input or data layer than Brooksie's planning-and-execution workspace.,Could use Brooksie internally to turn ad hoc geospatial questions into repeatable analysis workflows and reports.,"Brooksie could use this as a data source, imagery supplier, or API integration inside geospatial workflows."
Association of Geospatial Industries (AGI),https://agiindia.com/,India,unknown,geospatial software / GIS,AGI) is an industry-led non-profit non-government professional organization that represents the interests of geospatial industry in India and works towards the advancement of geospatial technologies...,GIS-native field operations software,yes,yes,yes,yes,yes,https://agiindia.com/ | https://agiindia.com/about-agi-india/ | https://agiindia.com/case-studies/ | https://agiindia.com/blog/,,,,Association of Geospatial Industries (AGI),India,unknown,2009,active,GIS-native field operations software,field operations GIS software,map creation; geospatial analysis; data visualization; field operations; project tracking,government; AEC / infrastructure; energy / utilities; environmental services; agriculture,SaaS; services,government; enterprise,GIS analyst; planner; developer; project manager; surveyor,Global,unknown,usage-based,unknown,unknown,Usage-based platform or API fees,"collaborative, AI-native, real-time field operations GIS software",Matidor; Atlas.co; Esri,Planet,partner-led,Partner-oriented GTM into government; enterprise accounts for field operations GIS software.,unknown,unknown,unknown,unknown,unknown,Blog – AGI India,2026-04-17,GIS data; satellite imagery; drone imagery; LiDAR / point clouds; API integrations; weather / climate data,AI / machine learning; cloud platform; real-time collaboration,"Direct or partial competitor on geospatial analysis workflows, map outputs, and cross-source insight delivery.",Could use Brooksie internally to turn ad hoc geospatial questions into repeatable analysis workflows and reports.,"Brooksie could use this as a data source, imagery supplier, or API integration inside geospatial workflows."
Aston University,https://aston.ac.uk/,United Kingdom,unknown,consumer mapping app,Study locations: Birmingham,Consumer mapping application,yes,yes,unknown,unknown,unknown,https://www.aston.ac.uk/ | https://www.aston.ac.uk/about | https://www.aston.ac.uk/research/research-and-enterprise-department | https://www.aston.ac.uk/latest-news | https://aston.ac.uk/,,,,Aston University,United Kingdom,unknown,unknown,active,Consumer mapping application,consumer mapping app,data visualization; field operations; project tracking; route optimization; surveying,government; AEC / infrastructure; energy / utilities; environmental services; agriculture,API; SaaS; mobile; services,consumer; government; enterprise,GIS analyst; planner; developer; project manager; surveyor,Global,unknown,services,unknown,unknown,Services and project fees,"collaborative, AI-native consumer mapping app",Google Maps; Mapbox; Foursquare,Partner ecosystem,partner-led,Partner-oriented GTM into consumer; government; enterprise accounts for consumer mapping app.,unknown,unknown,unknown,unknown,unknown,Latest News | Aston University,2026-04-17,GIS data; location / POI data; API integrations; weather / climate data,AI / machine learning; real-time collaboration,Low direct competition; limited overlap with Brooksie's enterprise geospatial research and execution workflows.,"Low fit as a core customer; possible internal use for market, place, or operations research.",Limited fit; no obvious core dependency beyond niche integration or inspiration.
Audsat,https://audsat.com.br/,,unknown,location data API,A Audsat revoluciona o agronegócio com soluções para crédito e seguro rural. Tecnologia que transforma decisões em resultados. Veja mais!,Location data and geocoding API,unknown,unknown,unknown,unknown,unknown,https://audsat.com.br/ | https://audsat.com.br/blog/,,,,Audsat,unknown,unknown,unknown,active,Location data and geocoding API,location data API,data visualization,agriculture,API; mobile,enterprise,data analyst,unknown,unknown,unknown,unknown,unknown,unknown,location data API,Mapbox; Foursquare; Geocode.XYZ; Placekey,Planet,direct,Direct website-led GTM into enterprise users for location data API.,unknown,unknown,unknown,unknown,unknown,Audsat - Blog,2026-04-17,location / POI data,unknown,Indirect competitor at most; this is closer to an input or data layer than Brooksie's planning-and-execution workspace.,Could use Brooksie internally to turn ad hoc geospatial questions into repeatable analysis workflows and reports.,"Brooksie could use this as a data source, imagery supplier, or API integration inside geospatial workflows."
Beca,https://beca.com/,New Zealand,unknown,location data API,Engineers and consultants making everyday better for our clients and the community.,Location data and geocoding API,unknown,unknown,unknown,unknown,unknown,https://www.beca.com/ | https://www.beca.com/about-us | https://www.beca.com/about-us/news-and-awards/november-2025/priyani-de-silva-currie-achieves-world-leading-recognition | https://beca.com/,,,,Beca,New Zealand,unknown,unknown,active,Location data and geocoding API,location data API,data visualization; collaboration,government; AEC / infrastructure; energy / utilities; environmental services; logistics / mobility,API; services,government; SMB; enterprise,planner; developer; data analyst,Global,unknown,subscription,unknown,unknown,SaaS subscriptions,collaborative location data API,Mapbox; Foursquare; Geocode.XYZ; Placekey,Safe Software / FME,partner-led,Partner-oriented GTM into government; SMB; enterprise accounts for location data API.,unknown,unknown,unknown,unknown,unknown,"About Us - Engineering, Advisory & Management Consulting | Beca",2026-04-17,location / POI data; weather / climate data,cloud platform,Indirect competitor at most; this is closer to an input or data layer than Brooksie's planning-and-execution workspace.,"Could use Brooksie to accelerate proposal scoping, multi-source analysis, and client-ready maps and reports.","Brooksie could use this as a data source, imagery supplier, or API integration inside geospatial workflows."
Bethune Cookman,https://cookman.edu/,,unknown,geospatial intelligence / USGIF member,Current organizational member listed by USGIF.,"Geospatial intelligence, remote sensing, geospatial software, or related services",yes,yes,unknown,unknown,yes,https://usgif.org/current-organizational-members/ | https://cookman.edu/ | https://www.cookman.edu/about/index.html | https://www.cookman.edu/news/index.html,,,,Bethune Cookman,unknown,unknown,unknown,active,"Geospatial intelligence, remote sensing, geospatial software, or related services",location data API,data visualization; reporting,government; energy / utilities; environmental services; retail / commerce; defense / intelligence,API; SaaS; services,consumer; government; enterprise,developer; remote sensing analyst; data analyst,Global,unknown,subscription,unknown,unknown,SaaS subscriptions,AI-native location data API,Mapbox; Foursquare; Geocode.XYZ; Placekey,unknown,direct,Direct website-led GTM into consumer; government; enterprise users for location data API.,unknown,unknown,Raised Of Its $1 M,unknown,unknown,News / Announcements,2026-04-17,location / POI data; API integrations,AI / machine learning,Indirect competitor at most; this is closer to an input or data layer than Brooksie's planning-and-execution workspace.,Could use Brooksie internally to turn ad hoc geospatial questions into repeatable analysis workflows and reports.,"Brooksie could use this as a data source, imagery supplier, or API integration inside geospatial workflows."
BrainBox AI,https://brainboxai.com/,Canada,unknown,location data API,BrainBox AI BrainBox AI | AI Building management platform for HVAC optimization All-in-one platform to control & optimize your buildings,Location data and geocoding API,unknown,unknown,unknown,unknown,unknown,https://www.linkedin.com/company/brainbox-ai/ | https://brainboxai.com/en/ | https://brainboxai.com/en/about | https://brainboxai.com/en/case-studies | https://brainboxai.com/en/newsroom | https://brainboxai.com/,https://www.linkedin.com/company/brainbox-ai/,26921,,BrainBox AI,Canada,unknown,unknown,active,Location data and geocoding API,location data API,site selection,government; AEC / infrastructure; energy / utilities; environmental services; real estate,API; SaaS; services,consumer; government; enterprise,unknown,Global,unknown,usage-based,yes,$8,Usage-based platform or API fees,"collaborative, AI-native location data API",Mapbox; Foursquare; Geocode.XYZ; Placekey,Partner ecosystem,marketplace,Marketplace-led distribution for location data API.,unknown,26921,unknown,unknown,unknown,Newsroom | Latest BrainBox AI News & Resources for Media,2026-04-17,location / POI data; API integrations; weather / climate data,AI / machine learning; cloud platform,Indirect competitor at most; this is closer to an input or data layer than Brooksie's planning-and-execution workspace.,Could use Brooksie internally to turn ad hoc geospatial questions into repeatable analysis workflows and reports.,"Brooksie could use this as a data source, imagery supplier, or API integration inside geospatial workflows."
Building Performance Association,https://building-performance.org/,,Arlington,consulting / integration services,"Performance Association Home - Building Performance Association BPA serves as the hub for businesses, nonprofits, and government agencies working to make America’s homes more comfortable...",Geospatial consulting and integration services,yes,unknown,unknown,unknown,unknown,https://www.linkedin.com/company/buildingperformanceassociation/ | https://building-performance.org/ | https://building-performance.org/about/ | https://building-performance.org/membership/ | https://building-performance.org/bpa-journal/case-study-best-practices-in-consumer-education/ | https://building-performance.org/news/,https://www.linkedin.com/company/buildingperformanceassociation/,4715,,Building Performance Association,unknown,Arlington,2002,acquired,Geospatial consulting and integration services,consulting / integration services,data visualization; site selection; route optimization; surveying; reporting,government; AEC / infrastructure; energy / utilities; environmental services; logistics / mobility,API; SaaS; services,consumer; government; SMB; enterprise,planner; developer; surveyor; data analyst,Europe,unknown,subscription,yes,$150,SaaS subscriptions,"collaborative, AI-native, real-time consulting / integration services",Esri partners; GIS consultancies; system integrators,Partner ecosystem,partner-led,Partner-oriented GTM into consumer; government; SMB; enterprise accounts for consulting / integration services.,unknown,4715,unknown,unknown,unknown,News - Building Performance Association,2026-04-17,API integrations; weather / climate data,AI / machine learning; real-time collaboration,"Partial competitor in analysis delivery services, but not a direct AI-native platform substitute.","Could use Brooksie to accelerate proposal scoping, multi-source analysis, and client-ready maps and reports.","Brooksie could use this company as an implementation, data-collection, or channel partner."
Building Systems Consulting,https://bseng.ca/,,Whitehorse,location data API,"ELECTRICAL, Residential ABOUT BUILDING SYSTEMS CONSULTING Our Expretise ATYPICAL & INNOVATIVE Building Systems Consulting (BSC) stands as a pioneering consultancy firm specializing in mechanical and...",Location data and geocoding API,unknown,unknown,unknown,unknown,unknown,https://www.linkedin.com/company/building-systems-consulting/ | https://bsceng.ca | https://bsceng.ca/about-us/ | https://bseng.ca/,https://www.linkedin.com/company/building-systems-consulting/,175,,Building Systems Consulting,unknown,Whitehorse,unknown,active,Location data and geocoding API,location data API,unknown,government; AEC / infrastructure; energy / utilities; environmental services; logistics / mobility,API; services,government; enterprise,developer; project manager,Canada,unknown,services,unknown,unknown,Services and project fees,location data API,Mapbox; Foursquare; Geocode.XYZ; Placekey,unknown,marketplace,Marketplace-led distribution for location data API.,unknown,175,unknown,unknown,unknown,unknown,2026-04-17,weather / climate data,unknown,Indirect competitor at most; this is closer to an input or data layer than Brooksie's planning-and-execution workspace.,"Could use Brooksie to accelerate proposal scoping, multi-source analysis, and client-ready maps and reports.","Brooksie could use this as a data source, imagery supplier, or API integration inside geospatial workflows."
CelsiusPro,https://celsiuspro.com/,South Africa,unknown,location data API,CelsiusPro specializes in parametric insurance solutions to mitigate climate and NatCat risks for businesses and communities worldwide.,Location data and geocoding API,unknown,unknown,unknown,unknown,unknown,https://www.celsiuspro.com/ | https://www.celsiuspro.com/who-we-are | https://www.celsiuspro.com/news | https://celsiuspro.com/,,,,CelsiusPro,South Africa,unknown,2002,acquired,Location data and geocoding API,location data API,reporting,government; AEC / infrastructure; energy / utilities; environmental services; agriculture,API; SaaS; services,government; enterprise,planner,Global,unknown,services,unknown,unknown,Services and project fees,collaborative location data API,Mapbox; Foursquare; Geocode.XYZ; Placekey,Partner ecosystem,partner-led,Partner-oriented GTM into government; enterprise accounts for location data API.,unknown,unknown,unknown,unknown,unknown,News | Stay Informed Today — CelsiusPro,2026-04-17,location / POI data; API integrations; weather / climate data,unknown,Indirect competitor at most; this is closer to an input or data layer than Brooksie's planning-and-execution workspace.,"Could use Brooksie to accelerate proposal scoping, multi-source analysis, and client-ready maps and reports.","Brooksie could use this as a data source, imagery supplier, or API integration inside geospatial workflows."
Center for Coastal and Ocean Mapping,https://ccom.unh.edu/,Egypt,unknown,geospatial company,CCOM/JHC is a partnership between the University of New Hampshire and the National Oceanic and Atmospheric Administration,mapping,yes,yes,unknown,yes,yes,https://www.ccom.unh.edu/ | https://www.ccom.unh.edu/about | https://www.ccom.unh.edu/about/chase-floor-plans | https://www.ccom.unh.edu/about/ccom-news | https://ccom.unh.edu/,,,,Center for Coastal and Ocean Mapping,Egypt,unknown,1999,active,mapping,location data API,map creation; data visualization; geocoding; site selection; route optimization,government; AEC / infrastructure; energy / utilities; environmental services; logistics / mobility,API; SaaS; mobile,government; enterprise,GIS analyst; planner; developer; surveyor; remote sensing analyst,Global,unknown,unknown,unknown,unknown,unknown,"collaborative, AI-native location data API",Mapbox; Foursquare; Geocode.XYZ; Placekey,Partner ecosystem,partner-led,Partner-oriented GTM into government; enterprise accounts for location data API.,unknown,unknown,unknown,unknown,unknown,CCOM in the News | Center for Coastal and Ocean Mapping/Joint Hydrographic...,2026-04-17,GIS data; satellite imagery; LiDAR / point clouds; location / POI data; API integrations; weather / climate data,AI / machine learning,Indirect competitor at most; this is closer to an input or data layer than Brooksie's planning-and-execution workspace.,Could use Brooksie internally to turn ad hoc geospatial questions into repeatable analysis workflows and reports.,"Brooksie could use this as a data source, imagery supplier, or API integration inside geospatial workflows."
Center for Geospatial Intelligence - University of Missouri,https://engineering.missouri.edu/,,unknown,geospatial software / GIS,GIS / mapping platform,GIS and mapping platform,yes,unknown,unknown,unknown,unknown,https://engineering.missouri.edu/,,,,Center for Geospatial Intelligence - University of Missouri,unknown,unknown,unknown,unknown,GIS and mapping platform,GIS / mapping platform,unknown,defense / intelligence,SaaS,government; enterprise,GIS analyst,unknown,unknown,unknown,unknown,unknown,unknown,GIS / mapping platform,Esri; Mapbox; CARTO; Felt; Atlas.co,unknown,direct,Direct website-led GTM into government; enterprise users for GIS / mapping platform.,unknown,unknown,unknown,unknown,unknown,unknown,2026-04-17,GIS data,unknown,"Direct or partial competitor on geospatial analysis workflows, map outputs, and cross-source insight delivery.","Could use Brooksie to clarify vague spatial questions, automate research, and generate maps, insights, and reports faster.","Brooksie could use this for map rendering, visualization, geospatial UI components, or workflow integrations."
Central European Data Agency AS,https://ceda.cz/,,Praha 4,GIS / Esri partner,Central European Data Agency AS GIS / Esri partner CEDA maps — MAPY,GIS and mapping platform,yes,unknown,unknown,unknown,unknown,https://www.esri.com/en-us/about/partners/find-partner | https://www.esri.com/partners/central-european-dat-a2T70000000TNMxEAO | https://www.ceda.cz/ | https://ceda.cz/,,,,Central European Data Agency AS,unknown,Praha 4,unknown,active,GIS and mapping platform,GIS / mapping platform,unknown,unknown,API; SaaS; mobile; services,SMB; enterprise,GIS analyst; developer,Europe,unknown,services,unknown,unknown,Services and project fees,GIS / mapping platform,Esri; Mapbox; CARTO; Felt; Atlas.co,Esri,partner-led,Partner-oriented GTM into SMB; enterprise accounts for GIS / mapping platform.,unknown,unknown,unknown,unknown,unknown,unknown,2026-04-17,GIS data; API integrations,API-first,"Direct or partial competitor on geospatial analysis workflows, map outputs, and cross-source insight delivery.",Could use Brooksie internally to turn ad hoc geospatial questions into repeatable analysis workflows and reports.,"Brooksie could use this for map rendering, visualization, geospatial UI components, or workflow integrations."
CEOS (Committee on Earth Observation Satellites),https://ceos.org/,,unknown,earth observation / remote sensing company,earth observation analytics,"remote sensing, satellite data",unknown,yes,unknown,unknown,yes,https://ceos.org/,,4119,,CEOS (Committee on Earth Observation Satellites),unknown,unknown,unknown,unknown,"remote sensing, satellite data",earth observation analytics,satellite imagery analysis,unknown,unknown,enterprise,remote sensing analyst,unknown,unknown,unknown,unknown,unknown,unknown,earth observation analytics,Planet; Picterra; Brooksie AI; UP42,unknown,direct,Direct website-led GTM into enterprise users for earth observation analytics.,unknown,4119,unknown,unknown,unknown,unknown,2026-04-17,satellite imagery,unknown,"Direct or partial competitor on geospatial analysis workflows, map outputs, and cross-source insight delivery.",Could use Brooksie internally to turn ad hoc geospatial questions into repeatable analysis workflows and reports.,"Brooksie could use this as a data source, imagery supplier, or API integration inside geospatial workflows."
Chesapeake Conservancy,https://chesapeakeconservancy.org/,,Otsego County,location data API,"Conserving 30% of the Chesapeake’s lands and waters by 2030 is critical for climate resilience, biodiversity and water quality. We also strive to make these...",Location data and geocoding API,unknown,unknown,unknown,unknown,unknown,https://www.chesapeakeconservancy.org/ | https://www.chesapeakeconservancy.org/about-us/mission-vision | https://plannedgiving.chesapeakeconservancy.org/give-from-your-ira | https://www.chesapeakeconservancy.org/news-resources/virtual-tours | https://chesapeakeconservancy.org/,,,,Chesapeake Conservancy,unknown,Otsego County,unknown,acquired,Location data and geocoding API,location data API,site selection; reporting,government; energy / utilities; environmental services; agriculture; real estate,API; SaaS,consumer; government; SMB; enterprise,planner; developer,United States,unknown,subscription,yes,"$111,000",SaaS subscriptions,location data API,Mapbox; Foursquare; Geocode.XYZ; Placekey,Partner ecosystem,partner-led,Partner-oriented GTM into consumer; government; SMB; enterprise accounts for location data API.,unknown,unknown,unknown,unknown,unknown,Virtual Tours,2026-04-17,location / POI data; weather / climate data,AI / machine learning,Indirect competitor at most; this is closer to an input or data layer than Brooksie's planning-and-execution workspace.,Could use Brooksie internally to turn ad hoc geospatial questions into repeatable analysis workflows and reports.,"Brooksie could use this as a data source, imagery supplier, or API integration inside geospatial workflows."
Chronicle,https://frasercoastchronicle.com.au/,Australia,unknown,location data API,Chronicle You might have been detected and blocked as a crawler bot,Location data and geocoding API,unknown,unknown,unknown,unknown,unknown,https://www.linkedin.com/company/chronicle/ | https://frasercoastchronicle.com.au/,https://www.linkedin.com/company/chronicle/,4029,,Chronicle,Australia,unknown,unknown,unknown,Location data and geocoding API,location data API,unknown,unknown,API; SaaS,enterprise,unknown,Australia,unknown,unknown,unknown,unknown,unknown,location data API,Mapbox; Foursquare; Geocode.XYZ; Placekey,unknown,direct,Direct website-led GTM into enterprise users for location data API.,unknown,4029,unknown,unknown,unknown,unknown,2026-04-17,unknown,unknown,Indirect competitor at most; this is closer to an input or data layer than Brooksie's planning-and-execution workspace.,Could use Brooksie internally to turn ad hoc geospatial questions into repeatable analysis workflows and reports.,"Brooksie could use this as a data source, imagery supplier, or API integration inside geospatial workflows."
City of Helsinki,https://hel.fi/,,unknown,location data API,"Helsinki on Suomen pääkaupunki. Kaupungissa on noin 675 000 asukasta. Helsinki on tärkeä hallinnon, liike-elämän ja kulttuurin keskus.",Location data and geocoding API,unknown,unknown,unknown,unknown,unknown,https://www.hel.fi/fi | https://hel.fi/,,,,City of Helsinki,unknown,unknown,unknown,unknown,Location data and geocoding API,location data API,unknown,government,API; services,government,unknown,unknown,unknown,services,unknown,unknown,Services and project fees,location data API,Mapbox; Foursquare; Geocode.XYZ; Placekey,unknown,direct,Direct website-led GTM into government users for location data API.,unknown,unknown,unknown,unknown,unknown,unknown,2026-04-17,location / POI data,unknown,Indirect competitor at most; this is closer to an input or data layer than Brooksie's planning-and-execution workspace.,Could use Brooksie internally to turn ad hoc geospatial questions into repeatable analysis workflows and reports.,"Brooksie could use this as a data source, imagery supplier, or API integration inside geospatial workflows."
Civil Applications Committee,https://usgs.gov/,United States,unknown,geospatial intelligence / USGIF member,Current organizational member listed by USGIF.,"Geospatial intelligence, remote sensing, geospatial software, or related services",yes,yes,unknown,yes,yes,https://usgif.org/current-organizational-members/ | https://www.usgs.gov/publications/civil-applications-committee | https://www.usgs.gov/about/about-us | https://www.usgs.gov/science/science-explorer/planetary-science | https://www.usgs.gov/news/news-releases | https://usgs.gov/ | https://www.geo-week.com/event-news/geo-week-announces-100-exhibitors-to-date/ | https://www.usgs.gov/,,,,Civil Applications Committee,United States,unknown,unknown,acquired,"Geospatial intelligence, remote sensing, geospatial software, or related services",earth observation analytics,map creation; data visualization; satellite imagery analysis; surveying; reporting,government; energy / utilities; environmental services; retail / commerce; defense / intelligence,API; SaaS; services,government; SMB; enterprise,GIS analyst; developer; project manager; surveyor; remote sensing analyst,United States,unknown,services,unknown,unknown,Services and project fees,"AI-native, real-time earth observation analytics",Planet; Picterra; Brooksie AI; UP42,Partner ecosystem,partner-led,Partner-oriented GTM into government; SMB; enterprise accounts for earth observation analytics.,unknown,unknown,unknown,unknown,unknown,News Releases | U.S. Geological Survey,2026-04-17,satellite imagery; weather / climate data,AI / machine learning; real-time collaboration,"Direct or partial competitor on geospatial analysis workflows, map outputs, and cross-source insight delivery.",Could use Brooksie internally to turn ad hoc geospatial questions into repeatable analysis workflows and reports.,"Brooksie could use this as a data source, imagery supplier, or API integration inside geospatial workflows."
Clark University,https://clarku.edu/,United States,unknown,earth observation analytics,"Clark University, founded in 1887, offers nearly 50 majors, more than 30 master's degrees, and ten Ph.D. programs to help you become a force for...",Earth observation and imagery analytics platform,yes,yes,unknown,unknown,yes,https://www.clarku.edu/ | https://www.clarku.edu/about/ | https://www.clarku.edu/news/2026/04/08/clark-gis-student-lands-internships-at-esri-noaa/ | https://clarku.edu/,,,,Clark University,United States,unknown,unknown,acquired,Earth observation and imagery analytics platform,earth observation analytics,geospatial analysis; data visualization; geocoding; satellite imagery analysis; surveying,government; environmental services; defense / intelligence; travel / tourism,API; SaaS; mobile; services,consumer; government,GIS analyst; planner; developer; surveyor; remote sensing analyst,Global,unknown,subscription,unknown,unknown,SaaS subscriptions,collaborative earth observation analytics,Planet; Picterra; Brooksie AI; UP42,Esri; Planet,direct,Direct website-led GTM into consumer; government users for earth observation analytics.,unknown,unknown,unknown,unknown,unknown,"Clark GIS student lands internships at Esri, NOAA | ClarkU News",2026-04-17,GIS data; satellite imagery; weather / climate data,real-time collaboration,"Direct or partial competitor on geospatial analysis workflows, map outputs, and cross-source insight delivery.",Could use Brooksie internally to turn ad hoc geospatial questions into repeatable analysis workflows and reports.,"Brooksie could use this as a data source, imagery supplier, or API integration inside geospatial workflows."
Climate Hazards Group InfraRed Precipitation with Station,https://chc.ucsb.edu/,United States,unknown,geospatial / remote sensing,Santa Barbara Main menu About People Publications Tools Data Sets Monitoring and Forecasting News Activities CHC Blog Search CHIRPS: Rainfall Estimates from Rain Gauge and...,Earth observation and imagery analytics platform,yes,yes,unknown,unknown,yes,https://github.com/kartoza/awesome-geodata | https://chc.ucsb.edu/about | https://blog.chc.ucsb.edu/ | https://chc.ucsb.edu/,,,,Climate Hazards Group InfraRed Precipitation with Station,United States,unknown,1999,active,Earth observation and imagery analytics platform,earth observation analytics,data visualization; field operations; route optimization; satellite imagery analysis; surveying,government; energy / utilities; environmental services; agriculture; retail / commerce,API; mobile; services,government; enterprise,GIS analyst; planner; developer; field operations manager; surveyor,Global,unknown,subscription,unknown,unknown,SaaS subscriptions,collaborative earth observation analytics,Planet; Picterra; Brooksie AI; UP42,Harvest,partner-led,Partner-oriented GTM into government; enterprise accounts for earth observation analytics.,unknown,unknown,unknown,unknown,unknown,CHC Blog – A blog about climate science and making a difference.,2026-04-17,satellite imagery; API integrations; weather / climate data,API-first; real-time collaboration,"Direct or partial competitor on geospatial analysis workflows, map outputs, and cross-source insight delivery.",Could use Brooksie internally to turn ad hoc geospatial questions into repeatable analysis workflows and reports.,"Brooksie could use this as a data source, imagery supplier, or API integration inside geospatial workflows."
Concordia University Montréal,https://concordia.ca/,Canada,unknown,location data API,"The universityâs Next-Generation Cities Institute leverages the combined strength of our cities research capacity to enhance collaboration, communication, education and interaction within our community. The...",Location data and geocoding API,yes,unknown,unknown,unknown,unknown,https://www.concordia.ca/research/cities-institute.html | https://www.concordia.ca/research/cities-institute/about.html | https://www.concordia.ca/cunews/encs/2025/11/27/canadas-cities-show-mixed-results-on-climate-action-plan-retrofitting-targets.html | https://www.concordia.ca/research/cities-institute/news.html | https://concordia.ca/,,,,Concordia University Montréal,Canada,unknown,unknown,active,Location data and geocoding API,location data API,project tracking; reporting; collaboration,government; AEC / infrastructure; energy / utilities; environmental services; logistics / mobility,API; services,government; enterprise,planner; developer; project manager,Global,unknown,usage-based,unknown,unknown,Usage-based platform or API fees,"collaborative, AI-native location data API",Mapbox; Foursquare; Geocode.XYZ; Placekey,Partner ecosystem,partner-led,Partner-oriented GTM into government; enterprise accounts for location data API.,unknown,unknown,unknown,unknown,unknown,News | Next-Generation Cities Institute - Concordia University,2026-04-17,location / POI data; API integrations; weather / climate data,AI / machine learning; API-first; real-time collaboration,Indirect competitor at most; this is closer to an input or data layer than Brooksie's planning-and-execution workspace.,Could use Brooksie internally to turn ad hoc geospatial questions into repeatable analysis workflows and reports.,"Brooksie could use this as a data source, imagery supplier, or API integration inside geospatial workflows."
Consider It Energy,https://consideritenergy.com/,,unknown,location data API,Consider It Energy Step Code Compliance and Home Energy Evaluations on Vancouver Island Gain expert insight into your home's energy use with an energy evaluation...,Location data and geocoding API,unknown,unknown,unknown,unknown,unknown,https://www.linkedin.com/company/consider-it-energy/ | https://www.consideritenergy.com/ | https://www.consideritenergy.com/about-us | https://www.consideritenergy.com/blog | https://consideritenergy.com/,https://www.linkedin.com/company/consider-it-energy/,1343,,Consider It Energy,unknown,unknown,unknown,acquired,Location data and geocoding API,location data API,data visualization; field operations,government; AEC / infrastructure; energy / utilities; environmental services; retail / commerce,API; services,government; enterprise,planner; data analyst,unknown,unknown,services,unknown,unknown,Services and project fees,location data API,Mapbox; Foursquare; Geocode.XYZ; Placekey,unknown,direct,Direct website-led GTM into government; enterprise users for location data API.,unknown,1343,unknown,unknown,unknown,"Blog | Consider It Energy We Provide EnerGuide Evaluations/ Labels, Blower Door...",2026-04-17,location / POI data; weather / climate data,unknown,Indirect competitor at most; this is closer to an input or data layer than Brooksie's planning-and-execution workspace.,"Could use Brooksie to accelerate proposal scoping, multi-source analysis, and client-ready maps and reports.","Brooksie could use this as a data source, imagery supplier, or API integration inside geospatial workflows."
Constructor University Bremen gGmbH,https://jacobs-university.de/,Argentina,unknown,field operations GIS software,"Embark on a historical voyage with Constructor University, born from a collaborative effort in 1999 and rebranded in 2022. Unravel its transformation from military barracks...",GIS-native field operations software,yes,unknown,unknown,unknown,unknown,https://constructor.university/more/about-us/history | https://constructor.university/more/about-us | https://constructor.university/blog | https://jacobs-university.de/,,,,Constructor University Bremen gGmbH,Argentina,unknown,1999,acquired,GIS-native field operations software,field operations GIS software,data visualization; field operations; route optimization; collaboration,government; AEC / infrastructure; energy / utilities; environmental services; logistics / mobility,API; SaaS; mobile; services,consumer; government; SMB; enterprise,planner; developer; project manager; data analyst,Global,unknown,subscription,unknown,unknown,SaaS subscriptions,"collaborative, AI-native field operations GIS software",Matidor; Atlas.co; Esri,Partner ecosystem,partner-led,Partner-oriented GTM into consumer; government; SMB; enterprise accounts for field operations GIS software.,unknown,unknown,unknown,unknown,unknown,Blog | Constructor University,2026-04-17,GIS data; location / POI data; API integrations,AI / machine learning; real-time collaboration,"Direct or partial competitor on geospatial analysis workflows, map outputs, and cross-source insight delivery.",Could use Brooksie internally to turn ad hoc geospatial questions into repeatable analysis workflows and reports.,unknown
Copper Labs,https://copperlabs.com/,,unknown,location data API,Copper Labs Site Not Configured | 404 Not Found Site Not Configured | 404 Not Found 404 The site you were looking for couldn't be...,Location data and geocoding API,unknown,unknown,unknown,unknown,unknown,https://www.linkedin.com/company/copper-labs/ | https://copperlabs.com/,https://www.linkedin.com/company/copper-labs/,1476,,Copper Labs,unknown,unknown,unknown,unknown,Location data and geocoding API,location data API,unknown,unknown,API; SaaS,consumer; enterprise,unknown,unknown,unknown,unknown,unknown,unknown,unknown,location data API,Mapbox; Foursquare; Geocode.XYZ; Placekey,unknown,direct,Direct website-led GTM into consumer; enterprise users for location data API.,unknown,1476,unknown,unknown,unknown,unknown,2026-04-17,location / POI data,unknown,Indirect competitor at most; this is closer to an input or data layer than Brooksie's planning-and-execution workspace.,Could use Brooksie internally to turn ad hoc geospatial questions into repeatable analysis workflows and reports.,"Brooksie could use this as a data source, imagery supplier, or API integration inside geospatial workflows."
Creative Destruction Lab,https://creativedestruction.no/,,unknown,location data API,Creative Destruction Lab creativedestruction.no is not found creativedestruction.no is not found creativedestruction.no is not found creativedestruction.no is not found in the configuration on this server,Location data and geocoding API,unknown,unknown,unknown,unknown,unknown,https://www.linkedin.com/company/creativedestruction/ | https://creativedestruction.no/,https://www.linkedin.com/company/creativedestruction/,59682,,Creative Destruction Lab,unknown,unknown,unknown,active,Location data and geocoding API,location data API,unknown,unknown,API,enterprise,unknown,unknown,unknown,unknown,unknown,unknown,unknown,location data API,Mapbox; Foursquare; Geocode.XYZ; Placekey,unknown,direct,Direct website-led GTM into enterprise users for location data API.,unknown,59682,unknown,unknown,unknown,unknown,2026-04-17,location / POI data,unknown,Indirect competitor at most; this is closer to an input or data layer than Brooksie's planning-and-execution workspace.,Could use Brooksie internally to turn ad hoc geospatial questions into repeatable analysis workflows and reports.,"Brooksie could use this as a data source, imagery supplier, or API integration inside geospatial workflows."
CSTARS – University of Miami,https://rsmas.miami.edu/,,unknown,earth observation / remote sensing company,The Center for Southeastern Tropical Advanced Remote Sensing Facility,remote sensing,yes,yes,unknown,unknown,yes,https://www.earth.miami.edu/research/centers/cstars/index.html | https://welcome.miami.edu/about-um/index.html | https://news.miami.edu/ | https://rsmas.miami.edu/,,,,CSTARS – University of Miami,unknown,unknown,1925,acquired,remote sensing,earth observation analytics,data visualization; project tracking; site selection; route optimization; satellite imagery analysis,government; AEC / infrastructure; energy / utilities; environmental services; logistics / mobility,API; SaaS; mobile; services,government; SMB; enterprise,planner; developer; remote sensing analyst; data analyst,Global,unknown,subscription,unknown,unknown,SaaS subscriptions,"AI-native, real-time earth observation analytics",Planet; Picterra; Brooksie AI; UP42,Partner ecosystem,partner-led,Partner-oriented GTM into government; SMB; enterprise accounts for earth observation analytics.,unknown,unknown,unknown,unknown,unknown,University of Miami News and Events,2026-04-17,satellite imagery; weather / climate data,AI / machine learning; real-time collaboration,"Direct or partial competitor on geospatial analysis workflows, map outputs, and cross-source insight delivery.",Could use Brooksie internally to turn ad hoc geospatial questions into repeatable analysis workflows and reports.,"Brooksie could use this as a data source, imagery supplier, or API integration inside geospatial workflows."
Curtin University,https://curtin.edu.au/,Australia,unknown,location data API,"Curtin University is an international university with locations in Western Australia, Malaysia, Singapore, Colombo, Mauritius and Dubai.",Location data and geocoding API,yes,unknown,unknown,unknown,unknown,https://www.curtin.edu.au/ | https://www.curtin.edu.au/about/ | https://www.curtin.edu.au/study/learning-experience/learning-support/disability-planning/ | https://www.curtin.edu.au/research/news/ | https://curtin.edu.au/,,,,Curtin University,Australia,unknown,unknown,active,Location data and geocoding API,location data API,project tracking; route optimization; surveying; reporting; collaboration,government; AEC / infrastructure; energy / utilities; environmental services; agriculture,API; services,consumer; government; SMB; enterprise,planner; developer; surveyor,Global,unknown,services,unknown,unknown,Services and project fees,"collaborative, AI-native location data API",Mapbox; Foursquare; Geocode.XYZ; Placekey,Planet,partner-led,Partner-oriented GTM into consumer; government; SMB; enterprise accounts for location data API.,unknown,unknown,unknown,unknown,unknown,News | Research,2026-04-17,location / POI data; weather / climate data,AI / machine learning; real-time collaboration,Indirect competitor at most; this is closer to an input or data layer than Brooksie's planning-and-execution workspace.,Could use Brooksie internally to turn ad hoc geospatial questions into repeatable analysis workflows and reports.,"Brooksie could use this as a data source, imagery supplier, or API integration inside geospatial workflows."
CyberGIS Center for Advanced Digital and Spatial Studies,https://cybergis.illinois.edu/,United States,unknown,location data API,GISX strives to bridge the digital divide in geospatial science and ensure that everyone benefits from cyberGIS advances by democratizing access to advanced cyberinfrastructure and...,Location data and geocoding API,yes,unknown,unknown,unknown,unknown,https://www.linkedin.com/company/cybergiscenter/ | https://cybergis.illinois.edu/ | https://cybergis.illinois.edu/about/ | https://las.illinois.edu/news/2021-09-28/u-i-leads-new-15-million-institute-understand-climate-change-and-disasters,https://www.linkedin.com/company/cybergiscenter/,400,,CyberGIS Center for Advanced Digital and Spatial Studies,United States,unknown,2013,acquired,Location data and geocoding API,location data API,project tracking; collaboration,government; AEC / infrastructure; energy / utilities; environmental services; defense / intelligence,API; SaaS; services,government; enterprise,GIS analyst; planner; developer; data analyst,Global,unknown,subscription,unknown,unknown,SaaS subscriptions,"collaborative, AI-native, real-time location data API",Mapbox; Foursquare; Geocode.XYZ; Placekey,Partner ecosystem,partner-led,Partner-oriented GTM into government; enterprise accounts for location data API.,unknown,400,unknown,unknown,unknown,unknown,2026-04-17,GIS data; API integrations; weather / climate data,AI / machine learning; real-time collaboration,Indirect competitor at most; this is closer to an input or data layer than Brooksie's planning-and-execution workspace.,Could use Brooksie internally to turn ad hoc geospatial questions into repeatable analysis workflows and reports.,"Brooksie could use this as a data source, imagery supplier, or API integration inside geospatial workflows."
DAn Solutions,https://dansolutions.com/,,unknown,location data API,"You have hard problems. We have solutions . From integrating new security technology on highly complex networks to engineering and operating large-scale infrastructures, we see...",Location data and geocoding API,unknown,unknown,unknown,unknown,unknown,https://www.dansolutions.com/ | https://dansolutions.com/,,,,DAn Solutions,unknown,unknown,unknown,active,Location data and geocoding API,location data API,field operations; collaboration,government; AEC / infrastructure; logistics / mobility,API; SaaS; services; on-prem,government; enterprise,planner; data analyst,unknown,unknown,services,unknown,unknown,Services and project fees,collaborative location data API,Mapbox; Foursquare; Geocode.XYZ; Placekey,Partner ecosystem,partner-led,Partner-oriented GTM into government; enterprise accounts for location data API.,unknown,unknown,unknown,unknown,unknown,unknown,2026-04-17,location / POI data; API integrations,cloud platform,Indirect competitor at most; this is closer to an input or data layer than Brooksie's planning-and-execution workspace.,Could use Brooksie internally to turn ad hoc geospatial questions into repeatable analysis workflows and reports.,"Brooksie could use this as a data source, imagery supplier, or API integration inside geospatial workflows."
Dance,https://dance.co/,Jordan,unknown,location data API,Dance Dance for Business | Dance Dance for Business Dance for Business | Dance Skip to content Dance Service E-Bike Start now Dance for Business...,Location data and geocoding API,unknown,unknown,unknown,unknown,unknown,https://www.linkedin.com/company/dance/ | https://dance.co/about | https://dance.co/posts/press | https://dance.co/,https://www.linkedin.com/company/dance/,12707,,Dance,Jordan,unknown,unknown,active,Location data and geocoding API,location data API,unknown,government; energy / utilities; logistics / mobility; retail / commerce,API,consumer; government; enterprise,planner; developer,Global,unknown,subscription,unknown,unknown,SaaS subscriptions,location data API,Mapbox; Foursquare; Geocode.XYZ; Placekey,Planet,partner-led,Partner-oriented GTM into consumer; government; enterprise accounts for location data API.,unknown,12707,unknown,unknown,unknown,Press | Dance,2026-04-17,unknown,cloud platform,Indirect competitor at most; this is closer to an input or data layer than Brooksie's planning-and-execution workspace.,Could use Brooksie internally to turn ad hoc geospatial questions into repeatable analysis workflows and reports.,"Brooksie could use this as a data source, imagery supplier, or API integration inside geospatial workflows."
Delta State University,https://deltastate.edu/,,Greenville,consumer mapping app,"Delta State University is a public university located in the Mississippi Delta with undergraduate, graduate, international, continuing education, and online programs for students.",Consumer mapping application,yes,unknown,unknown,unknown,unknown,https://www.deltastate.edu/ | https://www.deltastate.edu/about-dsu/ | https://www.deltastate.edu/admissions/visit-campus/ | https://www.deltastate.edu/news-and-events/2026/04/delta-state-university-to-host-crisis-intervention-training-in-addition-to-fbi-cjis-law-enforcement-sessions/ | https://deltastate.edu/,,,,Delta State University,unknown,Greenville,unknown,acquired,Consumer mapping application,consumer mapping app,field operations; collaboration,government; AEC / infrastructure; energy / utilities; environmental services; retail / commerce,API; SaaS; mobile; services,consumer; government; SMB; enterprise,GIS analyst; developer,Global,unknown,subscription,yes,Free,SaaS subscriptions,"collaborative, AI-native consumer mapping app",Google Maps; Mapbox; Foursquare,Partner ecosystem,partner-led,Partner-oriented GTM into consumer; government; SMB; enterprise accounts for consumer mapping app.,unknown,unknown,unknown,unknown,unknown,Delta State University to host crisis intervention training in addition to FBI...,2026-04-17,GIS data; weather / climate data,AI / machine learning; real-time collaboration,Low direct competition; limited overlap with Brooksie's enterprise geospatial research and execution workflows.,"Low fit as a core customer; possible internal use for market, place, or operations research.",Limited fit; no obvious core dependency beyond niche integration or inspiration.
"Department of Land Resources, Ministry of Rural Development, Government of India",https://dolr.gov.in/,India,unknown,location data API,"Department related to RTI Citizen for filing online RTI Applications/Appeals Information Handbook Press Release FAQ Close LATEST NEWS E-Auction Notices (Photocopiers, Computers, Monitors, UPS, Printers...",Location data and geocoding API,yes,unknown,unknown,unknown,unknown,https://dolr.gov.in/ | https://dolr.gov.in/about-department/ | https://dolr.gov.in/union-minister-shri-shivraj-singh-chouhan-launches-a-national-level-mass-outreach-campaign-watershed-yatra/,,,,"Department of Land Resources, Ministry of Rural Development, Government of India",India,unknown,unknown,active,Location data and geocoding API,location data API,surveying; reporting,government; AEC / infrastructure; environmental services; agriculture,API; SaaS; mobile; services,government; enterprise,planner; project manager; surveyor,Global,unknown,subscription,unknown,unknown,SaaS subscriptions,location data API,Mapbox; Foursquare; Geocode.XYZ; Placekey,Partner ecosystem,partner-led,Partner-oriented GTM into government; enterprise accounts for location data API.,unknown,unknown,unknown,unknown,unknown,Union Minister Shri Shivraj Singh Chouhan launches a national level mass outreach...,2026-04-17,unknown,unknown,Indirect competitor at most; this is closer to an input or data layer than Brooksie's planning-and-execution workspace.,Could use Brooksie internally to turn ad hoc geospatial questions into repeatable analysis workflows and reports.,"Brooksie could use this as a data source, imagery supplier, or API integration inside geospatial workflows."
dMY Technology Group,https://dmytechnology.com/,,San Francisco. During his tenure,location data API,MY Technology Group dMY Technology Group | Pioneering 'All Weather' 'dMY Technology Group has a proven operating system for ensuring ‘all weather’ and rapidly-growing private...,Location data and geocoding API,unknown,unknown,unknown,unknown,unknown,https://www.linkedin.com/company/dmy-technology-group/ | https://www.dmytechnology.com/ | https://www.dmytechnology.com/about/ | https://www.dmytechnology.com/newsroom/ | https://dmytechnology.com/,https://www.linkedin.com/company/dmy-technology-group/,325,,dMY Technology Group,unknown,San Francisco. During his tenure,unknown,acquired,Location data and geocoding API,location data API,data visualization,government; energy / utilities; environmental services; telecom; insurance,API; SaaS; mobile; services,consumer; government; SMB; enterprise,developer; project manager; data analyst,Global,unknown,subscription,unknown,unknown,SaaS subscriptions,location data API,Mapbox; Foursquare; Geocode.XYZ; Placekey,Planet,partner-led,Partner-oriented GTM into consumer; government; SMB; enterprise accounts for location data API.,unknown,325,raised over $2B,unknown,unknown,unknown,2026-04-17,location / POI data; weather / climate data,API-first; cloud platform,Indirect competitor at most; this is closer to an input or data layer than Brooksie's planning-and-execution workspace.,"Could use Brooksie to accelerate proposal scoping, multi-source analysis, and client-ready maps and reports.","Brooksie could use this as a data source, imagery supplier, or API integration inside geospatial workflows."
Dr. Babasaheb Ambedkar Technological University (DBATU),https://dbatu.ac.in/,India,unknown,field operations GIS software,A Decrease font size. A Reset font size. A Increase font size.,GIS-native field operations software,unknown,unknown,unknown,unknown,unknown,https://dbatu.ac.in/ | https://dbatu.ac.in/about-the-university-2/ | https://dbatu.ac.in/perspective-plan/ | https://dbatu.ac.in/expression-of-interest-for-internal-auditor-2/,,,,Dr. Babasaheb Ambedkar Technological University (DBATU),India,unknown,2016,active,GIS-native field operations software,field operations GIS software,data visualization; field operations; surveying; reporting; collaboration,government; AEC / infrastructure; energy / utilities; environmental services; telecom,API; SaaS; desktop; services,government; SMB; enterprise,planner; developer; project manager; surveyor; data analyst,Global,unknown,subscription,unknown,unknown,SaaS subscriptions,"collaborative, AI-native field operations GIS software",Matidor; Atlas.co; Esri,unknown,direct,Direct website-led GTM into government; SMB; enterprise users for field operations GIS software.,unknown,unknown,unknown,unknown,unknown,Expression of Interest for Internal Auditor – Dr.Babasaheb Ambedkar Technological University,2026-04-17,unknown,AI / machine learning,"Direct or partial competitor on geospatial analysis workflows, map outputs, and cross-source insight delivery.","Could use Brooksie to clarify vague spatial questions, automate research, and generate maps, insights, and reports faster.",unknown
Earthshot Labs,https://earthshot.eco/,,unknown,location data API,"Earthshot is a platform to develop and finance nature-based carbon projects. We bring scientific rigor to carbon markets, support land stewards to get paid for...",Location data and geocoding API,unknown,unknown,unknown,unknown,unknown,https://www.earthshot.eco/ | https://www.earthshot.eco/about/about-us | https://earthshot.eco/,,,,Earthshot Labs,unknown,unknown,unknown,acquired,Location data and geocoding API,location data API,field operations; collaboration,AEC / infrastructure; energy / utilities; environmental services; logistics / mobility; retail / commerce,API; SaaS; services,SMB; enterprise,planner,Global,unknown,services,unknown,unknown,Services and project fees,collaborative location data API,Mapbox; Foursquare; Geocode.XYZ; Placekey,Partner ecosystem,partner-led,Partner-oriented GTM into SMB; enterprise accounts for location data API.,unknown,unknown,unknown,unknown,unknown,unknown,2026-04-17,location / POI data; API integrations,real-time collaboration,Indirect competitor at most; this is closer to an input or data layer than Brooksie's planning-and-execution workspace.,Could use Brooksie internally to turn ad hoc geospatial questions into repeatable analysis workflows and reports.,"Brooksie could use this as a data source, imagery supplier, or API integration inside geospatial workflows."
Elsevier for Energy,https://elsevier.com/,,unknown,location data API,Elsevier | A global leader for advanced information and decision support in science and healthcare Elsevier provides advanced information and decision support to accelerate progress...,Location data and geocoding API,unknown,unknown,unknown,unknown,unknown,https://www.linkedin.com/company/elsevierforenergy/ | https://www.elsevier.com/ | https://www.elsevier.com/about | https://www.elsevier.com/about/global-press-office | https://elsevier.com/,https://www.linkedin.com/company/elsevierforenergy/,703,,Elsevier for Energy,unknown,unknown,unknown,acquired,Location data and geocoding API,location data API,data visualization; field operations; route optimization; reporting; collaboration,government; energy / utilities; environmental services; retail / commerce; mining,API; SaaS; desktop; mobile; services,government; enterprise,planner; developer; data analyst,Global,unknown,services,unknown,unknown,Services and project fees,"collaborative, AI-native location data API",Mapbox; Foursquare; Geocode.XYZ; Placekey,Partner ecosystem,partner-led,Partner-oriented GTM into government; enterprise accounts for location data API.,unknown,703,unknown,unknown,unknown,Global Media Relations │ Elsevier,2026-04-17,unknown,AI / machine learning,Indirect competitor at most; this is closer to an input or data layer than Brooksie's planning-and-execution workspace.,Could use Brooksie internally to turn ad hoc geospatial questions into repeatable analysis workflows and reports.,"Brooksie could use this as a data source, imagery supplier, or API integration inside geospatial workflows."
Energistics,https://energistics.org/,United States,unknown,location data API,"Resources Learn More Previous Next Who We Are & What We Do Energistics is a global, non-profit consortium that facilitates the development, management, and adoption...",Location data and geocoding API,unknown,unknown,unknown,unknown,unknown,https://energistics.org/ | https://energistics.org/energistics-consortium-membership | https://energistics.org/case-studies | https://energistics.org/news,,,,Energistics,United States,unknown,unknown,active,Location data and geocoding API,location data API,reporting; collaboration,AEC / infrastructure; energy / utilities; environmental services; logistics / mobility,API; SaaS; services,consumer; enterprise,developer,Global,unknown,license,unknown,unknown,Software licensing,"collaborative, real-time location data API",Mapbox; Foursquare; Geocode.XYZ; Placekey,unknown,direct,Direct website-led GTM into consumer; enterprise users for location data API.,unknown,unknown,unknown,unknown,unknown,News | energistics.org,2026-04-17,location / POI data; API integrations,API-first; real-time collaboration,Indirect competitor at most; this is closer to an input or data layer than Brooksie's planning-and-execution workspace.,"Could use Brooksie to accelerate proposal scoping, multi-source analysis, and client-ready maps and reports.","Brooksie could use this as a data source, imagery supplier, or API integration inside geospatial workflows."
Energy Werx Corp.,https://energywerx.org/,United States,unknown,location data API,Energy Werx Corp. ENERGYWERX: DOE Energy Innovation Hub | Home Explore DOE energy funding opportunities and innovation partnerships through ENERGYWERX,Location data and geocoding API,unknown,unknown,unknown,unknown,unknown,https://www.linkedin.com/company/energywerx/ | https://www.energywerx.org/ | https://energywerx.org/,https://www.linkedin.com/company/energywerx/,544,,Energy Werx Corp.,United States,unknown,unknown,active,Location data and geocoding API,location data API,collaboration,government; AEC / infrastructure; energy / utilities; retail / commerce; defense / intelligence,API; SaaS; services,government; enterprise,planner; developer,Global,unknown,services,unknown,unknown,Services and project fees,"collaborative, AI-native location data API",Mapbox; Foursquare; Geocode.XYZ; Placekey,Partner ecosystem,partner-led,Partner-oriented GTM into government; enterprise accounts for location data API.,unknown,544,unknown,unknown,unknown,unknown,2026-04-17,unknown,AI / machine learning; API-first; real-time collaboration,Indirect competitor at most; this is closer to an input or data layer than Brooksie's planning-and-execution workspace.,Could use Brooksie internally to turn ad hoc geospatial questions into repeatable analysis workflows and reports.,"Brooksie could use this as a data source, imagery supplier, or API integration inside geospatial workflows."
EnerHome Consulting Ltd,https://enerhomeconsulting.ca/,Canada,unknown,location data API,EnerHome Consulting Ltd Energy Evaluation Certified Advisor - EnerHome Consulting Ltd Enerhome Consulting LTD provides energy saving solutions to Meet your energy targets in the...,Location data and geocoding API,unknown,unknown,unknown,unknown,unknown,https://www.linkedin.com/company/enerhome-consulting-ltd/ | https://enerhomeconsulting.ca/ | https://enerhomeconsulting.ca/about/,https://www.linkedin.com/company/enerhome-consulting-ltd/,102,,EnerHome Consulting Ltd,Canada,unknown,unknown,acquired,Location data and geocoding API,location data API,field operations; collaboration,government; AEC / infrastructure; energy / utilities; environmental services,API; services,consumer; government; SMB; enterprise,planner,Canada,unknown,usage-based,unknown,unknown,Usage-based platform or API fees,collaborative location data API,Mapbox; Foursquare; Geocode.XYZ; Placekey,Planet,marketplace,Marketplace-led distribution for location data API.,unknown,102,unknown,unknown,unknown,unknown,2026-04-17,location / POI data; weather / climate data,unknown,Indirect competitor at most; this is closer to an input or data layer than Brooksie's planning-and-execution workspace.,"Could use Brooksie to accelerate proposal scoping, multi-source analysis, and client-ready maps and reports.","Brooksie could use this as a data source, imagery supplier, or API integration inside geospatial workflows."
EO College,https://eo-college.org/,,unknown,earth observation analytics,"Satellite and In Situ Observations Free Towards Zero Hunger – Hands-on: Active Fire Detection with Sentinel-3 Data Digital learning, sustainable future.​ © 2026 - EO...",Earth observation and imagery analytics platform,yes,yes,unknown,unknown,yes,https://www.linkedin.com/company/eo-college/ | https://eo-college.org/ | https://eo-college.org/about/,https://www.linkedin.com/company/eo-college/,1527,,EO College,unknown,unknown,2011,active,Earth observation and imagery analytics platform,earth observation analytics,satellite imagery analysis; reporting; collaboration,AEC / infrastructure; environmental services,API; SaaS; mobile,enterprise,GIS analyst; developer; remote sensing analyst,unknown,unknown,unknown,unknown,unknown,unknown,"collaborative, open-source earth observation analytics",Planet; Picterra; Brooksie AI; UP42,Partner ecosystem,open source + paid,Developer-led adoption with open-source distribution and paid/commercial upsell.,unknown,1527,unknown,unknown,unknown,unknown,2026-04-17,GIS data; satellite imagery; weather / climate data,open source; cloud platform; real-time collaboration,"Direct or partial competitor on geospatial analysis workflows, map outputs, and cross-source insight delivery.",Could use Brooksie internally to turn ad hoc geospatial questions into repeatable analysis workflows and reports.,"Brooksie could use this as a data source, imagery supplier, or API integration inside geospatial workflows."
European Centre for Medium-Range Weather Forecasts (ECMWF),https://ecmwf.int/,Germany,unknown,geospatial data provider,"ECMWF is the European Centre for Medium-Range Weather Forecasts. We are both a research institute and a 24/7 operational service, producing global numerical weather predictions...",Geospatial data and imagery service,yes,yes,unknown,unknown,yes,https://www.ecmwf.int/ | https://www.ecmwf.int/en/about | https://www.ecmwf.int/en/about/media-centre/news/2026/machine-learning-tree-planting-water-sustainability | https://www.ecmwf.int/en/about/media-centre/science-blog/2026/el-nino-2026 | https://ecmwf.int/,,,,European Centre for Medium-Range Weather Forecasts (ECMWF),Germany,unknown,unknown,active,Geospatial data and imagery service,geospatial data provider,data visualization; route optimization; satellite imagery analysis; reporting; collaboration,government; energy / utilities; environmental services; agriculture; mining,API; SaaS; services,consumer; government; enterprise,planner; developer; remote sensing analyst; data analyst,Global,unknown,subscription,unknown,unknown,SaaS subscriptions,"collaborative, AI-native, real-time geospatial data provider",Mapbox; Foursquare; Planet; HERE,Partner ecosystem,partner-led,Partner-oriented GTM into consumer; government; enterprise accounts for geospatial data provider.,unknown,unknown,unknown,unknown,unknown,How confident should we be in a prediction of El Niño? |...,2026-04-17,satellite imagery; location / POI data; API integrations; weather / climate data,AI / machine learning; cloud platform; real-time collaboration,Indirect competitor at most; this is closer to an input or data layer than Brooksie's planning-and-execution workspace.,Could use Brooksie internally to turn ad hoc geospatial questions into repeatable analysis workflows and reports.,"Brooksie could use this as a data source, imagery supplier, or API integration inside geospatial workflows."
European Space Agency (ESA),https://esa.int/,France,unknown,location data API,"The European Space Agency portal features the latest news in space exploration, human spaceflight, launchers, telecommunications, navigation, monitoring and space science.",Location data and geocoding API,unknown,yes,unknown,unknown,yes,https://www.esa.int/ | https://www.esa.int/About_Us/Week_in_images/Week_in_images_13-17_April_2026 | https://www.esa.int/ESA_Multimedia/Images/2026/04/A_pair_of_planet-forming_discs | https://blogs.esa.int/ | https://esa.int/,,,,European Space Agency (ESA),France,unknown,unknown,acquired,Location data and geocoding API,location data API,route optimization; satellite imagery analysis; surveying; reporting,energy / utilities; logistics / mobility; telecom; mining,API; SaaS,consumer; SMB; enterprise,surveyor; remote sensing analyst,Global,unknown,license,unknown,unknown,Software licensing,location data API,Mapbox; Foursquare; Geocode.XYZ; Placekey,Planet,direct,Direct website-led GTM into consumer; SMB; enterprise users for location data API.,unknown,unknown,unknown,unknown,unknown,ESA Blog Navigator – Navigator page for active ESA blogs,2026-04-17,satellite imagery; location / POI data,cloud platform,Indirect competitor at most; this is closer to an input or data layer than Brooksie's planning-and-execution workspace.,Could use Brooksie internally to turn ad hoc geospatial questions into repeatable analysis workflows and reports.,"Brooksie could use this as a data source, imagery supplier, or API integration inside geospatial workflows."
Everfox,https://everfox.com/,,unknown,location data API,"Everfox, formerly Forcepoint Federal, zero trust cyber security architecture, platform, & solutions for high assurance defense in depth.",Location data and geocoding API,unknown,unknown,unknown,unknown,unknown,https://www.everfox.com:443/ | https://everfox.com/,,,,Everfox,unknown,unknown,unknown,active,Location data and geocoding API,location data API,unknown,AEC / infrastructure; defense / intelligence,API; SaaS,government; enterprise,unknown,unknown,unknown,unknown,unknown,unknown,unknown,location data API,Mapbox; Foursquare; Geocode.XYZ; Placekey,unknown,direct,Direct website-led GTM into government; enterprise users for location data API.,unknown,unknown,unknown,unknown,unknown,unknown,2026-04-17,location / POI data,unknown,Indirect competitor at most; this is closer to an input or data layer than Brooksie's planning-and-execution workspace.,Could use Brooksie internally to turn ad hoc geospatial questions into repeatable analysis workflows and reports.,"Brooksie could use this as a data source, imagery supplier, or API integration inside geospatial workflows."
EveryPoint,https://everypoint.com/,,unknown,location data API,location data API,Location data and geocoding API,unknown,unknown,unknown,unknown,unknown,https://www.linkedin.com/company/everypoint/ | https://everypoint.com/,https://www.linkedin.com/company/everypoint/,5419,,EveryPoint,unknown,unknown,unknown,active,Location data and geocoding API,location data API,unknown,unknown,API,enterprise,unknown,unknown,unknown,unknown,unknown,unknown,unknown,location data API,Mapbox; Foursquare; Geocode.XYZ; Placekey,unknown,direct,Direct website-led GTM into enterprise users for location data API.,unknown,5419,unknown,unknown,unknown,unknown,2026-04-17,location / POI data,unknown,Indirect competitor at most; this is closer to an input or data layer than Brooksie's planning-and-execution workspace.,Could use Brooksie internally to turn ad hoc geospatial questions into repeatable analysis workflows and reports.,"Brooksie could use this as a data source, imagery supplier, or API integration inside geospatial workflows."
F5 Networks,https://f5.com/,Australia,unknown,location data API,F5 application services ensure that applications are always secure and perform the way they should—in any environment and on any device.,Location data and geocoding API,unknown,unknown,unknown,unknown,unknown,https://www.f5.com/ | https://www.f5.com/company | https://account.f5.com/myf5 | https://www.f5.com/case-studies | https://www.f5.com/company/blog | https://f5.com/,,,,F5 Networks,Australia,unknown,unknown,active,Location data and geocoding API,location data API,data visualization; field operations; reporting; collaboration,government; AEC / infrastructure; energy / utilities; environmental services; agriculture,API; SaaS; mobile; services; on-prem,consumer; government; SMB; enterprise,planner; developer; data analyst,Global,trusted by 85% of the Fortune 500* * https://fortune.com/ranking/fortune500/2022/search/ Featured Customer Stories Explore All Case Studies Next Steps Featured Customer...,subscription,unknown,unknown,SaaS subscriptions,"collaborative, AI-native, real-time location data API",Mapbox; Foursquare; Geocode.XYZ; Placekey,Partner ecosystem,partner-led,Partner-oriented GTM into consumer; government; SMB; enterprise accounts for location data API.,unknown,unknown,unknown,unknown,unknown,F5 Blog | F5,2026-04-17,location / POI data; API integrations,AI / machine learning; API-first; cloud platform; real-time collaboration,Indirect competitor at most; this is closer to an input or data layer than Brooksie's planning-and-execution workspace.,"Could use Brooksie to accelerate proposal scoping, multi-source analysis, and client-ready maps and reports.","Brooksie could use this as a data source, imagery supplier, or API integration inside geospatial workflows."
Federal Agency for Cartography and Geodesy (BKG),https://bkg.bund.de/,,unknown,,"Das Bundesamt für Kartographie und Geodäsie (BKG) stellt seine Produkte, Entwicklungen, Services, Downloads und seine geodätischen Observatorien vor.","Federal Agency for Cartography and Geodesy (BKG) Das Bundesamt für Kartographie und Geodäsie (BKG) stellt seine Produkte, Entwicklungen, Services, Downloads und seine geodätischen Observatorien vor",yes,unknown,unknown,unknown,yes,https://www.bkg.bund.de/DE/Home/home.html | https://bkg.bund.de/,,,,Federal Agency for Cartography and Geodesy (BKG),unknown,unknown,unknown,active,"Federal Agency for Cartography and Geodesy (BKG) Das Bundesamt für Kartographie und Geodäsie (BKG) stellt seine Produkte, Entwicklungen, Services, Downloads und seine geodätischen Observatorien vor",unknown,route optimization; satellite imagery analysis,unknown,services,consumer; SMB,unknown,Global,unknown,services,unknown,unknown,Services and project fees,unknown,unknown,Partner ecosystem,partner-led,Partner-oriented GTM into consumer; SMB accounts for unknown.,unknown,unknown,unknown,unknown,unknown,BKG - Homepage - HTTP Status 404,2026-04-17,satellite imagery,unknown,unknown,"Could use Brooksie to clarify vague spatial questions, automate research, and generate maps, insights, and reports faster.","Brooksie could use this as a data source, imagery supplier, or API integration inside geospatial workflows."
Federation University Australia,https://federation.edu.au/,Australia,unknown,open-source geospatial library,"Search by study area, course name or career",Open-source geospatial visualization library,unknown,unknown,unknown,unknown,unknown,https://www.federation.edu.au/ | https://www.federation.edu.au/about/ | https://federation.edu.au/,,,,Federation University Australia,Australia,unknown,unknown,merged,Open-source geospatial visualization library,open-source geospatial library,unknown,AEC / infrastructure; environmental services,API; services,consumer,developer,Global,unknown,services,unknown,unknown,Services and project fees,open-source geospatial library,kepler.gl; deck.gl; Mapbox,Partner ecosystem,partner-led,Partner-oriented GTM into consumer accounts for open-source geospatial library.,unknown,unknown,unknown,unknown,unknown,unknown,2026-04-17,unknown,unknown,unknown,"Could use Brooksie to clarify vague spatial questions, automate research, and generate maps, insights, and reports faster.","Brooksie could use this for map rendering, visualization, geospatial UI components, or workflow integrations."
Finnish Meteorological Institute,https://fmi.fi/,Finland,unknown,location data API,"The FMI makes observations and research on the atmosphere, the near space and the seas. It provides services for public safety, business life and citizens.",Location data and geocoding API,unknown,unknown,unknown,unknown,unknown,https://en.ilmatieteenlaitos.fi/ | https://en.ilmatieteenlaitos.fi/press-release-subscription | https://fmi.fi/,,,,Finnish Meteorological Institute,Finland,unknown,unknown,active,Location data and geocoding API,location data API,unknown,environmental services,API; services,enterprise,unknown,Global,unknown,subscription,yes,Free,SaaS subscriptions,location data API,Mapbox; Foursquare; Geocode.XYZ; Placekey,unknown,direct,Direct website-led GTM into enterprise users for location data API.,unknown,unknown,unknown,unknown,unknown,unknown,2026-04-17,weather / climate data,cloud platform,Indirect competitor at most; this is closer to an input or data layer than Brooksie's planning-and-execution workspace.,Could use Brooksie internally to turn ad hoc geospatial questions into repeatable analysis workflows and reports.,"Brooksie could use this as a data source, imagery supplier, or API integration inside geospatial workflows."
Firstway Energy,https://firstwayenergy.com/,United Kingdom,unknown,location data API,"Energy Firstway Energy | Renewable Energy, Battery Energy Storage Systems, BESS | United Kingdom Firstway Energy is a leader in the development of utility scale...",Location data and geocoding API,unknown,unknown,unknown,unknown,unknown,https://www.linkedin.com/company/firstway-energy/ | https://www.firstwayenergy.com/ | https://www.firstwayenergy.com/news | https://firstwayenergy.com/,https://www.linkedin.com/company/firstway-energy/,1210,,Firstway Energy,United Kingdom,unknown,unknown,active,Location data and geocoding API,location data API,unknown,government; energy / utilities; agriculture; retail / commerce,API,government; enterprise,planner; developer,Global,unknown,unknown,unknown,unknown,unknown,location data API,Mapbox; Foursquare; Geocode.XYZ; Placekey,Partner ecosystem,partner-led,Partner-oriented GTM into government; enterprise accounts for location data API.,unknown,1210,unknown,unknown,unknown,unknown,2026-04-17,location / POI data,API-first,Indirect competitor at most; this is closer to an input or data layer than Brooksie's planning-and-execution workspace.,Could use Brooksie internally to turn ad hoc geospatial questions into repeatable analysis workflows and reports.,"Brooksie could use this as a data source, imagery supplier, or API integration inside geospatial workflows."
Florida State University,https://fsu.edu/,United States,unknown,location data API,"FSU, designated a preeminent university in the state of Florida, is one of the most respected research and learning institutions in the country.",Location data and geocoding API,yes,unknown,unknown,unknown,unknown,https://www.fsu.edu/ | https://www.research.fsu.edu/ | https://strategicplan.fsu.edu/ | https://news.fsu.edu/ | https://fsu.edu/,,,,Florida State University,United States,unknown,unknown,active,Location data and geocoding API,location data API,route optimization,government; retail / commerce,API; services,government,unknown,Global,unknown,services,unknown,unknown,Services and project fees,location data API,Mapbox; Foursquare; Geocode.XYZ; Placekey,Partner ecosystem,partner-led,Partner-oriented GTM into government accounts for location data API.,unknown,unknown,unknown,unknown,unknown,Home - Florida State University News,2026-04-17,unknown,cloud platform,Indirect competitor at most; this is closer to an input or data layer than Brooksie's planning-and-execution workspace.,Could use Brooksie internally to turn ad hoc geospatial questions into repeatable analysis workflows and reports.,"Brooksie could use this as a data source, imagery supplier, or API integration inside geospatial workflows."
Food and Agriculture Organization of the United Nations (FAO),https://fao.org/,United Kingdom,unknown,location data API,Food and Agriculture Organization of the United Nations (FAO) Home | Food and Agriculture Organization of the United Nations FAO Home page,Location data and geocoding API,unknown,unknown,unknown,unknown,unknown,https://www.fao.org/home/en | https://www.fao.org/about/about-fao/en/ | https://fao.org/,,,,Food and Agriculture Organization of the United Nations (FAO),United Kingdom,unknown,unknown,active,Location data and geocoding API,location data API,data visualization,government; energy / utilities; environmental services; agriculture; logistics / mobility,API; services,consumer; government; SMB; enterprise,planner; developer; project manager; data analyst,Global,unknown,services,yes,$3,Services and project fees,location data API,Mapbox; Foursquare; Geocode.XYZ; Placekey,Partner ecosystem,partner-led,Partner-oriented GTM into consumer; government; SMB; enterprise accounts for location data API.,unknown,unknown,unknown,unknown,unknown,unknown,2026-04-17,weather / climate data,unknown,Indirect competitor at most; this is closer to an input or data layer than Brooksie's planning-and-execution workspace.,Could use Brooksie internally to turn ad hoc geospatial questions into repeatable analysis workflows and reports.,"Brooksie could use this as a data source, imagery supplier, or API integration inside geospatial workflows."
Forcepoint,https://www.forcepoint.com/,,unknown,location data API,location data API,Location data and geocoding API,unknown,unknown,unknown,unknown,unknown,https://www.forcepoint.com/,,,,Forcepoint,unknown,unknown,unknown,unknown,Location data and geocoding API,location data API,unknown,unknown,API,enterprise,unknown,unknown,unknown,unknown,unknown,unknown,unknown,location data API,Mapbox; Foursquare; Geocode.XYZ; Placekey,unknown,direct,Direct website-led GTM into enterprise users for location data API.,unknown,unknown,unknown,unknown,unknown,unknown,2026-04-17,location / POI data,unknown,Indirect competitor at most; this is closer to an input or data layer than Brooksie's planning-and-execution workspace.,Could use Brooksie internally to turn ad hoc geospatial questions into repeatable analysis workflows and reports.,"Brooksie could use this as a data source, imagery supplier, or API integration inside geospatial workflows."
Geographic Knowledge Lab at RMIT University,https://rmit.edu.au/,Australia,unknown,location data API,RMIT is an international university of technology and design and Australia's largest tertiary institution.,Location data and geocoding API,yes,unknown,unknown,unknown,unknown,https://www.rmit.edu.au/ | https://www.rmit.edu.au/about/our-locations-and-facilities/locations/overseas | https://www.rmit.edu.au/online/blog | https://rmit.edu.au/,,,,Geographic Knowledge Lab at RMIT University,Australia,unknown,2000,acquired,Location data and geocoding API,location data API,data visualization; field operations; project tracking; route optimization; surveying,government; AEC / infrastructure; energy / utilities; environmental services; logistics / mobility,API; SaaS; desktop; services,consumer; government; SMB; enterprise,planner; developer; project manager; surveyor; data analyst,Global,unknown,services,unknown,unknown,Services and project fees,"collaborative, AI-native location data API",Mapbox; Foursquare; Geocode.XYZ; Placekey,Partner ecosystem,partner-led,Partner-oriented GTM into consumer; government; SMB; enterprise accounts for location data API.,unknown,unknown,unknown,unknown,unknown,RMIT Online | Blog,2026-04-17,weather / climate data,AI / machine learning; cloud platform,Indirect competitor at most; this is closer to an input or data layer than Brooksie's planning-and-execution workspace.,Could use Brooksie internally to turn ad hoc geospatial questions into repeatable analysis workflows and reports.,"Brooksie could use this as a data source, imagery supplier, or API integration inside geospatial workflows."
George Mason University,https://science.gmu.edu/,,unknown,geospatial software / GIS,"Geospatial intelligence (GEOINT) refers to the collection, organization, analysis, and dissemination of information on the position and complementary attributes of physical features, man-made structures, moving...",Location data and geocoding API,yes,yes,yes,unknown,yes,https://science.gmu.edu/about | https://science.gmu.edu/,,,,George Mason University,unknown,unknown,unknown,active,Location data and geocoding API,location data API,map creation; data visualization; geocoding; route optimization; satellite imagery analysis,AEC / infrastructure; environmental services; logistics / mobility; defense / intelligence; mining,API; SaaS; services,consumer; government; SMB,GIS analyst; planner; developer; drone operator; remote sensing analyst,Global,unknown,subscription,unknown,unknown,SaaS subscriptions,"collaborative, AI-native location data API",Mapbox; Foursquare; Geocode.XYZ; Placekey,unknown,direct,Direct website-led GTM into consumer; government; SMB users for location data API.,unknown,unknown,unknown,unknown,unknown,unknown,2026-04-17,GIS data; satellite imagery; drone imagery; location / POI data; weather / climate data,AI / machine learning; real-time collaboration,Indirect competitor at most; this is closer to an input or data layer than Brooksie's planning-and-execution workspace.,Could use Brooksie internally to turn ad hoc geospatial questions into repeatable analysis workflows and reports.,"Brooksie could use this as a data source, imagery supplier, or API integration inside geospatial workflows."
Geothermal Association of Ireland,https://geothermalassociation.ie/,United States,unknown,location data API,Promoting the Development of Geothermal Resources in Ireland Geothermal Association of Ireland | Promoting the Development of Geothermal Resources in Ireland For access to all...,Location data and geocoding API,unknown,unknown,unknown,unknown,unknown,https://www.linkedin.com/company/geothermal-association-of-ireland/ | https://dev.geothermalassociation.ie/wp/ | https://dev.geothermalassociation.ie/wp/wp-login.php?redirect_to=https%3A%2F%2Fdev.geothermalassociation.ie%2Fwp%2Fwp%2F%3Fpage_id%3D27 | https://geothermalassociation.ie/,https://www.linkedin.com/company/geothermal-association-of-ireland/,1720,,Geothermal Association of Ireland,United States,unknown,2014,active,Location data and geocoding API,location data API,surveying,government; energy / utilities; environmental services,API,government; enterprise,developer; surveyor,Europe; United States,unknown,unknown,unknown,unknown,unknown,location data API,Mapbox; Foursquare; Geocode.XYZ; Placekey,unknown,direct,Direct website-led GTM into government; enterprise users for location data API.,unknown,1720,unknown,unknown,unknown,unknown,2026-04-17,weather / climate data,unknown,Indirect competitor at most; this is closer to an input or data layer than Brooksie's planning-and-execution workspace.,Could use Brooksie internally to turn ad hoc geospatial questions into repeatable analysis workflows and reports.,"Brooksie could use this as a data source, imagery supplier, or API integration inside geospatial workflows."
"GIS Centre, Lund University",https://lu.se/,Sweden,unknown,geospatial software / GIS,Lunds universitet grundades 1666 och rankas återkommande som ett av världens 100 främsta lärosäten. Här finns cirka 46 000 studenter och mer än 8 000...,GIS,yes,unknown,unknown,unknown,unknown,https://www.lu.se/ | https://www.lu.se/forskning/fokusomraden/hallbar-planet | https://rektor.blogg.lu.se/ett-riktigt-fint-paskagg-for-sfoerna/ | https://lu.se/,,,,"GIS Centre, Lund University",Sweden,unknown,unknown,active,GIS,GIS / mapping platform,unknown,environmental services,SaaS,consumer; enterprise,GIS analyst,Global,unknown,unknown,unknown,unknown,unknown,AI-native GIS / mapping platform,Esri; Mapbox; CARTO; Felt; Atlas.co,Planet,partner-led,Partner-oriented GTM into consumer; enterprise accounts for GIS / mapping platform.,unknown,unknown,unknown,unknown,unknown,Ett riktigt fint påskägg för SFO:erna – Erik Renström,2026-04-17,GIS data,AI / machine learning,"Direct or partial competitor on geospatial analysis workflows, map outputs, and cross-source insight delivery.","Could use Brooksie to clarify vague spatial questions, automate research, and generate maps, insights, and reports faster.","Brooksie could use this for map rendering, visualization, geospatial UI components, or workflow integrations."
GSI - Global Surface Intelligence,https://surfaceintelligence.com/,Australia,unknown,location data API,"Play RocketPlay Casino AU: top pokies, big welcome offers, weekly cashback and fast crypto payouts. Join RocketPlay now and claim your RocketPlay welcome bonus!",Location data and geocoding API,unknown,unknown,unknown,unknown,unknown,https://www.surfaceintelligence.com/ | https://surfaceintelligence.com/,,,,GSI - Global Surface Intelligence,Australia,unknown,unknown,active,Location data and geocoding API,location data API,project tracking; reporting,defense / intelligence,API; SaaS; desktop; mobile; services,consumer; government; enterprise,project manager,Global,unknown,subscription,unknown,unknown,SaaS subscriptions,location data API,Mapbox; Foursquare; Geocode.XYZ; Placekey,unknown,direct,Direct website-led GTM into consumer; government; enterprise users for location data API.,unknown,unknown,unknown,unknown,unknown,unknown,2026-04-17,unknown,unknown,Indirect competitor at most; this is closer to an input or data layer than Brooksie's planning-and-execution workspace.,Could use Brooksie internally to turn ad hoc geospatial questions into repeatable analysis workflows and reports.,"Brooksie could use this as a data source, imagery supplier, or API integration inside geospatial workflows."
HITT Contracting,https://hitt.com/,,unknown,location data API,"As a national general contractor, we pride ourselves on building trust by delivering incredible commercial construction experiences.",Location data and geocoding API,unknown,unknown,unknown,unknown,unknown,https://www.hitt.com/ | https://www.hitt.com/who-we-are/ | https://www.hitt.com/news-hub/ | https://hitt.com/,,,,HITT Contracting,unknown,unknown,1937,active,Location data and geocoding API,location data API,data visualization; project tracking; reporting,government; AEC / infrastructure; energy / utilities; environmental services,API; mobile; services,consumer; government; enterprise,project manager; data analyst,unknown,unknown,subscription,unknown,unknown,SaaS subscriptions,location data API,Mapbox; Foursquare; Geocode.XYZ; Placekey,Partner ecosystem,partner-led,Partner-oriented GTM into consumer; government; enterprise accounts for location data API.,unknown,unknown,unknown,unknown,unknown,Our Latest News and Perspectives | HITT Contracting,2026-04-17,location / POI data,unknown,Indirect competitor at most; this is closer to an input or data layer than Brooksie's planning-and-execution workspace.,Could use Brooksie internally to turn ad hoc geospatial questions into repeatable analysis workflows and reports.,"Brooksie could use this as a data source, imagery supplier, or API integration inside geospatial workflows."
Hubei Luojia Laboratory,https://luojia.whu.edu.cn/,,unknown,location data API,INDUSTRY æ´å¤ 2026-04-10 çé æ¥è°ç ç©ºå¤©ä¿¡æ¯äº§ä¸åå± æ¢ææºéãåæ¥ä¼å¿ï¼å å¿«æ¨å¨ç©ºå¤©ä¿¡æ¯äº§ä¸èé¾æç¾¤ 2026-03-29 å®éªå®¤åå æ¹åçç§æäº§ä¸âèåæ ..,Location data and geocoding API,unknown,unknown,unknown,unknown,unknown,https://luojia.whu.edu.cn/,,,,Hubei Luojia Laboratory,unknown,unknown,unknown,active,Location data and geocoding API,location data API,unknown,unknown,API,enterprise,unknown,unknown,unknown,unknown,unknown,unknown,unknown,location data API,Mapbox; Foursquare; Geocode.XYZ; Placekey,unknown,direct,Direct website-led GTM into enterprise users for location data API.,unknown,unknown,unknown,unknown,unknown,unknown,2026-04-17,location / POI data,unknown,Indirect competitor at most; this is closer to an input or data layer than Brooksie's planning-and-execution workspace.,Could use Brooksie internally to turn ad hoc geospatial questions into repeatable analysis workflows and reports.,"Brooksie could use this as a data source, imagery supplier, or API integration inside geospatial workflows."
Hubei University,https://eng.hubu.edu.cn/,China,unknown,location data API,"List News Feb 06, 2026 Professor Li Zhen Named to 2025 âHighly Cited Chinese Researchersâ List Recently, global academic evaluation institution Elsevier released the 2025...",Location data and geocoding API,yes,unknown,unknown,unknown,unknown,https://eng.hubu.edu.cn/ | https://eng.hubu.edu.cn/About.htm | https://eng.hubu.edu.cn/About/The_Overall_Development_Plan.htm | https://eng.hubu.edu.cn/index/News___Events.htm,,,,Hubei University,China,unknown,unknown,active,Location data and geocoding API,location data API,route optimization,government; AEC / infrastructure; energy / utilities; environmental services,API; SaaS; services,government; enterprise,developer; project manager,Global,unknown,services,unknown,unknown,Services and project fees,location data API,Mapbox; Foursquare; Geocode.XYZ; Placekey,unknown,direct,Direct website-led GTM into government; enterprise users for location data API.,unknown,unknown,unknown,unknown,unknown,News & Events-Hubei University,2026-04-17,API integrations; weather / climate data,unknown,Indirect competitor at most; this is closer to an input or data layer than Brooksie's planning-and-execution workspace.,Could use Brooksie internally to turn ad hoc geospatial questions into repeatable analysis workflows and reports.,"Brooksie could use this as a data source, imagery supplier, or API integration inside geospatial workflows."
IEEE Geoscience & Remote Sensing Society,https://grss-ieee.org/,,unknown,earth observation / remote sensing company,earth observation analytics,remote sensing,unknown,yes,unknown,unknown,yes,https://grss-ieee.org/,,,,IEEE Geoscience & Remote Sensing Society,unknown,unknown,unknown,unknown,remote sensing,earth observation analytics,satellite imagery analysis,unknown,unknown,enterprise,remote sensing analyst,unknown,unknown,unknown,unknown,unknown,unknown,earth observation analytics,Planet; Picterra; Brooksie AI; UP42,unknown,direct,Direct website-led GTM into enterprise users for earth observation analytics.,unknown,unknown,unknown,unknown,unknown,unknown,2026-04-17,satellite imagery,unknown,"Direct or partial competitor on geospatial analysis workflows, map outputs, and cross-source insight delivery.",Could use Brooksie internally to turn ad hoc geospatial questions into repeatable analysis workflows and reports.,"Brooksie could use this as a data source, imagery supplier, or API integration inside geospatial workflows."
Indiana University of Pennsylvania,https://iup.edu/,United States,unknown,consumer mapping app,"At IUP, weâre as passionate about uncovering potential within each student as we are about teaching and research. Come to IUP. Go anywhere your curiosity...",Consumer mapping application,yes,unknown,unknown,unknown,unknown,https://www.iup.edu/ | https://www.iup.edu/about/index.html | https://www.iup.edu/about/strategic-plan/index.html | https://www.iup.edu/news-events/index.html | https://iup.edu/,,,,Indiana University of Pennsylvania,United States,unknown,unknown,acquired,Consumer mapping application,consumer mapping app,data visualization; collaboration,government; AEC / infrastructure; energy / utilities; environmental services; logistics / mobility,API; SaaS; mobile; services,consumer; government; enterprise,planner; developer,Global,unknown,subscription,unknown,unknown,SaaS subscriptions,"collaborative, AI-native consumer mapping app",Google Maps; Mapbox; Foursquare,Partner ecosystem,partner-led,Partner-oriented GTM into consumer; government; enterprise accounts for consumer mapping app.,unknown,unknown,unknown,unknown,unknown,IUP Now - News and Events - IUP,2026-04-17,location / POI data,AI / machine learning,Low direct competition; limited overlap with Brooksie's enterprise geospatial research and execution workflows.,"Low fit as a core customer; possible internal use for market, place, or operations research.","Brooksie could use this as a data source, imagery supplier, or API integration inside geospatial workflows."
"INESC TEC - Institute for Systems and Computer Engineering, Technology and Science",https://inesctec.pt/,,Furthermore,location data API,INESC TEC is an internationally-oriented multidisciplinary Associate Laboratory with more than 30 years of experience in R&D and technology transfer.,Location data and geocoding API,unknown,unknown,unknown,unknown,unknown,https://www.inesctec.pt/en | https://www.inesctec.pt/en/institution | https://inesctec.pt/,,,,"INESC TEC - Institute for Systems and Computer Engineering, Technology and Science",unknown,Furthermore,unknown,acquired,Location data and geocoding API,location data API,field operations; route optimization; reporting; collaboration,government; AEC / infrastructure; energy / utilities; environmental services; agriculture,API; SaaS; mobile; services,government; SMB; enterprise,planner; developer,Global,unknown,subscription,unknown,unknown,SaaS subscriptions,"collaborative, AI-native location data API",Mapbox; Foursquare; Geocode.XYZ; Placekey,Planet,partner-led,Partner-oriented GTM into government; SMB; enterprise accounts for location data API.,unknown,unknown,unknown,unknown,unknown,unknown,2026-04-17,API integrations,AI / machine learning; cloud platform; real-time collaboration,Indirect competitor at most; this is closer to an input or data layer than Brooksie's planning-and-execution workspace.,"Could use Brooksie to accelerate proposal scoping, multi-source analysis, and client-ready maps and reports.","Brooksie could use this as a data source, imagery supplier, or API integration inside geospatial workflows."
Infrared Technologies,https://infraredtechnologies.net/,,unknown,location data API,"Infrared Technologies Infrared electrical inspections | thermography | thermal imaging services Infrared technologies provides infrared electrical inspections, industrial electrical inspections, in Indiana and the midwest",Location data and geocoding API,unknown,unknown,unknown,unknown,unknown,https://www.linkedin.com/company/infrared-technologies/ | https://infraredtechnologies.net/ | https://infraredtechnologies.net/infrared-electrical-inspections-industrial-plants/ | https://infraredtechnologies.net/blog/,https://www.linkedin.com/company/infrared-technologies/,388,,Infrared Technologies,unknown,unknown,unknown,acquired,Location data and geocoding API,location data API,field operations; reporting,AEC / infrastructure; energy / utilities; real estate; insurance; travel / tourism,API; services,consumer; enterprise,unknown,unknown,unknown,subscription,unknown,unknown,SaaS subscriptions,location data API,Mapbox; Foursquare; Geocode.XYZ; Placekey,unknown,direct,Direct website-led GTM into consumer; enterprise users for location data API.,unknown,388,unknown,unknown,unknown,Blog - Infrared Services Indiana,2026-04-17,location / POI data,unknown,Indirect competitor at most; this is closer to an input or data layer than Brooksie's planning-and-execution workspace.,Could use Brooksie internally to turn ad hoc geospatial questions into repeatable analysis workflows and reports.,"Brooksie could use this as a data source, imagery supplier, or API integration inside geospatial workflows."
Institute “Big Data for Smart Society” - GATE,https://gate-ai.eu/,Belgium,unknown,location data API,The Big Data for Smart Society Institute (GATE) is the first Centre of Excellence in Bulgaria to work on integrating and extending scientific excellence and...,Location data and geocoding API,unknown,unknown,unknown,unknown,unknown,https://www.gate-ai.eu/en/home/ | https://www.gate-ai.eu/en/about/ | https://www.gate-ai.eu/en/research-category/case-studies/ | https://www.gate-ai.eu/en/category/news/ | https://gate-ai.eu/,,,,Institute “Big Data for Smart Society” - GATE,Belgium,unknown,2019,active,Location data and geocoding API,location data API,map creation; data visualization; collaboration,government; AEC / infrastructure; environmental services; defense / intelligence,API; SaaS; mobile,government; enterprise,planner; developer; data analyst,Global,unknown,unknown,unknown,unknown,unknown,"collaborative, AI-native location data API",Mapbox; Foursquare; Geocode.XYZ; Placekey,Partner ecosystem,partner-led,Partner-oriented GTM into government; enterprise accounts for location data API.,unknown,unknown,unknown,unknown,unknown,» News,2026-04-17,API integrations,AI / machine learning; API-first; real-time collaboration,Indirect competitor at most; this is closer to an input or data layer than Brooksie's planning-and-execution workspace.,Could use Brooksie internally to turn ad hoc geospatial questions into repeatable analysis workflows and reports.,"Brooksie could use this as a data source, imagery supplier, or API integration inside geospatial workflows."
Institute of Bioorganic Chemistry of the Polish Academy of Sciences - Poznan Supercomputing and Networking Center,https://psnc.pl/,Germany,unknown,location data API,Centrum Superkomputerowo-Sieciowe | Poznan Supercomputing and Networking Center | PSNC | Take a look: PIAST-Q system officially launched Polish Living Lab Summit at PCSS 5G...,Location data and geocoding API,unknown,unknown,unknown,unknown,unknown,https://www.psnc.pl/ | https://www.psnc.pl/about/whats-pcss/ | https://www.psnc.pl/news/ | https://psnc.pl/,,,,Institute of Bioorganic Chemistry of the Polish Academy of Sciences - Poznan Supercomputing and Networking Center,Germany,unknown,1945,acquired,Location data and geocoding API,location data API,reporting; collaboration,government; AEC / infrastructure; energy / utilities; environmental services; agriculture,API; SaaS; services,government; SMB; enterprise,planner; developer,Global,unknown,subscription,yes,$3,SaaS subscriptions,"collaborative, AI-native location data API",Mapbox; Foursquare; Geocode.XYZ; Placekey,Partner ecosystem,partner-led,Partner-oriented GTM into government; SMB; enterprise accounts for location data API.,unknown,unknown,unknown,unknown,unknown,News | Poznańskie Centrum Superkomputerowo-Sieciowe | Poznan Supercomputing and Networking Center |...,2026-04-17,location / POI data; API integrations; weather / climate data,AI / machine learning; API-first; cloud platform; real-time collaboration,Indirect competitor at most; this is closer to an input or data layer than Brooksie's planning-and-execution workspace.,Could use Brooksie internally to turn ad hoc geospatial questions into repeatable analysis workflows and reports.,"Brooksie could use this as a data source, imagery supplier, or API integration inside geospatial workflows."
International Association of Oil & Gas Producers (IOGP),https://iogp.org/,United Kingdom,unknown,location data API,"IOGP: Pioneering excellence in safe, efficient, & sustainable energy supply – an enabling partner for a low-carbon future.",Location data and geocoding API,unknown,unknown,unknown,unknown,unknown,https://www.iogp.org/ | https://www.iogp.org/about-us/contact-us/ | https://www.iogp.org/event/webinar-energy-efficiency-case-studies-from-upstream-operations/ | https://www.iogp.org/blog/news/a-high-impact-week-for-the-digital-transformation-committee-in-houston/ | https://iogp.org/,,,,International Association of Oil & Gas Producers (IOGP),United Kingdom,unknown,unknown,active,Location data and geocoding API,location data API,data visualization; surveying; reporting; collaboration,AEC / infrastructure; energy / utilities; environmental services; logistics / mobility; defense / intelligence,API,government; enterprise,developer; surveyor; data analyst,Global,unknown,subscription,unknown,unknown,SaaS subscriptions,"collaborative, AI-native location data API",Mapbox; Foursquare; Geocode.XYZ; Placekey,Partner ecosystem,partner-led,Partner-oriented GTM into government; enterprise accounts for location data API.,unknown,unknown,unknown,unknown,unknown,A High‑Impact Week for the Digital Transformation Committee in Houston | IOGP,2026-04-17,location / POI data; API integrations,AI / machine learning; real-time collaboration,Indirect competitor at most; this is closer to an input or data layer than Brooksie's planning-and-execution workspace.,Could use Brooksie internally to turn ad hoc geospatial questions into repeatable analysis workflows and reports.,"Brooksie could use this as a data source, imagery supplier, or API integration inside geospatial workflows."
International Cartographic Association ICA,https://icaci.org/,Poland,unknown,GIS / mapping platform,The mission of the International Cartographic Association (ICA) is to promote the discipline and profession of cartography and GIScience in an international context.,GIS and mapping platform,yes,yes,unknown,unknown,yes,https://icaci.org/ | https://icaci.org/mission/ | https://icaci.org/strategic-plan/,,,,International Cartographic Association ICA,Poland,unknown,unknown,active,GIS and mapping platform,GIS / mapping platform,map creation; geospatial analysis; data visualization; route optimization; satellite imagery analysis,government; energy / utilities; environmental services; logistics / mobility; defense / intelligence,API; SaaS; services,consumer; government; enterprise,GIS analyst; planner; developer; surveyor; remote sensing analyst,Global,unknown,services,unknown,unknown,Services and project fees,"collaborative, AI-native, open-source, real-time GIS / mapping platform",Esri; Mapbox; CARTO; Felt; Atlas.co,Esri,open source + paid,Developer-led adoption with open-source distribution and paid/commercial upsell.,unknown,unknown,unknown,unknown,unknown,unknown,2026-04-17,GIS data; satellite imagery; API integrations; weather / climate data,AI / machine learning; open source; real-time collaboration,"Direct or partial competitor on geospatial analysis workflows, map outputs, and cross-source insight delivery.",Could use Brooksie internally to turn ad hoc geospatial questions into repeatable analysis workflows and reports.,"Brooksie could use this as a data source, imagery supplier, or API integration inside geospatial workflows."
International Map Industry Association (IMIA),https://imiamaps.org/,United States,unknown,geospatial company,Connecting the Business of Maps Worldwide View upcoming IMIA and Industry events Join IMIA About IMIA The International Map Industry Association (IMIA) is dedicated to...,mapping,yes,unknown,unknown,unknown,unknown,https://imiamaps.org/ | https://imiamaps.org/about-imia/ | https://imiamaps.org/imianews/,,,,International Map Industry Association (IMIA),United States,unknown,unknown,active,mapping,geospatial data provider,surveying,environmental services; retail / commerce,services,enterprise,GIS analyst; developer; surveyor,Global,unknown,subscription,unknown,unknown,SaaS subscriptions,AI-native geospatial data provider,Mapbox; Foursquare; Planet; HERE,Esri,marketplace,Marketplace-led distribution for geospatial data provider.,unknown,unknown,unknown,unknown,unknown,News - IMIA | International Map Industry Association,2026-04-17,unknown,AI / machine learning,Indirect competitor at most; this is closer to an input or data layer than Brooksie's planning-and-execution workspace.,"Could use Brooksie to accelerate proposal scoping, multi-source analysis, and client-ready maps and reports.","Brooksie could use this as a data source, imagery supplier, or API integration inside geospatial workflows."
InvestMETS,https://investmets.com/,United States,unknown,location data API,"InvestMETS InvestMETS | METS Industry News, Strategic Insights & Research InvestMETS follows over 350 equipment, technology and services (METS) leaders in 40 countries to bring...",Location data and geocoding API,unknown,unknown,unknown,unknown,unknown,https://www.linkedin.com/company/investmets/ | https://www.investmets.com/ | https://www.investmets.com/energyx-projects-new-mining-vision-with-lonestar-launch/ | https://investmets.com/,https://www.linkedin.com/company/investmets/,2514,,InvestMETS,United States,unknown,unknown,active,Location data and geocoding API,location data API,data visualization; project tracking,AEC / infrastructure; energy / utilities; real estate; retail / commerce; mining,API; SaaS; services,enterprise,developer; project manager; data analyst,Global,unknown,subscription,unknown,unknown,SaaS subscriptions,AI-native location data API,Mapbox; Foursquare; Geocode.XYZ; Placekey,Partner ecosystem,partner-led,Partner-oriented GTM into enterprise accounts for location data API.,unknown,2514,unknown,unknown,unknown,EnergyX projects new mining vision with Lonestar launch - InvestMETS,2026-04-17,location / POI data; API integrations,AI / machine learning,Indirect competitor at most; this is closer to an input or data layer than Brooksie's planning-and-execution workspace.,Could use Brooksie internally to turn ad hoc geospatial questions into repeatable analysis workflows and reports.,"Brooksie could use this as a data source, imagery supplier, or API integration inside geospatial workflows."
ISPRS-International Society for Photogrammetry & Remote Sensing,https://isprs.org/,Netherlands,unknown,earth observation / remote sensing company,"Photogrammetry and Remote Sensing April 18, 2026 | Home | Sitemap | The ISPRS Foundation | 𝕏 Login Home Society Society Overview & Organization Overview...","remote sensing, photogrammetry",yes,yes,yes,yes,yes,https://isprs.org/ | https://isprs.org/society/history.aspx | https://isprs.org/publications/strategic_plan.aspx | https://isprs.org/news/newsletter/ebulletin.html,,,,ISPRS-International Society for Photogrammetry & Remote Sensing,Netherlands,unknown,unknown,active,"remote sensing, photogrammetry",location data API,map creation; data visualization; project tracking; satellite imagery analysis; drone mapping,government; AEC / infrastructure; energy / utilities; environmental services; travel / tourism,API; SaaS; mobile; services,consumer; government; enterprise,planner; developer; project manager; surveyor; remote sensing analyst,Global,unknown,subscription,yes,Free,SaaS subscriptions,location data API,Mapbox; Foursquare; Geocode.XYZ; Placekey,unknown,direct,Direct website-led GTM into consumer; government; enterprise users for location data API.,unknown,unknown,unknown,unknown,unknown,unknown,2026-04-17,GIS data; satellite imagery; drone imagery; LiDAR / point clouds; location / POI data,cloud platform,Indirect competitor at most; this is closer to an input or data layer than Brooksie's planning-and-execution workspace.,Could use Brooksie internally to turn ad hoc geospatial questions into repeatable analysis workflows and reports.,"Brooksie could use this as a data source, imagery supplier, or API integration inside geospatial workflows."
ISRIC - World Soil Information,https://isric.org/,Slovenia,unknown,location data API,ISRIC–World Soil Information is an independent science-based foundation with a mission to serve the international community as a custodian of global soil information. We support...,Location data and geocoding API,unknown,unknown,unknown,unknown,unknown,https://isric.org/ | https://isric.org/about/ | https://isric.org/news/,,,,ISRIC - World Soil Information,Slovenia,unknown,1966,active,Location data and geocoding API,location data API,reporting,government; environmental services,API; mobile; services,government,unknown,Global,unknown,subscription,unknown,unknown,SaaS subscriptions,collaborative location data API,Mapbox; Foursquare; Geocode.XYZ; Placekey,Partner ecosystem,partner-led,Partner-oriented GTM into government accounts for location data API.,unknown,unknown,unknown,unknown,unknown,News & updates,2026-04-17,unknown,unknown,Indirect competitor at most; this is closer to an input or data layer than Brooksie's planning-and-execution workspace.,Could use Brooksie internally to turn ad hoc geospatial questions into repeatable analysis workflows and reports.,"Brooksie could use this as a data source, imagery supplier, or API integration inside geospatial workflows."
"ITC, University of Twente",https://itc.nl/,Netherlands,unknown,earth observation / remote sensing company,"Charting today's global challenges with the use of geo-information science and earth observation. Our key focus areas: Resource security, GeoAI, Urban Futures and Disaster resilience.",remote sensing,yes,yes,yes,unknown,yes,https://www.utwente.nl/en/itc/ | https://www.utwente.nl/en/itc/about-itc/centres-of-expertise/centre-for-disaster-resilience/ | https://www.utwente.nl/en/itc/about-itc/scientific-departments/urban-regional-planning-geo-information-management/ | https://www.utwente.nl/en/itc/news/ | https://itc.nl/,,,,"ITC, University of Twente",Netherlands,unknown,1950,active,remote sensing,earth observation analytics,route optimization; satellite imagery analysis; drone mapping; collaboration,government; AEC / infrastructure; energy / utilities; environmental services; agriculture,API; SaaS; desktop; mobile; services,consumer; government; SMB; enterprise,planner; developer; project manager; drone operator; remote sensing analyst,Global,unknown,usage-based,unknown,unknown,Usage-based platform or API fees,"collaborative, AI-native earth observation analytics",Planet; Picterra; Brooksie AI; UP42,Partner ecosystem,partner-led,Partner-oriented GTM into consumer; government; SMB; enterprise accounts for earth observation analytics.,unknown,unknown,unknown,unknown,unknown,ITC | News,2026-04-17,satellite imagery; drone imagery; API integrations; weather / climate data,AI / machine learning; real-time collaboration,"Direct or partial competitor on geospatial analysis workflows, map outputs, and cross-source insight delivery.",Could use Brooksie internally to turn ad hoc geospatial questions into repeatable analysis workflows and reports.,"Brooksie could use this as a data source, imagery supplier, or API integration inside geospatial workflows."
James Madison University,https://jmu.edu/,,unknown,location data API,School of Integrated Sciences,Location data and geocoding API,yes,unknown,unknown,unknown,unknown,https://www.jmu.edu/cise/depts/sis/index.shtml?jmu_redir=r_sis | https://www.jmu.edu/about/index.shtml | https://www.jmu.edu/career/index.shtml | https://www.jmu.edu/news/index.shtml | https://jmu.edu/,,,,James Madison University,unknown,unknown,1908,active,Location data and geocoding API,location data API,surveying,government; AEC / infrastructure; energy / utilities; retail / commerce; defense / intelligence,API; mobile; services,consumer; government; enterprise,planner; surveyor,Global,unknown,subscription,unknown,unknown,SaaS subscriptions,collaborative location data API,Mapbox; Foursquare; Geocode.XYZ; Placekey,Partner ecosystem,partner-led,Partner-oriented GTM into consumer; government; enterprise accounts for location data API.,unknown,unknown,unknown,unknown,unknown,James Madison University News - JMU,2026-04-17,location / POI data; API integrations,unknown,Indirect competitor at most; this is closer to an input or data layer than Brooksie's planning-and-execution workspace.,Could use Brooksie internally to turn ad hoc geospatial questions into repeatable analysis workflows and reports.,"Brooksie could use this as a data source, imagery supplier, or API integration inside geospatial workflows."
Janes,https://janes.com/,,unknown,location data API,The trusted source for defence intelligence,Location data and geocoding API,unknown,unknown,unknown,unknown,unknown,https://www.janes.com/ | https://www.janes.com/about | https://www.janes.com/defence-intelligence/who-we-help/defence-and-security-industry | https://janes.com/,,,,Janes,unknown,unknown,unknown,active,Location data and geocoding API,location data API,data visualization; project tracking; reporting; collaboration,government; energy / utilities; environmental services; logistics / mobility; retail / commerce,API; SaaS; services,government; SMB; enterprise,planner; developer; project manager; data analyst,Global,unknown,services,unknown,unknown,Services and project fees,"AI-native, open-source, real-time location data API",Mapbox; Foursquare; Geocode.XYZ; Placekey,Partner ecosystem,open source + paid,Developer-led adoption with open-source distribution and paid/commercial upsell.,unknown,unknown,unknown,unknown,unknown,unknown,2026-04-17,location / POI data; API integrations,AI / machine learning; open source; real-time collaboration,Indirect competitor at most; this is closer to an input or data layer than Brooksie's planning-and-execution workspace.,Could use Brooksie internally to turn ad hoc geospatial questions into repeatable analysis workflows and reports.,"Brooksie could use this as a data source, imagery supplier, or API integration inside geospatial workflows."
Jawaharlal Nehru Technological University Hyderabad,https://jntuh.ac.in/,India,unknown,consulting / integration services,Jawaharlal Nehru Technological University Hyderabad,Geospatial consulting and integration services,yes,unknown,yes,unknown,unknown,https://jntuh.ac.in/ | https://jntuh.ac.in/about-us | https://jntuh.ac.in/academic-and-planning | https://jntuh.ac.in/content/newsletter/82/2625013febf9670973751a01cea9e58f,,,,Jawaharlal Nehru Technological University Hyderabad,India,unknown,1965,active,Geospatial consulting and integration services,consulting / integration services,route optimization; drone mapping; reporting; collaboration,government; AEC / infrastructure; energy / utilities; environmental services; agriculture,API; SaaS; services,government; SMB; enterprise,planner; developer; drone operator; data analyst,Global,unknown,services,unknown,unknown,Services and project fees,"collaborative, AI-native consulting / integration services",Esri partners; GIS consultancies; system integrators,Partner ecosystem,partner-led,Partner-oriented GTM into government; SMB; enterprise accounts for consulting / integration services.,unknown,unknown,unknown,unknown,unknown,Jawaharlal Nehru Technological University Hyderabad,2026-04-17,drone imagery; location / POI data; API integrations,AI / machine learning,"Partial competitor in analysis delivery services, but not a direct AI-native platform substitute.","Could use Brooksie to accelerate proposal scoping, multi-source analysis, and client-ready maps and reports.","Brooksie could use this company as an implementation, data-collection, or channel partner."
Karlsruhe Institute of Technology (KIT),https://kit.edu/,,unknown,consumer mapping app,Karlsruher Institut f&uuml;r Technologie – technische Universit&auml;t und zugleich nationales Forschungszentrum mit einzigartigen Forschungsinfrastrukturen,Consumer mapping application,yes,unknown,unknown,unknown,unknown,https://www.kit.edu/ | https://www.km.kit.edu/presseteam.php | https://www.kit.edu/campusplan/ | https://www.kit.edu/kit/news.php | https://kit.edu/,,,,Karlsruhe Institute of Technology (KIT),unknown,unknown,unknown,active,Consumer mapping application,consumer mapping app,route optimization,unknown,unknown,consumer,developer,Global,unknown,unknown,unknown,unknown,unknown,consumer mapping app,Google Maps; Mapbox; Foursquare,Partner ecosystem,partner-led,Partner-oriented GTM into consumer accounts for consumer mapping app.,unknown,unknown,unknown,unknown,unknown,KIT - Das KIT - Medien - News,2026-04-17,unknown,unknown,Low direct competition; limited overlap with Brooksie's enterprise geospatial research and execution workflows.,"Low fit as a core customer; possible internal use for market, place, or operations research.",Limited fit; no obvious core dependency beyond niche integration or inspiration.
Kentucky Thermal Institute,https://kythermal.institute/,,unknown,location data API,Kentucky Thermal Institute Kythermal Institute Kythermal Institute Campus Education Equipment Consulting News Room Contact Your browser does not support the video tag,Location data and geocoding API,unknown,unknown,unknown,unknown,unknown,https://www.linkedin.com/company/kentucky-thermal-institute/ | https://kythermal.institute/ | https://kythermal.institute/blog/,https://www.linkedin.com/company/kentucky-thermal-institute/,337,,Kentucky Thermal Institute,unknown,unknown,unknown,active,Location data and geocoding API,location data API,unknown,unknown,API; services,enterprise,unknown,unknown,unknown,services,unknown,unknown,Services and project fees,location data API,Mapbox; Foursquare; Geocode.XYZ; Placekey,unknown,direct,Direct website-led GTM into enterprise users for location data API.,unknown,337,unknown,unknown,unknown,Kythermal Institute,2026-04-17,unknown,unknown,Indirect competitor at most; this is closer to an input or data layer than Brooksie's planning-and-execution workspace.,"Could use Brooksie to accelerate proposal scoping, multi-source analysis, and client-ready maps and reports.","Brooksie could use this as a data source, imagery supplier, or API integration inside geospatial workflows."
Land Data,https://land-data.org.uk/,United Kingdom,unknown,location data API,Land Data Home | Land Data | Raising the bar in property information We ensure home movers can access the highest quality land and property...,Location data and geocoding API,unknown,unknown,unknown,unknown,unknown,https://www.linkedin.com/company/land-data/ | https://www.land-data.org.uk/ | https://www.land-data.org.uk/post/shortlists-for-top-local-land-charges-teams-in-england-and-wales-announced-ahead-of-2026-land-data-a | https://www.land-data.org.uk/blog | https://land-data.org.uk/,https://www.linkedin.com/company/land-data/,545,,Land Data,United Kingdom,unknown,unknown,active,Location data and geocoding API,location data API,data visualization; collaboration,government; real estate; mining,API; SaaS; services,consumer; government; enterprise,planner; data analyst,France,unknown,subscription,unknown,unknown,SaaS subscriptions,collaborative location data API,Mapbox; Foursquare; Geocode.XYZ; Placekey,Partner ecosystem,partner-led,Partner-oriented GTM into consumer; government; enterprise accounts for location data API.,unknown,545,unknown,unknown,unknown,BLOG | Land Data,2026-04-17,location / POI data; API integrations,real-time collaboration,Indirect competitor at most; this is closer to an input or data layer than Brooksie's planning-and-execution workspace.,Could use Brooksie internally to turn ad hoc geospatial questions into repeatable analysis workflows and reports.,"Brooksie could use this as a data source, imagery supplier, or API integration inside geospatial workflows."
LANDFIRE,https://landfire.gov/,United States,unknown,location data API,Resources Outreach Help Reference Disturbance Vegetation Fuel Historic Fire Regime Topographic The website will be offline from Wednesday the 22nd of April 2026 at 8:00...,Location data and geocoding API,yes,unknown,unknown,unknown,unknown,https://www.linkedin.com/company/landfire/ | https://landfire.gov/ | https://landfire.gov/about-landfire | https://landfire.gov/LFNameConvention,https://www.linkedin.com/company/landfire/,357,,LANDFIRE,United States,unknown,unknown,active,Location data and geocoding API,location data API,surveying; reporting; collaboration,government; environmental services; agriculture; logistics / mobility,API; SaaS; services,government; SMB; enterprise,planner; surveyor,North America; United States,unknown,subscription,unknown,unknown,SaaS subscriptions,collaborative location data API,Mapbox; Foursquare; Geocode.XYZ; Placekey,Partner ecosystem,partner-led,Partner-oriented GTM into government; SMB; enterprise accounts for location data API.,unknown,357,unknown,unknown,unknown,LANDFIRE Naming Conventions | LandFire,2026-04-17,API integrations; weather / climate data,unknown,Indirect competitor at most; this is closer to an input or data layer than Brooksie's planning-and-execution workspace.,Could use Brooksie internally to turn ad hoc geospatial questions into repeatable analysis workflows and reports.,"Brooksie could use this as a data source, imagery supplier, or API integration inside geospatial workflows."
"Laser Technology, Inc.",https://laserndt.com/,,Advanced Laser NDT Solutions Laser Technology,location data API,"Laser Technology, Inc",Location data and geocoding API,unknown,unknown,unknown,unknown,unknown,https://www.linkedin.com/company/laser-technology-ndt | https://www.laserndt.com/ | https://laserndt.com/,https://www.linkedin.com/company/laser-technology-ndt,6581,,"Laser Technology, Inc.",unknown,Advanced Laser NDT Solutions Laser Technology,1987,active,Location data and geocoding API,location data API,unknown,AEC / infrastructure; energy / utilities; logistics / mobility; defense / intelligence,API; SaaS; services,government; enterprise,unknown,unknown,unknown,services,unknown,unknown,Services and project fees,location data API,Mapbox; Foursquare; Geocode.XYZ; Placekey,unknown,direct,Direct website-led GTM into government; enterprise users for location data API.,unknown,6581,unknown,unknown,unknown,unknown,2026-04-17,unknown,unknown,Indirect competitor at most; this is closer to an input or data layer than Brooksie's planning-and-execution workspace.,Could use Brooksie internally to turn ad hoc geospatial questions into repeatable analysis workflows and reports.,"Brooksie could use this as a data source, imagery supplier, or API integration inside geospatial workflows."
Lindenwood University,https://lindenwood.edu/,,Saint Charles,open-source geospatial library,"Founded 1832, Lindenwood University offers dynamic liberal arts degrees in St. Charles, MO & online, fostering academic excellence for St. Louis area students.",Open-source geospatial visualization library,yes,unknown,unknown,unknown,unknown,https://www.lindenwood.edu/ | https://www.lindenwood.edu/about/ | https://www.lindenwood.edu/student-financial-services/student-accounts/payment-plan/ | https://www.lindenwood.edu/about/blog/ | https://lindenwood.edu/,,,,Lindenwood University,unknown,Saint Charles,unknown,acquired,Open-source geospatial visualization library,open-source geospatial library,project tracking; route optimization,AEC / infrastructure; environmental services; retail / commerce; defense / intelligence; insurance,API; services,government; SMB; enterprise,developer; project manager,Global,unknown,subscription,unknown,unknown,SaaS subscriptions,"collaborative, AI-native open-source geospatial library",kepler.gl; deck.gl; Mapbox,Partner ecosystem,partner-led,Partner-oriented GTM into government; SMB; enterprise accounts for open-source geospatial library.,unknown,unknown,unknown,unknown,unknown,Blog | Lindenwood University,2026-04-17,API integrations,AI / machine learning,unknown,"Could use Brooksie to clarify vague spatial questions, automate research, and generate maps, insights, and reports faster.","Brooksie could use this for map rendering, visualization, geospatial UI components, or workflow integrations."
Maryland Department of Assessments and Taxation,https://dat.maryland.gov/,,unknown,location data API,An official website of the State of Maryland.,Location data and geocoding API,unknown,unknown,unknown,unknown,unknown,https://dat.maryland.gov/about/Pages/default.aspx | https://dat.maryland.gov/newsroom/Pages/default.aspx | https://dat.maryland.gov/,,,,Maryland Department of Assessments and Taxation,unknown,unknown,unknown,active,Location data and geocoding API,location data API,field operations; project tracking; site selection; surveying; reporting,government; energy / utilities; environmental services; logistics / mobility; real estate,API; SaaS; services,consumer; government; SMB; enterprise,project manager; surveyor,unknown,unknown,subscription,yes,$7,SaaS subscriptions,AI-native location data API,Mapbox; Foursquare; Geocode.XYZ; Placekey,unknown,direct,Direct website-led GTM into consumer; government; SMB; enterprise users for location data API.,unknown,unknown,unknown,unknown,unknown,Home,2026-04-17,location / POI data; weather / climate data,AI / machine learning; cloud platform,Indirect competitor at most; this is closer to an input or data layer than Brooksie's planning-and-execution workspace.,Could use Brooksie internally to turn ad hoc geospatial questions into repeatable analysis workflows and reports.,"Brooksie could use this as a data source, imagery supplier, or API integration inside geospatial workflows."
Masabi,https://masabi.com/,Australia,unknown,location data API,Masabi Masabi - Fare Payments-as-a-Service for Public Transport Leading fare payments platform for public transport,Location data and geocoding API,unknown,unknown,unknown,unknown,unknown,https://www.linkedin.com/company/masabi/ | https://www.masabi.com/ | https://www.masabi.com/about/ | https://www.masabi.com/2026/01/20/gltc-launches-account-based-ticketing-with-masabi-delivering-best-fare-pricing-and-seamless-travel/ | https://www.masabi.com/agencies-and-operators-using-justride/ | https://blog.masabi.com/blog | https://masabi.com/,https://www.linkedin.com/company/masabi/,15476,,Masabi,Australia,unknown,unknown,acquired,Location data and geocoding API,location data API,route optimization; reporting; collaboration,government; AEC / infrastructure; energy / utilities; logistics / mobility; retail / commerce,API; SaaS; services,consumer; government; SMB; enterprise,developer,Global,Trusted by more than 35 0 agencies and authorities Case Study Denver RTD’s Fare Payments-as-a-Service Platform Solution Problem The Regional...,subscription,unknown,unknown,SaaS subscriptions,"collaborative, AI-native location data API",Mapbox; Foursquare; Geocode.XYZ; Placekey,Partner ecosystem,partner-led,Partner-oriented GTM into consumer; government; SMB; enterprise accounts for location data API.,unknown,15476,unknown,unknown,unknown,Transport Ticketing Blog,2026-04-17,API integrations,AI / machine learning; cloud platform,Indirect competitor at most; this is closer to an input or data layer than Brooksie's planning-and-execution workspace.,Could use Brooksie internally to turn ad hoc geospatial questions into repeatable analysis workflows and reports.,"Brooksie could use this as a data source, imagery supplier, or API integration inside geospatial workflows."
Michigan Tech Research Institute,https://mtu.edu/,,unknown,open-source geospatial library,"Michigan Tech Research Institute focuses on technology development and research to sense and understand natural and human-made environments. Through innovation, education, and collaboration, we support...",Open-source geospatial visualization library,yes,unknown,unknown,unknown,unknown,https://www.mtu.edu/mtri/ | https://www.mtu.edu/mtri/about/ | https://www.mtu.edu/news/archives/?academics=Michigan+Tech+Research+Institute | https://mtu.edu/,,,,Michigan Tech Research Institute,unknown,unknown,unknown,active,Open-source geospatial visualization library,open-source geospatial library,route optimization; collaboration,AEC / infrastructure; energy / utilities; environmental services; logistics / mobility; mining,API; SaaS; services,consumer; enterprise,planner; developer,Global,unknown,services,unknown,unknown,Services and project fees,"collaborative, AI-native open-source geospatial library",kepler.gl; deck.gl; Mapbox,Partner ecosystem,partner-led,Partner-oriented GTM into consumer; enterprise accounts for open-source geospatial library.,unknown,unknown,unknown,unknown,unknown,Michigan Tech News Archives,2026-04-17,API integrations; weather / climate data,AI / machine learning,unknown,"Could use Brooksie to clarify vague spatial questions, automate research, and generate maps, insights, and reports faster.","Brooksie could use this for map rendering, visualization, geospatial UI components, or workflow integrations."
Mindtris,https://mindtris.com/,,unknown,location data API,Mindtris Vercel Security Checkpoint Vercel Security Checkpoint We're verifying your browser Website owner,Location data and geocoding API,unknown,unknown,unknown,unknown,unknown,https://www.linkedin.com/company/mindtris/ | https://mindtris.com/,https://www.linkedin.com/company/mindtris/,40104,,Mindtris,unknown,unknown,unknown,unknown,Location data and geocoding API,location data API,unknown,unknown,API,enterprise,unknown,unknown,unknown,unknown,unknown,unknown,unknown,location data API,Mapbox; Foursquare; Geocode.XYZ; Placekey,unknown,direct,Direct website-led GTM into enterprise users for location data API.,unknown,40104,unknown,unknown,unknown,unknown,2026-04-17,location / POI data,unknown,Indirect competitor at most; this is closer to an input or data layer than Brooksie's planning-and-execution workspace.,Could use Brooksie internally to turn ad hoc geospatial questions into repeatable analysis workflows and reports.,"Brooksie could use this as a data source, imagery supplier, or API integration inside geospatial workflows."
MinersAI,https://metalsminingbusinessoutlook.com/,United Kingdom,unknown,location data API,"MinersAI Metals Mining Business Outlook | Business | Technology Magazine At Metals Mining Business Outlook Magazine, we recognize the critical role that the metals and...",Location data and geocoding API,unknown,unknown,unknown,unknown,unknown,https://www.linkedin.com/company/minersai/ | https://metalsminingbusinessoutlook.com/ | https://metalsminingbusinessoutlook.com/about/ | https://metalsminingbusinessoutlook.com/lithium-explorer-brunswick-fuels-global-ambitions-with-4-million-financing-plan/ | https://metalsminingbusinessoutlook.com/news/,https://www.linkedin.com/company/minersai/,1882,,MinersAI,United Kingdom,unknown,2023,acquired,Location data and geocoding API,location data API,data visualization; collaboration,government; energy / utilities; environmental services; mining,API; SaaS,consumer; government; enterprise,developer; data analyst,Global,unknown,unknown,yes,$4,unknown,"collaborative, AI-native location data API",Mapbox; Foursquare; Geocode.XYZ; Placekey,Partner ecosystem,marketplace,Marketplace-led distribution for location data API.,unknown,1882,unknown,unknown,unknown,News | Metals Mining Business Outlook,2026-04-17,unknown,AI / machine learning,Indirect competitor at most; this is closer to an input or data layer than Brooksie's planning-and-execution workspace.,Could use Brooksie internally to turn ad hoc geospatial questions into repeatable analysis workflows and reports.,"Brooksie could use this as a data source, imagery supplier, or API integration inside geospatial workflows."
"Ministry of Land, Infrastructure & Transport-MOLIT",https://english.molit.go.kr/,,unknown,,unknown,,unknown,unknown,unknown,unknown,unknown,https://english.molit.go.kr/,,,,"Ministry of Land, Infrastructure & Transport-MOLIT",unknown,unknown,unknown,unknown,unknown,unknown,unknown,AEC / infrastructure; logistics / mobility,unknown,enterprise,planner,unknown,unknown,unknown,unknown,unknown,unknown,unknown,unknown,unknown,direct,Direct website-led GTM into enterprise users for unknown.,unknown,unknown,unknown,unknown,unknown,unknown,2026-04-17,unknown,unknown,unknown,"Could use Brooksie to clarify vague spatial questions, automate research, and generate maps, insights, and reports faster.",unknown
"MissionGO, Inc.",https://missiongo.io/,,unknown,location data API,"MissionGO, Inc. This is the default server vhost This is the default server vhost This is the default server vhost This site's domain name is...",Location data and geocoding API,unknown,unknown,unknown,unknown,unknown,https://www.linkedin.com/company/missiongounmannedsystems | https://missiongo.io/,https://www.linkedin.com/company/missiongounmannedsystems,2753,,"MissionGO, Inc.",unknown,unknown,unknown,active,Location data and geocoding API,location data API,unknown,unknown,API,enterprise,unknown,unknown,unknown,unknown,unknown,unknown,unknown,location data API,Mapbox; Foursquare; Geocode.XYZ; Placekey,unknown,direct,Direct website-led GTM into enterprise users for location data API.,unknown,2753,unknown,unknown,unknown,unknown,2026-04-17,location / POI data,unknown,Indirect competitor at most; this is closer to an input or data layer than Brooksie's planning-and-execution workspace.,Could use Brooksie internally to turn ad hoc geospatial questions into repeatable analysis workflows and reports.,"Brooksie could use this as a data source, imagery supplier, or API integration inside geospatial workflows."
Mizzou – University of Missouri,https://geography.missouri.edu/,United States,unknown,geospatial software / GIS,Undergraduate Program Graduate Program Giving Geospatial Intelligence The MU Geospatial Intelligence Certificate Program has received accreditation from the United States Geospatial Intelligence Foundation ( USGIF...,GIS and mapping platform,yes,unknown,unknown,unknown,unknown,https://geography.missouri.edu/about | https://geography.missouri.edu/news | https://geography.missouri.edu/,,,,Mizzou – University of Missouri,United States,unknown,unknown,acquired,GIS and mapping platform,GIS / mapping platform,reporting,AEC / infrastructure; environmental services; defense / intelligence,SaaS,government; SMB; enterprise,GIS analyst,United States,unknown,subscription,unknown,unknown,SaaS subscriptions,GIS / mapping platform,Esri; Mapbox; CARTO; Felt; Atlas.co,Partner ecosystem,partner-led,Partner-oriented GTM into government; SMB; enterprise accounts for GIS / mapping platform.,unknown,unknown,unknown,unknown,unknown,News | Geography,2026-04-17,GIS data; API integrations,unknown,"Direct or partial competitor on geospatial analysis workflows, map outputs, and cross-source insight delivery.","Could use Brooksie to clarify vague spatial questions, automate research, and generate maps, insights, and reports faster.","Brooksie could use this for map rendering, visualization, geospatial UI components, or workflow integrations."
Motiontag,https://motion-tag.com/,,unknown,location data API,Motiontag This is the default server vhost This is the default server vhost This is the default server vhost This site's domain name is either...,Location data and geocoding API,unknown,unknown,unknown,unknown,unknown,https://motion-tag.com/,,,,Motiontag,unknown,unknown,unknown,active,Location data and geocoding API,location data API,unknown,unknown,API,enterprise,unknown,unknown,unknown,unknown,unknown,unknown,unknown,location data API,Mapbox; Foursquare; Geocode.XYZ; Placekey,unknown,direct,Direct website-led GTM into enterprise users for location data API.,unknown,unknown,unknown,unknown,unknown,unknown,2026-04-17,location / POI data,unknown,Indirect competitor at most; this is closer to an input or data layer than Brooksie's planning-and-execution workspace.,Could use Brooksie internally to turn ad hoc geospatial questions into repeatable analysis workflows and reports.,"Brooksie could use this as a data source, imagery supplier, or API integration inside geospatial workflows."
National Geospatial-Intelligence Agency (NGA),https://www.nga.mil/,,unknown,geospatial software / GIS,GIS / mapping platform,GIS and mapping platform,yes,unknown,unknown,unknown,unknown,https://www.nga.mil/ | https://nga.mil/,,,,National Geospatial-Intelligence Agency (NGA),unknown,unknown,unknown,unknown,GIS and mapping platform,GIS / mapping platform,unknown,defense / intelligence,SaaS,government; SMB; enterprise,GIS analyst,unknown,unknown,unknown,unknown,unknown,unknown,GIS / mapping platform,Esri; Mapbox; CARTO; Felt; Atlas.co,unknown,direct,Direct website-led GTM into government; SMB; enterprise users for GIS / mapping platform.,unknown,unknown,unknown,unknown,unknown,unknown,2026-04-17,GIS data,unknown,"Direct or partial competitor on geospatial analysis workflows, map outputs, and cross-source insight delivery.","Could use Brooksie to clarify vague spatial questions, automate research, and generate maps, insights, and reports faster.","Brooksie could use this for map rendering, visualization, geospatial UI components, or workflow integrations."
NCCentral University,https://nccu.edu/,,unknown,location data API,"For more than a century, NCCU has prepared students to transform communities. We made the commitment as the nation's first public liberal arts institution for...",Location data and geocoding API,yes,unknown,unknown,unknown,unknown,https://www.nccu.edu/ | https://www.nccu.edu/147commencement | https://www.nccu.edu/strategic-plan | https://www.nccu.edu/news | https://nccu.edu/,,,,NCCentral University,unknown,unknown,unknown,acquired,Location data and geocoding API,location data API,collaboration,government; AEC / infrastructure; energy / utilities; environmental services; logistics / mobility,API; SaaS; desktop; services,government; SMB; enterprise,planner; developer,Global,unknown,usage-based,unknown,unknown,Usage-based platform or API fees,"collaborative, AI-native location data API",Mapbox; Foursquare; Geocode.XYZ; Placekey,Partner ecosystem,partner-led,Partner-oriented GTM into government; SMB; enterprise accounts for location data API.,unknown,unknown,unknown,unknown,unknown,NCCU News | North Carolina Central University,2026-04-17,location / POI data; API integrations,AI / machine learning; real-time collaboration,Indirect competitor at most; this is closer to an input or data layer than Brooksie's planning-and-execution workspace.,Could use Brooksie internally to turn ad hoc geospatial questions into repeatable analysis workflows and reports.,"Brooksie could use this as a data source, imagery supplier, or API integration inside geospatial workflows."
Necture,https://necture.com/,Austria,unknown,location data API,"Together, our technology and our community enable efficient and future-ready fleet operations.",Location data and geocoding API,unknown,unknown,unknown,unknown,unknown,https://www.necture.com/ | https://www.necture.com/about | https://www.necture.com/distributed-operations | https://www.necture.com/news | https://necture.com/,,,,Necture,Austria,unknown,unknown,acquired,Location data and geocoding API,location data API,route optimization,government; AEC / infrastructure; energy / utilities; environmental services; logistics / mobility,API; SaaS; services,consumer; government; SMB; enterprise,planner; data analyst,unknown,unknown,services,unknown,unknown,Services and project fees,collaborative location data API,Mapbox; Foursquare; Geocode.XYZ; Placekey,Planet,partner-led,Partner-oriented GTM into consumer; government; SMB; enterprise accounts for location data API.,unknown,unknown,unknown,unknown,unknown,unknown,2026-04-17,location / POI data; weather / climate data,cloud platform,Indirect competitor at most; this is closer to an input or data layer than Brooksie's planning-and-execution workspace.,Could use Brooksie internally to turn ad hoc geospatial questions into repeatable analysis workflows and reports.,"Brooksie could use this as a data source, imagery supplier, or API integration inside geospatial workflows."
NewBridge Partners,https://yournbpartners.com/,,unknown,location data API,"Your comprehensive source for world-class defense, intelligence, and civil aerospace talent",Location data and geocoding API,unknown,unknown,unknown,unknown,unknown,https://www.yournbpartners.com/ | https://yournbpartners.com/,,,,NewBridge Partners,unknown,unknown,unknown,active,Location data and geocoding API,location data API,unknown,government; AEC / infrastructure; environmental services; defense / intelligence,API,government,unknown,unknown,unknown,unknown,unknown,unknown,unknown,location data API,Mapbox; Foursquare; Geocode.XYZ; Placekey,Partner ecosystem,partner-led,Partner-oriented GTM into government accounts for location data API.,unknown,unknown,unknown,unknown,unknown,unknown,2026-04-17,unknown,unknown,Indirect competitor at most; this is closer to an input or data layer than Brooksie's planning-and-execution workspace.,Could use Brooksie internally to turn ad hoc geospatial questions into repeatable analysis workflows and reports.,"Brooksie could use this as a data source, imagery supplier, or API integration inside geospatial workflows."
Nomoko,https://nomoko.world/,,unknown,location data API,Nomoko Digital Real Estate: A Complete Educational Guide Discover what digital real estate is and how it works,Location data and geocoding API,unknown,unknown,unknown,unknown,unknown,https://www.linkedin.com/company/nomoko/ | https://nomoko.world/ | https://nomoko.world/company/about/,https://www.linkedin.com/company/nomoko/,5005,,Nomoko,unknown,unknown,unknown,active,Location data and geocoding API,location data API,site selection,AEC / infrastructure; environmental services; real estate,API; SaaS; services,enterprise,unknown,unknown,unknown,license,unknown,unknown,Software licensing,location data API,Mapbox; Foursquare; Geocode.XYZ; Placekey,Partner ecosystem,partner-led,Partner-oriented GTM into enterprise accounts for location data API.,unknown,5005,unknown,unknown,unknown,unknown,2026-04-17,unknown,unknown,Indirect competitor at most; this is closer to an input or data layer than Brooksie's planning-and-execution workspace.,Could use Brooksie internally to turn ad hoc geospatial questions into repeatable analysis workflows and reports.,"Brooksie could use this as a data source, imagery supplier, or API integration inside geospatial workflows."
Northeastern University College of Professional Studies,https://cps.northeastern.edu/,India,unknown,field operations GIS software,"At CPS, you’ll gain career insights through case studies, real-world consulting projects, and collaboration with employers in your field.",GIS-native field operations software,unknown,unknown,unknown,unknown,unknown,https://cps.northeastern.edu/ | https://cps.northeastern.edu/about-the-college-of-professional-studies/why-cps/ | https://cps.northeastern.edu/latest-news/,,,,Northeastern University College of Professional Studies,India,unknown,unknown,acquired,GIS-native field operations software,field operations GIS software,data visualization; field operations; project tracking; route optimization; collaboration,AEC / infrastructure; energy / utilities; logistics / mobility; defense / intelligence,SaaS; desktop; services,government; enterprise,project manager; data analyst,Global,unknown,services,unknown,unknown,Services and project fees,"collaborative, AI-native field operations GIS software",Matidor; Atlas.co; Esri,Partner ecosystem,partner-led,Partner-oriented GTM into government; enterprise accounts for field operations GIS software.,unknown,unknown,unknown,unknown,unknown,Latest News | Northeastern University College of Professional Studies,2026-04-17,API integrations,AI / machine learning; real-time collaboration,"Direct or partial competitor on geospatial analysis workflows, map outputs, and cross-source insight delivery.","Could use Brooksie to accelerate proposal scoping, multi-source analysis, and client-ready maps and reports.","Brooksie could use this company as an implementation, data-collection, or channel partner."
NRCan Science,https://nrcan.gc.ca/,Canada,unknown,location data API,Resources Canada Natural Resources Canada Corporate Terms and Conditions Privacy Notice The Government of Canada and Natural Resources Canada are committed to providing websites that...,Location data and geocoding API,unknown,unknown,unknown,unknown,unknown,https://ca.linkedin.com/showcase/nrcanscience/ | https://natural-resources.canada.ca/corporate/terms-conditions | https://nrcan.gc.ca/,https://ca.linkedin.com/showcase/nrcanscience/,5169,,NRCan Science,Canada,unknown,unknown,active,Location data and geocoding API,location data API,reporting,government; AEC / infrastructure; environmental services; logistics / mobility; insurance,API; SaaS; mobile; services,consumer; government; enterprise,planner,Canada,unknown,services,unknown,unknown,Services and project fees,location data API,Mapbox; Foursquare; Geocode.XYZ; Placekey,unknown,direct,Direct website-led GTM into consumer; government; enterprise users for location data API.,unknown,5169,unknown,unknown,unknown,unknown,2026-04-17,unknown,unknown,Indirect competitor at most; this is closer to an input or data layer than Brooksie's planning-and-execution workspace.,Could use Brooksie internally to turn ad hoc geospatial questions into repeatable analysis workflows and reports.,"Brooksie could use this as a data source, imagery supplier, or API integration inside geospatial workflows."
NYC Dept. of Information Technology & Telecommunications,https://www1.nyc.gov/,United States,unknown,geospatial data provider,The NYC Department of Information Technology & Telecommunications is now the NYC Office of Technology and Innovation. This page has moved. Please update your bookmark...,Geospatial data and imagery service,unknown,unknown,unknown,unknown,yes,https://www.nyc.gov:443/site/doitt/index.page | https://www.nyc.gov:443/main/about-our-content | https://www1.nyc.gov/,,,,NYC Dept. of Information Technology & Telecommunications,United States,unknown,unknown,active,Geospatial data and imagery service,geospatial data provider,unknown,government; telecom; defense / intelligence,services,government; SMB,remote sensing analyst,United States,unknown,services,unknown,unknown,Services and project fees,AI-native geospatial data provider,Mapbox; Foursquare; Planet; HERE,unknown,direct,Direct website-led GTM into government; SMB users for geospatial data provider.,unknown,unknown,unknown,unknown,unknown,unknown,2026-04-17,satellite imagery,AI / machine learning,Indirect competitor at most; this is closer to an input or data layer than Brooksie's planning-and-execution workspace.,Could use Brooksie internally to turn ad hoc geospatial questions into repeatable analysis workflows and reports.,"Brooksie could use this as a data source, imagery supplier, or API integration inside geospatial workflows."
Oak Ridge National Laboratory,https://ornl.gov/,United States,unknown,location data API,"The Genesis Mission is a Department of Energy initiative led by its 17 national laboratories to accelerate discovery, strengthen national security, and advance energy innovation...",Location data and geocoding API,yes,unknown,yes,unknown,unknown,https://www.ornl.gov/ | https://www.ornl.gov/genesis | https://www.ornl.gov/news/scientists-empower-ai-foundation-model-accelerate-plant-research | https://www.ornl.gov/news | https://ornl.gov/,,,,Oak Ridge National Laboratory,United States,unknown,2010,acquired,Location data and geocoding API,location data API,data visualization; drone mapping; collaboration,government; AEC / infrastructure; energy / utilities; environmental services; agriculture,API; SaaS; mobile,consumer; government; SMB; enterprise,planner; developer; drone operator; data analyst,Global,unknown,license,unknown,unknown,Software licensing,"collaborative, AI-native, real-time location data API",Mapbox; Foursquare; Geocode.XYZ; Placekey,Partner ecosystem,partner-led,Partner-oriented GTM into consumer; government; SMB; enterprise accounts for location data API.,unknown,unknown,unknown,unknown,unknown,News Desk | ORNL,2026-04-17,drone imagery; location / POI data; API integrations; weather / climate data,AI / machine learning; cloud platform; real-time collaboration,Indirect competitor at most; this is closer to an input or data layer than Brooksie's planning-and-execution workspace.,Could use Brooksie internally to turn ad hoc geospatial questions into repeatable analysis workflows and reports.,"Brooksie could use this as a data source, imagery supplier, or API integration inside geospatial workflows."
OASIS,https://oasis-open.org/,,unknown,location data API,"OASIS Open is where individuals, organizations, and governments come together to solve some of the world’s biggest technical challenges through the development of open code...",Location data and geocoding API,unknown,unknown,unknown,unknown,unknown,https://www.oasis-open.org/ | https://www.oasis-open.org/org/ | https://www.oasis-open.org/news/ | https://oasis-open.org/,,,,OASIS,unknown,unknown,1996,active,Location data and geocoding API,location data API,data visualization; reporting; collaboration,government; AEC / infrastructure; energy / utilities; environmental services; logistics / mobility,API; SaaS; services,government; enterprise,planner; developer; data analyst,Global,unknown,subscription,unknown,unknown,SaaS subscriptions,"collaborative, AI-native, open-source location data API",Mapbox; Foursquare; Geocode.XYZ; Placekey,Planet,open source + paid,Developer-led adoption with open-source distribution and paid/commercial upsell.,unknown,unknown,unknown,unknown,unknown,News from OASIS Open and our communities - OASIS Open,2026-04-17,location / POI data; API integrations,AI / machine learning; open source; cloud platform,Indirect competitor at most; this is closer to an input or data layer than Brooksie's planning-and-execution workspace.,Could use Brooksie internally to turn ad hoc geospatial questions into repeatable analysis workflows and reports.,"Brooksie could use this as a data source, imagery supplier, or API integration inside geospatial workflows."
OCEANDEEP CHILE,https://oceandeep.cl/,Chile,unknown,location data API,"S 2024-02-21T14:31:47-03:00 EXPLORANDO OCÉANOS Ponemos a disposición de nuestros clientes innovación, tecnología y equipamiento, ofreciendo una amplia gama de servicios especializados para la industria de...",Location data and geocoding API,unknown,unknown,unknown,unknown,unknown,https://www.linkedin.com/company/oceandeep-chile/ | https://oceandeep.cl/,https://www.linkedin.com/company/oceandeep-chile/,2018,,OCEANDEEP CHILE,Chile,unknown,unknown,active,Location data and geocoding API,location data API,unknown,unknown,API; mobile,enterprise,unknown,unknown,unknown,unknown,unknown,unknown,unknown,location data API,Mapbox; Foursquare; Geocode.XYZ; Placekey,unknown,direct,Direct website-led GTM into enterprise users for location data API.,unknown,2018,unknown,unknown,unknown,unknown,2026-04-17,location / POI data,unknown,Indirect competitor at most; this is closer to an input or data layer than Brooksie's planning-and-execution workspace.,Could use Brooksie internally to turn ad hoc geospatial questions into repeatable analysis workflows and reports.,"Brooksie could use this as a data source, imagery supplier, or API integration inside geospatial workflows."
Open AR Cloud Association,https://openarcloud.org/,,unknown,geospatial company,Open Spatial Computing Platform,Location data and geocoding API,yes,unknown,unknown,unknown,unknown,https://openarcloud.org/ | https://openarcloud.org/about/,,,,Open AR Cloud Association,unknown,unknown,unknown,acquired,Location data and geocoding API,location data API,reporting; collaboration,government; AEC / infrastructure; energy / utilities; environmental services,API; SaaS; services,consumer; government; enterprise,GIS analyst; planner; developer,Europe,unknown,services,unknown,unknown,Services and project fees,"collaborative, open-source location data API",Mapbox; Foursquare; Geocode.XYZ; Placekey,Partner ecosystem,open source + paid,Developer-led adoption with open-source distribution and paid/commercial upsell.,unknown,unknown,unknown,unknown,unknown,unknown,2026-04-17,GIS data; location / POI data; API integrations,API-first; open source; cloud platform; real-time collaboration,Indirect competitor at most; this is closer to an input or data layer than Brooksie's planning-and-execution workspace.,Could use Brooksie internally to turn ad hoc geospatial questions into repeatable analysis workflows and reports.,"Brooksie could use this as a data source, imagery supplier, or API integration inside geospatial workflows."
Optris,https://optris.com/,,Berlin,location data API,"Optris Optris: Industrial Infrared Sensors & IR Cameras Discover Optris' range of affordable infrared sensors, IR cameras, accessories and software for accurate temperature measurement",Location data and geocoding API,unknown,unknown,unknown,unknown,unknown,https://www.linkedin.com/company/optris/ | https://optris.com/ | https://optris.com/company/about-us/ | https://optris.com/application/fire-detection-safety/tackling-fire-risks-and-quality-issues-in-industrial-wood-planer-machines/ | https://optris.com/press/,https://www.linkedin.com/company/optris/,5870,,Optris,unknown,Berlin,unknown,active,Location data and geocoding API,location data API,map creation; data visualization; field operations; collaboration,AEC / infrastructure; energy / utilities; environmental services; defense / intelligence; travel / tourism,API; SaaS; mobile,consumer; government; enterprise,planner; developer,Global,unknown,usage-based,yes,Free,Usage-based platform or API fees,real-time location data API,Mapbox; Foursquare; Geocode.XYZ; Placekey,Partner ecosystem,partner-led,Partner-oriented GTM into consumer; government; enterprise accounts for location data API.,unknown,5870,unknown,unknown,unknown,Optris News & Media Area,2026-04-17,location / POI data; API integrations,API-first; real-time collaboration,Indirect competitor at most; this is closer to an input or data layer than Brooksie's planning-and-execution workspace.,Could use Brooksie internally to turn ad hoc geospatial questions into repeatable analysis workflows and reports.,"Brooksie could use this as a data source, imagery supplier, or API integration inside geospatial workflows."
Penn State,https://psu.edu/,United States,unknown,geospatial intelligence / USGIF member,Current organizational member listed by USGIF.,"Geospatial intelligence, remote sensing, geospatial software, or related services",yes,yes,unknown,unknown,yes,https://usgif.org/current-organizational-members/ | https://www.psu.edu:443/ | https://www.psu.edu:443/about | https://www.psu.edu:443/news/research/story/plant-scientists-receive-196m-nih-grant-study-plant-bacteria-partnerships | https://www.psu.edu/news | https://psu.edu/,,,,Penn State,United States,unknown,unknown,active,"Geospatial intelligence, remote sensing, geospatial software, or related services",location data API,collaboration,government; AEC / infrastructure; energy / utilities; environmental services; agriculture,API; SaaS; services,consumer; government; enterprise,remote sensing analyst,Global,unknown,subscription,yes,$1.96,SaaS subscriptions,"collaborative, AI-native location data API",Mapbox; Foursquare; Geocode.XYZ; Placekey,Partner ecosystem,partner-led,Partner-oriented GTM into consumer; government; enterprise accounts for location data API.,unknown,unknown,unknown,unknown,unknown,News | Penn State University,2026-04-17,location / POI data,AI / machine learning; real-time collaboration,Indirect competitor at most; this is closer to an input or data layer than Brooksie's planning-and-execution workspace.,Could use Brooksie internally to turn ad hoc geospatial questions into repeatable analysis workflows and reports.,"Brooksie could use this as a data source, imagery supplier, or API integration inside geospatial workflows."
Penn State Applied Research Lab,https://arl.psu.edu/,,unknown,location data API,"Technologies (IMAST) Careers Contact Us Engineering Discovery The Applied Research Laboratory at Penn State Conducting essential research, development, and systems engineering in support of our...",Location data and geocoding API,unknown,unknown,unknown,unknown,yes,https://www.arl.psu.edu/ | https://www.arl.psu.edu/about/ | https://www.arl.psu.edu/offices/eo/ | https://arl.psu.edu/,,,,Penn State Applied Research Lab,unknown,unknown,1945,acquired,Location data and geocoding API,location data API,field operations; route optimization; satellite imagery analysis; reporting; collaboration,government; AEC / infrastructure; energy / utilities; environmental services; logistics / mobility,API; SaaS; services,government; enterprise,developer; data analyst,unknown,unknown,subscription,unknown,unknown,SaaS subscriptions,collaborative location data API,Mapbox; Foursquare; Geocode.XYZ; Placekey,Partner ecosystem,partner-led,Partner-oriented GTM into government; enterprise accounts for location data API.,unknown,unknown,unknown,unknown,unknown,unknown,2026-04-17,satellite imagery; location / POI data,AI / machine learning; real-time collaboration,Indirect competitor at most; this is closer to an input or data layer than Brooksie's planning-and-execution workspace.,Could use Brooksie internally to turn ad hoc geospatial questions into repeatable analysis workflows and reports.,"Brooksie could use this as a data source, imagery supplier, or API integration inside geospatial workflows."
Peregrine Land Investments,https://peregrineland.com/,,Austin,location data API,Menu About Portfolio Contact Investor Portal Investing in the Transformation of Land Quantitative Real Estate Investment Manager Peregrine Land Investments is a pre-development land investment...,Location data and geocoding API,unknown,unknown,unknown,unknown,unknown,https://www.linkedin.com/company/peregrine-land/ | https://www.peregrineland.com/ | https://www.peregrineland.com/about | https://peregrineland.com/,https://www.linkedin.com/company/peregrine-land/,561,,Peregrine Land Investments,unknown,Austin,unknown,active,Location data and geocoding API,location data API,site selection; collaboration,AEC / infrastructure; logistics / mobility; real estate,API,enterprise,developer,unknown,unknown,unknown,unknown,unknown,unknown,"collaborative, AI-native location data API",Mapbox; Foursquare; Geocode.XYZ; Placekey,Partner ecosystem,partner-led,Partner-oriented GTM into enterprise accounts for location data API.,unknown,561,unknown,unknown,unknown,unknown,2026-04-17,location / POI data,AI / machine learning; API-first; real-time collaboration,Indirect competitor at most; this is closer to an input or data layer than Brooksie's planning-and-execution workspace.,Could use Brooksie internally to turn ad hoc geospatial questions into repeatable analysis workflows and reports.,"Brooksie could use this as a data source, imagery supplier, or API integration inside geospatial workflows."
Pharos Platforms Inc.,https://pharossoftware.com/,,unknown,location data API,Pharos Platforms Inc. PharosSoftware.com is for sale | HugeDomains Providing a surprisingly human shopping experience,Location data and geocoding API,unknown,unknown,unknown,unknown,unknown,https://www.linkedin.com/company/pharosplatforms/ | https://www.hugedomains.com/domain_profile.cfm?d=pharossoftware.com | https://www.hugedomains.com/about.cfm | https://www.hugedomains.com/payment-plans.cfm?d=PharosSoftware.com | https://www.hugedomains.com/case-studies.cfm | https://pharossoftware.com/,https://www.linkedin.com/company/pharosplatforms/,671,,Pharos Platforms Inc.,unknown,unknown,2005,acquired,Location data and geocoding API,location data API,unknown,logistics / mobility,API; SaaS; services,SMB; enterprise,data analyst,Global,unknown,subscription,unknown,unknown,SaaS subscriptions,location data API,Mapbox; Foursquare; Geocode.XYZ; Placekey,Partner ecosystem,partner-led,Partner-oriented GTM into SMB; enterprise accounts for location data API.,unknown,671,unknown,unknown,unknown,unknown,2026-04-17,unknown,unknown,Indirect competitor at most; this is closer to an input or data layer than Brooksie's planning-and-execution workspace.,Could use Brooksie internally to turn ad hoc geospatial questions into repeatable analysis workflows and reports.,"Brooksie could use this as a data source, imagery supplier, or API integration inside geospatial workflows."
Pin Drop,https://pindrop.com/,United States,unknown,location data API,"Contact Centers & Virtual Meetings Pindrop offers advanced enterprise security, including deepfake defense for contact centers and virtual meeting platforms, helping to preserve customer trust...",Location data and geocoding API,unknown,unknown,unknown,unknown,unknown,https://www.linkedin.com/company/pindrop/ | https://www.pindrop.com/ | https://www.pindrop.com/company/ | https://www.pindrop.com/solution/multifactor-authentication/ | https://www.pindrop.com/company/newsroom/ | https://pindrop.com/,https://www.linkedin.com/company/pindrop/,42,,Pin Drop,United States,unknown,unknown,acquired,Location data and geocoding API,location data API,data visualization; field operations; reporting; collaboration,energy / utilities; agriculture; retail / commerce; defense / intelligence; insurance,API; SaaS; services,government; enterprise,developer; data analyst,Global,unknown,services,unknown,unknown,Services and project fees,"collaborative, AI-native, real-time location data API",Mapbox; Foursquare; Geocode.XYZ; Placekey,Partner ecosystem,partner-led,Partner-oriented GTM into government; enterprise accounts for location data API.,unknown,42,Seed funding sparks innovation Secured $1M,unknown,unknown,Newsroom | Pindrop,2026-04-17,API integrations,AI / machine learning; cloud platform; real-time collaboration,Indirect competitor at most; this is closer to an input or data layer than Brooksie's planning-and-execution workspace.,Could use Brooksie internally to turn ad hoc geospatial questions into repeatable analysis workflows and reports.,"Brooksie could use this as a data source, imagery supplier, or API integration inside geospatial workflows."
Plotlogic,https://plotlogic.com/,,unknown,location data API,"Combining cutting-edge sensors and AI, Plotlogic delivers clarity where it matters most.",Location data and geocoding API,unknown,unknown,unknown,unknown,unknown,https://plotlogic.com/ | https://plotlogic.com/about/,,,,Plotlogic,unknown,unknown,2018,active,Location data and geocoding API,location data API,data visualization; collaboration,energy / utilities; environmental services; defense / intelligence; mining,API; SaaS; mobile,government; enterprise,developer; data analyst,Global,unknown,unknown,unknown,unknown,unknown,"collaborative, AI-native, real-time location data API",Mapbox; Foursquare; Geocode.XYZ; Placekey,unknown,direct,Direct website-led GTM into government; enterprise users for location data API.,unknown,unknown,unknown,unknown,unknown,unknown,2026-04-17,location / POI data; API integrations,AI / machine learning; real-time collaboration,Indirect competitor at most; this is closer to an input or data layer than Brooksie's planning-and-execution workspace.,Could use Brooksie internally to turn ad hoc geospatial questions into repeatable analysis workflows and reports.,"Brooksie could use this as a data source, imagery supplier, or API integration inside geospatial workflows."
Proofpoint,https://www.proofpoint.com/,,unknown,location data API,location data API,Location data and geocoding API,unknown,unknown,unknown,unknown,unknown,https://www.proofpoint.com/,,,,Proofpoint,unknown,unknown,unknown,unknown,Location data and geocoding API,location data API,unknown,unknown,API,enterprise,unknown,unknown,unknown,unknown,unknown,unknown,unknown,location data API,Mapbox; Foursquare; Geocode.XYZ; Placekey,unknown,direct,Direct website-led GTM into enterprise users for location data API.,unknown,unknown,unknown,unknown,unknown,unknown,2026-04-17,location / POI data,unknown,Indirect competitor at most; this is closer to an input or data layer than Brooksie's planning-and-execution workspace.,Could use Brooksie internally to turn ad hoc geospatial questions into repeatable analysis workflows and reports.,"Brooksie could use this as a data source, imagery supplier, or API integration inside geospatial workflows."
Puro.earth,https://puro.earth/,Finland,unknown,location data API,Puro.earth Puro.earth - carbon removal standard and registry Puro.earth certifies carbon removal suppliers based on the Puro Standard,Location data and geocoding API,unknown,unknown,unknown,unknown,unknown,https://www.linkedin.com/company/puro-earth/ | https://puro.earth/ | https://puro.earth/about,https://www.linkedin.com/company/puro-earth/,30438,,Puro.earth,Finland,unknown,2004,active,Location data and geocoding API,location data API,data visualization; field operations; reporting,government; AEC / infrastructure; energy / utilities; environmental services; retail / commerce,API; SaaS; services,government; SMB; enterprise,planner; developer; data analyst,Global,unknown,subscription,unknown,unknown,SaaS subscriptions,collaborative location data API,Mapbox; Foursquare; Geocode.XYZ; Placekey,Partner ecosystem,marketplace,Marketplace-led distribution for location data API.,unknown,30438,unknown,unknown,unknown,unknown,2026-04-17,location / POI data; API integrations; weather / climate data,API-first,Indirect competitor at most; this is closer to an input or data layer than Brooksie's planning-and-execution workspace.,"Could use Brooksie to accelerate proposal scoping, multi-source analysis, and client-ready maps and reports.","Brooksie could use this as a data source, imagery supplier, or API integration inside geospatial workflows."
Radiance Technologies,https://radiancetech.com/,United States,unknown,location data API,We provide innovative solutions to our customers' greatest challenges. Our customers operate in an environment where adversaries are constantly evolving and rapidly advancing. Radiance solutions...,Location data and geocoding API,unknown,unknown,unknown,unknown,unknown,https://www.radiancetech.com/ | https://www.radiancetech.com/who-we-are/ | https://www.radiancetech.com/news/ | https://radiancetech.com/,,,,Radiance Technologies,United States,unknown,unknown,acquired,Location data and geocoding API,location data API,field operations; collaboration,AEC / infrastructure; energy / utilities; environmental services; defense / intelligence,API; SaaS; services,government; SMB; enterprise,developer; data analyst,Global,unknown,services,unknown,unknown,Services and project fees,"collaborative, AI-native location data API",Mapbox; Foursquare; Geocode.XYZ; Placekey,Partner ecosystem,partner-led,Partner-oriented GTM into government; SMB; enterprise accounts for location data API.,unknown,unknown,unknown,unknown,unknown,News - Radiance Technologies,2026-04-17,API integrations,AI / machine learning; API-first,Indirect competitor at most; this is closer to an input or data layer than Brooksie's planning-and-execution workspace.,Could use Brooksie internally to turn ad hoc geospatial questions into repeatable analysis workflows and reports.,"Brooksie could use this as a data source, imagery supplier, or API integration inside geospatial workflows."
Recorded Future,https://recordedfuture.com/,,unknown,location data API,"Get real-time, actionable cyber threat intelligence with Recorded Future. Mitigate cyber risks, prioritize threats, and proactively secure your business.",Location data and geocoding API,unknown,unknown,unknown,unknown,unknown,https://www.recordedfuture.com/ | https://www.recordedfuture.com/teams/cyber-threat-intelligence | https://www.recordedfuture.com/fragments/case-study-quotes | https://www.recordedfuture.com/blog | https://recordedfuture.com/,,,,Recorded Future,unknown,unknown,unknown,active,Location data and geocoding API,location data API,map creation; data visualization; project tracking; reporting; collaboration,government; AEC / infrastructure; energy / utilities; defense / intelligence; mining,API; SaaS,government; enterprise,planner; developer; project manager; data analyst,Global,unknown,subscription,unknown,unknown,SaaS subscriptions,"AI-native, real-time location data API",Mapbox; Foursquare; Geocode.XYZ; Placekey,Partner ecosystem,partner-led,Partner-oriented GTM into government; enterprise accounts for location data API.,unknown,unknown,unknown,unknown,unknown,unknown,2026-04-17,location / POI data; API integrations,AI / machine learning; cloud platform; real-time collaboration,Indirect competitor at most; this is closer to an input or data layer than Brooksie's planning-and-execution workspace.,Could use Brooksie internally to turn ad hoc geospatial questions into repeatable analysis workflows and reports.,"Brooksie could use this as a data source, imagery supplier, or API integration inside geospatial workflows."
Redhat,https://redhat.com/,Japan,unknown,location data API,"Red Hat is the world’s leading provider of enterprise open source solutions, including high-performing Linux, cloud, container, and Kubernetes technologies.",Location data and geocoding API,unknown,unknown,unknown,unknown,unknown,https://www.redhat.com/en | https://www.redhat.com/en/artificial-intelligence/inference | https://www.redhat.com/en/services/training/learning-subscription | https://www.redhat.com/en/keep-your-options-open?intcmp=RHCTG0260000475580 | https://www.redhat.com/en/blog/channel/artificial-intelligence | https://redhat.com/,,,,Redhat,Japan,unknown,unknown,active,Location data and geocoding API,location data API,reporting; collaboration,government; AEC / infrastructure; energy / utilities; environmental services; logistics / mobility,API; SaaS; services; on-prem,consumer; government; enterprise,planner; developer; project manager,Global,unknown,subscription,no,Contact sales,SaaS subscriptions,"collaborative, AI-native, open-source, real-time location data API",Mapbox; Foursquare; Geocode.XYZ; Placekey,Partner ecosystem,open source + paid,Developer-led adoption with open-source distribution and paid/commercial upsell.,unknown,unknown,unknown,unknown,unknown,Artificial intelligence (AI),2026-04-17,location / POI data; API integrations,AI / machine learning; API-first; open source; cloud platform; real-time collaboration,Indirect competitor at most; this is closer to an input or data layer than Brooksie's planning-and-execution workspace.,"Could use Brooksie to accelerate proposal scoping, multi-source analysis, and client-ready maps and reports.","Brooksie could use this as a data source, imagery supplier, or API integration inside geospatial workflows."
Resource Information Association Inc dba Pontem Software,https://pontem.com/,,unknown,location data API,We honor the past by building innovative bridges to the future,Location data and geocoding API,yes,unknown,unknown,unknown,unknown,https://pontem.com/ | http://pontem.com/,,,,Resource Information Association Inc dba Pontem Software,unknown,unknown,unknown,active,Location data and geocoding API,location data API,reporting; collaboration,government; real estate,API; SaaS; services,government,GIS analyst,unknown,unknown,services,unknown,unknown,Services and project fees,real-time location data API,Mapbox; Foursquare; Geocode.XYZ; Placekey,Partner ecosystem,partner-led,Partner-oriented GTM into government accounts for location data API.,unknown,unknown,unknown,unknown,unknown,unknown,2026-04-17,GIS data; API integrations,real-time collaboration,Indirect competitor at most; this is closer to an input or data layer than Brooksie's planning-and-execution workspace.,Could use Brooksie internally to turn ad hoc geospatial questions into repeatable analysis workflows and reports.,"Brooksie could use this as a data source, imagery supplier, or API integration inside geospatial workflows."
Risilience,https://risilience.com/,United Kingdom,unknown,location data API,"The Risilience-powered platform, Riise , delivers financially-quantified analytics to turn risk into business opportunity.",Location data and geocoding API,unknown,unknown,unknown,unknown,unknown,https://risilience.com/ | https://risilience.com/company/about-us/ | https://risilience.com/solutions/corporates/ | https://risilience.com/resources/blogs/,,,,Risilience,United Kingdom,unknown,unknown,active,Location data and geocoding API,location data API,data visualization; field operations; reporting; collaboration,energy / utilities; environmental services; retail / commerce; defense / intelligence,API; SaaS; mobile; services,government; enterprise,planner; developer; data analyst,Global,unknown,subscription,unknown,unknown,SaaS subscriptions,collaborative location data API,Mapbox; Foursquare; Geocode.XYZ; Placekey,Partner ecosystem,partner-led,Partner-oriented GTM into government; enterprise accounts for location data API.,unknown,unknown,unknown,unknown,unknown,Blogs Archives - Risilience,2026-04-17,location / POI data; API integrations; weather / climate data,unknown,Indirect competitor at most; this is closer to an input or data layer than Brooksie's planning-and-execution workspace.,Could use Brooksie internally to turn ad hoc geospatial questions into repeatable analysis workflows and reports.,"Brooksie could use this as a data source, imagery supplier, or API integration inside geospatial workflows."
RWTH Aachen University,https://rwth-aachen.de/,Germany,unknown,location data API,"Die RWTH Aachen ist ein Ort, an dem die Zukunft unserer industrialisierten Welt gedacht wird",Location data and geocoding API,yes,unknown,unknown,unknown,unknown,https://www.rwth-aachen.de/cms/~a/root/?lidx=1 | https://www.rwth-aachen.de/cms/root/~eex/wir/lidx/1/ | https://www.rwth-aachen.de/cms/root/Die-RWTH/~emo/Aktuell/?lidx=1 | https://rwth-aachen.de/,,,,RWTH Aachen University,Germany,unknown,unknown,acquired,Location data and geocoding API,location data API,data visualization; route optimization; reporting; collaboration,government; AEC / infrastructure; energy / utilities; environmental services; real estate,API; SaaS; mobile; services,consumer; government; SMB; enterprise,planner; developer; data analyst,Global,unknown,subscription,unknown,unknown,SaaS subscriptions,"collaborative, AI-native location data API",Mapbox; Foursquare; Geocode.XYZ; Placekey,Partner ecosystem,partner-led,Partner-oriented GTM into consumer; government; SMB; enterprise accounts for location data API.,unknown,unknown,unknown,unknown,unknown,News | RWTH Aachen University | EN,2026-04-17,weather / climate data,AI / machine learning; real-time collaboration,Indirect competitor at most; this is closer to an input or data layer than Brooksie's planning-and-execution workspace.,"Could use Brooksie to accelerate proposal scoping, multi-source analysis, and client-ready maps and reports.","Brooksie could use this as a data source, imagery supplier, or API integration inside geospatial workflows."
SafeSight,https://safesightsafety.com/,,unknown,location data API,"Contact Book demo DE NL Group Better, more efficient and safer collaboration By creating the most practical and user-friendly platform available, we enable organizations to...",Location data and geocoding API,unknown,unknown,unknown,unknown,unknown,https://www.linkedin.com/company/safesight/ | https://safesightsafety.com/ | https://safesightsafety.com/our-story/ | https://safesightsafety.com/clients/,https://www.linkedin.com/company/safesight/,2897,,SafeSight,unknown,unknown,unknown,active,Location data and geocoding API,location data API,data visualization; reporting; collaboration,government; AEC / infrastructure; energy / utilities; environmental services,API; SaaS; mobile; services,government; enterprise,data analyst,Europe,unknown,services,unknown,unknown,Services and project fees,"collaborative, real-time location data API",Mapbox; Foursquare; Geocode.XYZ; Placekey,Partner ecosystem,partner-led,Partner-oriented GTM into government; enterprise accounts for location data API.,unknown,2897,unknown,unknown,unknown,unknown,2026-04-17,location / POI data; weather / climate data,cloud platform; real-time collaboration,Indirect competitor at most; this is closer to an input or data layer than Brooksie's planning-and-execution workspace.,"Could use Brooksie to accelerate proposal scoping, multi-source analysis, and client-ready maps and reports.","Brooksie could use this as a data source, imagery supplier, or API integration inside geospatial workflows."
Saint Louis University,https://slu.edu/,United States,unknown,location data API,"Registrar Popular Quick Links Degrees and Programs With nearly 100 undergraduate, 140 graduate programs and many more minors, concentrations and certificates, Saint Louis University offers...",Location data and geocoding API,yes,unknown,yes,unknown,unknown,https://www.slu.edu/ | https://www.slu.edu/about/st-louis/tours/index.php | https://www.slu.edu/admission/visit/index.php | https://www.slu.edu/news/2026/april/commencement-speaker-announcement.php | https://slu.edu/,,,,Saint Louis University,United States,unknown,2002,acquired,Location data and geocoding API,location data API,data visualization; project tracking; drone mapping,government; AEC / infrastructure; energy / utilities; agriculture; retail / commerce,API; desktop; mobile; services,government; enterprise,planner; developer; drone operator; data analyst,Global,unknown,usage-based,unknown,unknown,Usage-based platform or API fees,location data API,Mapbox; Foursquare; Geocode.XYZ; Placekey,Partner ecosystem,partner-led,Partner-oriented GTM into government; enterprise accounts for location data API.,unknown,unknown,unknown,unknown,unknown,‘Superman’ Director and Saint Louis University Alum James Gunn to Deliver 2026...,2026-04-17,drone imagery; location / POI data,unknown,Indirect competitor at most; this is closer to an input or data layer than Brooksie's planning-and-execution workspace.,Could use Brooksie internally to turn ad hoc geospatial questions into repeatable analysis workflows and reports.,"Brooksie could use this as a data source, imagery supplier, or API integration inside geospatial workflows."
Sandia National Labs,https://sandia.gov/,Mexico,unknown,consumer mapping app,"Exceptional service in the national interest Our unique responsibilities in the nuclear weapons program create a foundation from which we leverage capabilities, enabling us to...",Consumer mapping application,unknown,unknown,yes,unknown,unknown,https://www.sandia.gov/ | https://www.sandia.gov/about/ | https://www.sandia.gov/news/ | https://sandia.gov/,,,,Sandia National Labs,Mexico,unknown,unknown,acquired,Consumer mapping application,consumer mapping app,reporting; collaboration,government; AEC / infrastructure; energy / utilities; environmental services; logistics / mobility,unknown,consumer; government; enterprise,developer,Global,unknown,subscription,unknown,unknown,SaaS subscriptions,"collaborative, AI-native consumer mapping app",Google Maps; Mapbox; Foursquare,Partner ecosystem,partner-led,Partner-oriented GTM into consumer; government; enterprise accounts for consumer mapping app.,unknown,unknown,unknown,unknown,unknown,News – Sandia National Laboratories,2026-04-17,drone imagery,AI / machine learning; real-time collaboration,Low direct competition; limited overlap with Brooksie's enterprise geospatial research and execution workflows.,"Low fit as a core customer; possible internal use for market, place, or operations research.",Limited fit; no obvious core dependency beyond niche integration or inspiration.
Sapiens,https://sapiens.com/,,Sapiens Insurance Platform A future-proof,location data API,Sapiens Intelligent Insurance Technology Software Solutions | Sapiens false Intelligent Insurance Technology Software Solutions | Sapiens Skip to content This page does not exist in...,Location data and geocoding API,unknown,unknown,unknown,unknown,unknown,https://www.linkedin.com/company/sapiens/ | https://sapiens.com/ | https://sapiens.com/about/ | https://sapiens.com/customers/ | https://sapiens.com/resource/blog/,https://www.linkedin.com/company/sapiens/,168,,Sapiens,unknown,Sapiens Insurance Platform A future-proof,unknown,acquired,Location data and geocoding API,location data API,data visualization; field operations,energy / utilities; real estate; defense / intelligence; insurance,API; SaaS; mobile; services,consumer; government; enterprise,developer; data analyst,Global,unknown,services,unknown,unknown,Services and project fees,"browser-based, AI-native location data API",Mapbox; Foursquare; Geocode.XYZ; Placekey,Partner ecosystem,marketplace,Marketplace-led distribution for location data API.,unknown,168,unknown,unknown,unknown,Insurance Blog - Insights on Digital Insurance Transformation | Sapiens,2026-04-17,API integrations,browser-based; AI / machine learning; cloud platform,Indirect competitor at most; this is closer to an input or data layer than Brooksie's planning-and-execution workspace.,Could use Brooksie internally to turn ad hoc geospatial questions into repeatable analysis workflows and reports.,"Brooksie could use this as a data source, imagery supplier, or API integration inside geospatial workflows."
South Dakota State University,https://sdstate.edu/,United States,unknown,geospatial software / GIS,"Learn more about the Department of Geography and Geospatial Sciences at South Dakota State University in Brookings, South Dakota.",Consumer mapping application,yes,yes,yes,unknown,yes,https://www.sdstate.edu/geography-geospatial-sciences | https://www.sdstate.edu/about-us/buildings | https://www.sdstate.edu/admissions/plan-your-visit | https://sdstate.edu/,,,,South Dakota State University,United States,unknown,unknown,active,Consumer mapping application,consumer mapping app,route optimization; satellite imagery analysis; drone mapping; surveying; collaboration,government; AEC / infrastructure; environmental services; retail / commerce; defense / intelligence,API; SaaS; desktop; services,consumer; government,GIS analyst; planner; developer; surveyor; drone operator,Global,unknown,subscription,unknown,unknown,SaaS subscriptions,"collaborative, AI-native consumer mapping app",Google Maps; Mapbox; Foursquare,Partner ecosystem,partner-led,Partner-oriented GTM into consumer; government accounts for consumer mapping app.,unknown,unknown,unknown,unknown,unknown,unknown,2026-04-17,GIS data; satellite imagery; drone imagery; location / POI data; API integrations; weather / climate data,AI / machine learning,Low direct competition; limited overlap with Brooksie's enterprise geospatial research and execution workflows.,"Low fit as a core customer; possible internal use for market, place, or operations research.","Brooksie could use this as a data source, imagery supplier, or API integration inside geospatial workflows."
Southern Illinois University Edwardsville,https://siue.edu/,,unknown,location data API,"SIUE is a nationally recognized university that provides students with a high-quality, affordable education that prepares them for successful careers and lives of purpose to...",Location data and geocoding API,yes,unknown,unknown,unknown,unknown,https://www.siue.edu/ | https://www.siue.edu/about/ | https://www.siue.edu/about/mission-goals-plans/index.shtml | https://www.siue.edu/news/index.shtml | https://siue.edu/,,,,Southern Illinois University Edwardsville,unknown,unknown,unknown,active,Location data and geocoding API,location data API,collaboration,AEC / infrastructure; energy / utilities; environmental services,API; services,consumer; enterprise,planner; developer,Global,unknown,services,unknown,unknown,Services and project fees,collaborative location data API,Mapbox; Foursquare; Geocode.XYZ; Placekey,Partner ecosystem,marketplace,Marketplace-led distribution for location data API.,unknown,unknown,unknown,unknown,unknown,News Feature Story | SIUE,2026-04-17,location / POI data; API integrations; weather / climate data,unknown,Indirect competitor at most; this is closer to an input or data layer than Brooksie's planning-and-execution workspace.,Could use Brooksie internally to turn ad hoc geospatial questions into repeatable analysis workflows and reports.,"Brooksie could use this as a data source, imagery supplier, or API integration inside geospatial workflows."
Space Dynamics Laboratory – Utah State University,https://sdl.usu.edu/,,unknown,location data API,"Space Dynamics Laboratory – Utah State University Space Dynamics Laboratory SDL has been solving the technical challenges faced by the military, science community, and industry...",Location data and geocoding API,unknown,unknown,unknown,unknown,yes,https://sdl.usu.edu/ | https://www.sdl.usu.edu/company/about/ | https://sdl.usu.edu/media-events/news/,,,,Space Dynamics Laboratory – Utah State University,unknown,unknown,1959,active,Location data and geocoding API,location data API,satellite imagery analysis,government; AEC / infrastructure; energy / utilities; environmental services; defense / intelligence,API; SaaS; desktop; mobile,government; enterprise,developer,unknown,unknown,unknown,unknown,unknown,unknown,collaborative location data API,Mapbox; Foursquare; Geocode.XYZ; Placekey,Partner ecosystem,partner-led,Partner-oriented GTM into government; enterprise accounts for location data API.,unknown,unknown,unknown,unknown,unknown,News â Space Dynamics Laboratory,2026-04-17,satellite imagery; location / POI data; API integrations; weather / climate data,unknown,Indirect competitor at most; this is closer to an input or data layer than Brooksie's planning-and-execution workspace.,Could use Brooksie internally to turn ad hoc geospatial questions into repeatable analysis workflows and reports.,"Brooksie could use this as a data source, imagery supplier, or API integration inside geospatial workflows."
Spatial Agency,https://spatialagency.org/,United States,Cedar Falls,GIS / Esri partner,"Spatial Agency helps local governments, historical societies, cultural tourism organizations, and preservation groups leverage GIS to preserve heritage, manage assets, and engage communities. With expertise...","Application Development, Business Case Development, Data Conversion/Migration, Data Model & Database Design, GIS Strategy and Planning, Hosting Services, Implementation, Needs and Requirements, System Architecture and Design, System Integration, Training Services",yes,unknown,yes,yes,unknown,https://www.esri.com/en-us/about/partners/find-partner | https://www.esri.com/partners/spatial-agency-a2TUU000000VRrx2AG | https://www.spatialagency.org/ | https://spatialagency.org/,,,,Spatial Agency,United States,Cedar Falls,unknown,active,GIS and mapping platform,GIS / mapping platform,map creation; geospatial analysis; data visualization; surveying; reporting,government; AEC / infrastructure; energy / utilities; environmental services; travel / tourism,SaaS; services,consumer; government; SMB; enterprise,GIS analyst; planner; project manager; surveyor,unknown,unknown,services,unknown,unknown,Services and project fees,collaborative GIS / mapping platform,Esri; Mapbox; CARTO; Felt; Atlas.co,Esri,partner-led,Partner-oriented GTM into consumer; government; SMB; enterprise accounts for GIS / mapping platform.,unknown,unknown,unknown,unknown,unknown,unknown,2026-04-17,GIS data; drone imagery; LiDAR / point clouds; API integrations,cloud platform; real-time collaboration,"Direct or partial competitor on geospatial analysis workflows, map outputs, and cross-source insight delivery.",Could use Brooksie internally to turn ad hoc geospatial questions into repeatable analysis workflows and reports.,"Brooksie could use this as a data source, imagery supplier, or API integration inside geospatial workflows."
SPIE: The International Society for Optics and Photonics,https://spie.org/,,unknown,consumer mapping app,SPIE: The International Society for Optics and Photonics Request unsuccessful,Consumer mapping application,unknown,unknown,unknown,unknown,unknown,https://www.linkedin.com/company/spie-the-international-society-for-optics-and-photonics/ | https://spie.org/,https://www.linkedin.com/company/spie-the-international-society-for-optics-and-photonics/,236,,SPIE: The International Society for Optics and Photonics,unknown,unknown,unknown,active,Consumer mapping application,consumer mapping app,unknown,unknown,unknown,consumer,unknown,Global,unknown,unknown,unknown,unknown,unknown,consumer mapping app,Google Maps; Mapbox; Foursquare,unknown,direct,Direct website-led GTM into consumer users for consumer mapping app.,unknown,236,unknown,unknown,unknown,unknown,2026-04-17,unknown,unknown,Low direct competition; limited overlap with Brooksie's enterprise geospatial research and execution workflows.,"Low fit as a core customer; possible internal use for market, place, or operations research.",Limited fit; no obvious core dependency beyond niche integration or inspiration.
St. Louis Community College,https://stlcc.edu/,,unknown,location data API,St. Louis Community College STLCC: Affordable Education That Changes Lives St,Location data and geocoding API,unknown,unknown,unknown,unknown,unknown,https://stlcc.edu/ | https://stlcc.edu/about/ | https://stlcc.edu/tuition/payment-plans/ | https://stlcc.edu/insider/,,,,St. Louis Community College,unknown,unknown,1962,active,Location data and geocoding API,location data API,project tracking; route optimization,government; AEC / infrastructure; energy / utilities; environmental services; agriculture,API; SaaS; services,consumer; government; enterprise,planner,unknown,unknown,subscription,yes,$30,SaaS subscriptions,AI-native location data API,Mapbox; Foursquare; Geocode.XYZ; Placekey,unknown,direct,Direct website-led GTM into consumer; government; enterprise users for location data API.,unknown,unknown,unknown,unknown,unknown,STLCC Insider Blog,2026-04-17,location / POI data,AI / machine learning,Indirect competitor at most; this is closer to an input or data layer than Brooksie's planning-and-execution workspace.,Could use Brooksie internally to turn ad hoc geospatial questions into repeatable analysis workflows and reports.,"Brooksie could use this as a data source, imagery supplier, or API integration inside geospatial workflows."
Stripe,https://stripe.com/,United Arab Emirates,unknown,location data API,"Stripe Stripe | Financial Infrastructure to Grow Your Revenue Stripe is a financial services platform that helps all types of businesses accept payments, build flexible...",Location data and geocoding API,unknown,unknown,unknown,unknown,unknown,https://www.linkedin.com/company/stripe/ | https://stripe.com/en-ca | https://stripe.com/en-ca/customers/hertz | https://stripe.com/en-ca/pricing | https://stripe.com/en-ca/customers/freshbooks | https://stripe.com/blog/introducing-our-agentic-commerce-solutions | https://stripe.com/,https://www.linkedin.com/company/stripe/,1364105,,Stripe,United Arab Emirates,unknown,unknown,acquired,Location data and geocoding API,location data API,data visualization; field operations; project tracking; route optimization; reporting,AEC / infrastructure; energy / utilities; environmental services; logistics / mobility; retail / commerce,API; SaaS; mobile; services,consumer; SMB; enterprise,planner; developer; project manager; data analyst,Global,"customers include small business owners and accountants across many industries, such as construction, IT and legal. FreshBooks began using Stripe-hosted...",subscription,yes,$0.30,SaaS subscriptions,"collaborative, AI-native, real-time location data API",Mapbox; Foursquare; Geocode.XYZ; Placekey,Partner ecosystem,open source + paid,Developer-led adoption with open-source distribution and paid/commercial upsell.,unknown,1364105,unknown,unknown,unknown,Introducing our agentic commerce solutions,2026-04-17,location / POI data; private enterprise data; API integrations; weather / climate data,AI / machine learning; API-first; cloud platform; real-time collaboration; no-code / low-code,Indirect competitor at most; this is closer to an input or data layer than Brooksie's planning-and-execution workspace.,"Could use Brooksie to accelerate proposal scoping, multi-source analysis, and client-ready maps and reports.","Brooksie could use this as a data source, imagery supplier, or API integration inside geospatial workflows."
Tacteris,https://tacteris.com/,,unknown,location data API,Tacteris Tacteris - Tacteris | Engineering Software Solutions for the Modern Battlefield Tacteris is a world-leader in engineering cutting-edge software solutions for modern battlefield operations,Location data and geocoding API,unknown,unknown,unknown,unknown,unknown,https://www.linkedin.com/company/tacteris/ | https://www.tacteris.com/ | https://www.tacteris.com/about.html | https://www.tacteris.com/press-room.html | https://tacteris.com/,https://www.linkedin.com/company/tacteris/,528,,Tacteris,unknown,unknown,unknown,active,Location data and geocoding API,location data API,data visualization; field operations; route optimization,government; AEC / infrastructure; energy / utilities; logistics / mobility; defense / intelligence,API; SaaS; mobile,government; enterprise,planner; field operations manager; data analyst,Global,unknown,unknown,unknown,unknown,unknown,AI-native location data API,Mapbox; Foursquare; Geocode.XYZ; Placekey,Partner ecosystem,partner-led,Partner-oriented GTM into government; enterprise accounts for location data API.,unknown,528,unknown,unknown,unknown,Tacteris Press Room | Latest News & Updates - Tacteris,2026-04-17,location / POI data,AI / machine learning,Indirect competitor at most; this is closer to an input or data layer than Brooksie's planning-and-execution workspace.,Could use Brooksie internally to turn ad hoc geospatial questions into repeatable analysis workflows and reports.,"Brooksie could use this as a data source, imagery supplier, or API integration inside geospatial workflows."
TekSynap,https://teksynap.com/,United States,unknown,location data API,"Program News & Media In the News Case Studies Press Releases Missions Defense State, Local, and Education Health Civilian Intelligence Empowering Mission Applications Solving problems...",Location data and geocoding API,unknown,unknown,unknown,unknown,unknown,https://teksynap.com/ | https://teksynap.com/about/ | https://teksynap.com/teksynap-secures-prime-position-on-11-9-billion-j6-enterprise-technology-services-2-0-idiq/ | https://teksynap.com/case-studies/ | https://teksynap.com/careers/life-at-teksynap/newsletter/,,,,TekSynap,United States,unknown,unknown,acquired,Location data and geocoding API,location data API,data visualization; field operations; project tracking; route optimization; reporting,government; AEC / infrastructure; energy / utilities; environmental services; logistics / mobility,API; SaaS; services,consumer; government; SMB; enterprise,planner; developer; project manager; data analyst,Global,unknown,subscription,yes,$11.9,SaaS subscriptions,"collaborative, AI-native, real-time location data API",Mapbox; Foursquare; Geocode.XYZ; Placekey,Partner ecosystem,partner-led,Partner-oriented GTM into consumer; government; SMB; enterprise accounts for location data API.,unknown,unknown,unknown,unknown,unknown,Newsletter - TekSynap,2026-04-17,location / POI data; API integrations,AI / machine learning; cloud platform; real-time collaboration; no-code / low-code,Indirect competitor at most; this is closer to an input or data layer than Brooksie's planning-and-execution workspace.,Could use Brooksie internally to turn ad hoc geospatial questions into repeatable analysis workflows and reports.,"Brooksie could use this as a data source, imagery supplier, or API integration inside geospatial workflows."
Texas A&M: Bush School of Government and Public Service,https://bush.tamu.edu/,United States,unknown,open-source geospatial library,A&M: Bush School of Government and Public Service The Bush School of Government & Public Service • Texas A&M University The Bush School of Government...,Open-source geospatial visualization library,yes,unknown,unknown,unknown,unknown,https://bush.tamu.edu/ | https://bush.tamu.edu/about/ | https://bush.tamu.edu/news/,,,,Texas A&M: Bush School of Government and Public Service,United States,unknown,1997,acquired,Open-source geospatial visualization library,open-source geospatial library,route optimization; reporting; collaboration,government; energy / utilities; environmental services; defense / intelligence,API; services,government; enterprise,developer,Global,unknown,subscription,unknown,unknown,SaaS subscriptions,"collaborative, AI-native open-source geospatial library",kepler.gl; deck.gl; Mapbox,Partner ecosystem,partner-led,Partner-oriented GTM into government; enterprise accounts for open-source geospatial library.,unknown,unknown,unknown,unknown,unknown,Bush School News Archives • The Bush School of Government & Public...,2026-04-17,unknown,AI / machine learning; real-time collaboration,unknown,Could use Brooksie internally to turn ad hoc geospatial questions into repeatable analysis workflows and reports.,"Brooksie could use this for map rendering, visualization, geospatial UI components, or workflow integrations."
Texas A&M University,https://geography.tamu.edu/,,unknown,GIS / mapping platform,"A&M University Geography | Texas A&M University College of Arts and Sciences Geography is the study of the relationships between people and their environment, relationships...",GIS and mapping platform,yes,yes,unknown,unknown,unknown,https://artsci.tamu.edu/geography/index.html | https://artsci.tamu.edu/geography/about/index.html | https://artsci.tamu.edu/news/newsfeed.html?tags=Geography | https://geography.tamu.edu/,,,,Texas A&M University,unknown,unknown,unknown,acquired,GIS and mapping platform,GIS / mapping platform,geospatial analysis,government; AEC / infrastructure; energy / utilities; environmental services; mining,SaaS; services,government; enterprise,GIS analyst; planner; developer; remote sensing analyst,Global,unknown,services,unknown,unknown,Services and project fees,GIS / mapping platform,Esri; Mapbox; CARTO; Felt; Atlas.co,Planet,direct,Direct website-led GTM into government; enterprise users for GIS / mapping platform.,unknown,unknown,unknown,unknown,unknown,News Feed | Texas A&M University College of Arts and Sciences,2026-04-17,GIS data; location / POI data; API integrations; weather / climate data,unknown,"Direct or partial competitor on geospatial analysis workflows, map outputs, and cross-source insight delivery.",Could use Brooksie internally to turn ad hoc geospatial questions into repeatable analysis workflows and reports.,"Brooksie could use this for map rendering, visualization, geospatial UI components, or workflow integrations."
The Danish Agency for Climate Data,https://eng.klimadatastyrelsen.dk/,Denmark,unknown,location data API,The Danish Agency for Climate Data Home Welcome to website of The Agency for Data Supply and Efficiency,Location data and geocoding API,yes,unknown,yes,yes,unknown,https://www.eng.klimadatastyrelsen.dk/ | https://www.eng.klimadatastyrelsen.dk/about-us | https://eng.klimadatastyrelsen.dk/,,,,The Danish Agency for Climate Data,Denmark,unknown,unknown,acquired,Location data and geocoding API,location data API,route optimization; collaboration,government; AEC / infrastructure; energy / utilities; environmental services,API; SaaS; services,government; SMB; enterprise,GIS analyst; planner,Global,unknown,services,unknown,unknown,Services and project fees,collaborative location data API,Mapbox; Foursquare; Geocode.XYZ; Placekey,Partner ecosystem,partner-led,Partner-oriented GTM into government; SMB; enterprise accounts for location data API.,unknown,unknown,unknown,unknown,unknown,unknown,2026-04-17,drone imagery; LiDAR / point clouds; location / POI data; weather / climate data,unknown,Indirect competitor at most; this is closer to an input or data layer than Brooksie's planning-and-execution workspace.,Could use Brooksie internally to turn ad hoc geospatial questions into repeatable analysis workflows and reports.,"Brooksie could use this as a data source, imagery supplier, or API integration inside geospatial workflows."
The Forest Road Company,https://forestroadco.com/,,unknown,location data API,"Forest Road Company Forest Road provides both investing and advisory solutions while actively participating in the markets we invest in, embracing complexity and creativity to...",Location data and geocoding API,unknown,unknown,unknown,unknown,unknown,https://www.linkedin.com/company/the-forest-road-company/ | https://www.forestroadco.com/ | https://www.forestroadco.com/about | https://www.forestroadco.com/news | https://forestroadco.com/,https://www.linkedin.com/company/the-forest-road-company/,3178,,The Forest Road Company,unknown,unknown,unknown,active,Location data and geocoding API,location data API,data visualization,energy / utilities,API; SaaS; mobile,consumer; SMB; enterprise,developer; data analyst,unknown,unknown,unknown,unknown,unknown,unknown,location data API,Mapbox; Foursquare; Geocode.XYZ; Placekey,Partner ecosystem,partner-led,Partner-oriented GTM into consumer; SMB; enterprise accounts for location data API.,unknown,3178,unknown,unknown,unknown,FRC | News,2026-04-17,location / POI data,unknown,Indirect competitor at most; this is closer to an input or data layer than Brooksie's planning-and-execution workspace.,Could use Brooksie internally to turn ad hoc geospatial questions into repeatable analysis workflows and reports.,"Brooksie could use this as a data source, imagery supplier, or API integration inside geospatial workflows."
The HDF Group,https://hdfgroup.org/,Canada,unknown,location data API,HDF data and supporting users of HDF technologies Our non-profit mission is to ensure efficient and equitable access to science and engineering data across platforms...,Location data and geocoding API,unknown,unknown,unknown,unknown,unknown,https://www.hdfgroup.org/ | https://www.hdfgroup.org/about-us/ | https://www.hdfgroup.org/blog/ | https://hdfgroup.org/,,,,The HDF Group,Canada,unknown,unknown,active,Location data and geocoding API,location data API,reporting; collaboration,AEC / infrastructure; environmental services,API; SaaS; services,enterprise,planner; developer,Global,unknown,license,unknown,unknown,Software licensing,"collaborative, AI-native location data API",Mapbox; Foursquare; Geocode.XYZ; Placekey,unknown,open source + paid,Developer-led adoption with open-source distribution and paid/commercial upsell.,unknown,unknown,unknown,unknown,unknown,Blog - The HDF Group - ensuring long-term access and usability of...,2026-04-17,unknown,AI / machine learning; API-first; cloud platform,Indirect competitor at most; this is closer to an input or data layer than Brooksie's planning-and-execution workspace.,"Could use Brooksie to accelerate proposal scoping, multi-source analysis, and client-ready maps and reports.","Brooksie could use this as a data source, imagery supplier, or API integration inside geospatial workflows."
This Old House Ventures,https://thisoldhouse.com/,Bermuda,unknown,location data API,This Old House Ventures Home Improvement and Remodeling - This Old House How-to and DIY expert advice from America's most trusted home improvement brand,Location data and geocoding API,unknown,unknown,unknown,unknown,unknown,https://www.linkedin.com/company/this-old-house-ventures/ | https://www.thisoldhouse.com/ | https://www.thisoldhouse.com/this-old-house/about-this-old-house | https://www.thisoldhouse.com/flooring/cost-to-install-vinyl-plank-flooring | https://www.thisoldhouse.com/pages/newsletters | https://thisoldhouse.com/,https://www.linkedin.com/company/this-old-house-ventures/,6259,,This Old House Ventures,Bermuda,unknown,1979,active,Location data and geocoding API,location data API,route optimization; reporting,government; energy / utilities; agriculture; real estate; retail / commerce,API; SaaS; mobile; services,consumer; government; enterprise,planner; developer; project manager,Global,unknown,services,yes,$400,Services and project fees,location data API,Mapbox; Foursquare; Geocode.XYZ; Placekey,Partner ecosystem,partner-led,Partner-oriented GTM into consumer; government; enterprise accounts for location data API.,unknown,6259,unknown,unknown,unknown,Newsletter - This Old House,2026-04-17,location / POI data,unknown,Indirect competitor at most; this is closer to an input or data layer than Brooksie's planning-and-execution workspace.,Could use Brooksie internally to turn ad hoc geospatial questions into repeatable analysis workflows and reports.,"Brooksie could use this as a data source, imagery supplier, or API integration inside geospatial workflows."
Tilebox,https://tilebox.com.au/,Australia,unknown,location data API,Cladding Mosaic Mural Porcelain Slabs - 6mm thickness Porcelain Slabs - 12mm thickness Tile Care Products Bespoke Gallery Showroom Our Building Projects Special Offers Contact...,Location data and geocoding API,unknown,unknown,unknown,unknown,unknown,https://www.linkedin.com/company/tilebox/ | https://www.tilebox.com.au/ | https://www.tilebox.com.au/blog | https://tilebox.com.au/,https://www.linkedin.com/company/tilebox/,2168,,Tilebox,Australia,unknown,unknown,active,Location data and geocoding API,location data API,unknown,government,API,government,unknown,Australia,unknown,unknown,unknown,unknown,unknown,location data API,Mapbox; Foursquare; Geocode.XYZ; Placekey,unknown,direct,Direct website-led GTM into government users for location data API.,unknown,2168,unknown,unknown,unknown,Blog | tilebox,2026-04-17,location / POI data,unknown,Indirect competitor at most; this is closer to an input or data layer than Brooksie's planning-and-execution workspace.,Could use Brooksie internally to turn ad hoc geospatial questions into repeatable analysis workflows and reports.,"Brooksie could use this as a data source, imagery supplier, or API integration inside geospatial workflows."
"Trafikverket, Swedish Transport Administration",https://trafikverket.se/,Sweden,unknown,location data API,"Trafikverket, Swedish Transport Administration English start - Bransch The Swedish Transport Administration (Trafikverket) is the Government agency responsible for the long-term planning of the transport...",Location data and geocoding API,unknown,unknown,unknown,unknown,unknown,https://bransch.trafikverket.se/en/startpage | https://bransch.trafikverket.se/en/startpage/?expandid=megamenu0 | https://bransch.trafikverket.se/en/startpage/?expandid=megamenu2 | https://bransch.trafikverket.se/en/startpage/about-us/news2/ | https://trafikverket.se/,,,,"Trafikverket, Swedish Transport Administration",Sweden,unknown,unknown,active,Location data and geocoding API,location data API,unknown,government; AEC / infrastructure; logistics / mobility,API,consumer; government; SMB,planner; developer,Global,unknown,unknown,unknown,unknown,unknown,location data API,Mapbox; Foursquare; Geocode.XYZ; Placekey,unknown,direct,Direct website-led GTM into consumer; government; SMB users for location data API.,unknown,unknown,unknown,unknown,unknown,News - Bransch,2026-04-17,API integrations,unknown,Indirect competitor at most; this is closer to an input or data layer than Brooksie's planning-and-execution workspace.,Could use Brooksie internally to turn ad hoc geospatial questions into repeatable analysis workflows and reports.,"Brooksie could use this as a data source, imagery supplier, or API integration inside geospatial workflows."
UAF Alaska Satellite Facility,https://asf.alaska.edu/,Mexico,unknown,geospatial intelligence / USGIF member,Current organizational member listed by USGIF.,"Geospatial intelligence, remote sensing, geospatial software, or related services",yes,yes,unknown,unknown,yes,https://usgif.org/current-organizational-members/ | https://asf.alaska.edu/ | https://asf.alaska.edu/about-asf/,,,,UAF Alaska Satellite Facility,Mexico,unknown,1991,acquired,"Geospatial intelligence, remote sensing, geospatial software, or related services",geospatial data provider,field operations; project tracking; satellite imagery analysis; reporting; collaboration,government; AEC / infrastructure; energy / utilities; environmental services; retail / commerce,SaaS; services,government; SMB; enterprise,GIS analyst; planner; developer; project manager; field operations manager,Global,unknown,license,unknown,unknown,Software licensing,"collaborative, real-time geospatial data provider",Mapbox; Foursquare; Planet; HERE,Partner ecosystem,partner-led,Partner-oriented GTM into government; SMB; enterprise accounts for geospatial data provider.,unknown,unknown,unknown,unknown,unknown,unknown,2026-04-17,GIS data; satellite imagery; weather / climate data,cloud platform; real-time collaboration,Indirect competitor at most; this is closer to an input or data layer than Brooksie's planning-and-execution workspace.,Could use Brooksie internally to turn ad hoc geospatial questions into repeatable analysis workflows and reports.,"Brooksie could use this as a data source, imagery supplier, or API integration inside geospatial workflows."
United Kingdom Research and Innovation (UKRI),https://nerc.ukri.org/,United Kingdom,unknown,location data API,United Kingdom Research and Innovation (UKRI) Natural Environment Research Council (NERC) – UKRI NERC is the driving force of investment in environmental science,Location data and geocoding API,unknown,unknown,unknown,unknown,unknown,https://www.ukri.org/councils/nerc/ | https://www.ukri.org/who-we-are/about-uk-research-and-innovation/ | https://www.ukri.org/blog/ | https://nerc.ukri.org/,,,,United Kingdom Research and Innovation (UKRI),United Kingdom,unknown,unknown,active,Location data and geocoding API,location data API,data visualization; project tracking; collaboration,government; AEC / infrastructure; energy / utilities; environmental services; agriculture,API; desktop; mobile; services,government; enterprise,planner; project manager; data analyst,Global,unknown,subscription,unknown,unknown,SaaS subscriptions,collaborative location data API,Mapbox; Foursquare; Geocode.XYZ; Placekey,unknown,direct,Direct website-led GTM into government; enterprise users for location data API.,unknown,unknown,unknown,unknown,unknown,Blog – UKRI,2026-04-17,unknown,unknown,Indirect competitor at most; this is closer to an input or data layer than Brooksie's planning-and-execution workspace.,Could use Brooksie internally to turn ad hoc geospatial questions into repeatable analysis workflows and reports.,"Brooksie could use this as a data source, imagery supplier, or API integration inside geospatial workflows."
University College London,https://ucl.ac.uk/,United Kingdom,unknown,location data API,"University College London Welcome to UCL | University College London Two centuries ago, our founders had a vision: to open higher education to all",Location data and geocoding API,yes,unknown,unknown,unknown,unknown,https://www.ucl.ac.uk/ | https://www.ucl.ac.uk/about | https://www.ucl.ac.uk/about/leadership/strategy | https://www.ucl.ac.uk/research/research-news?collection=drupal-meta-news-news&meta_UclSubject=%22research%22&le_DateFilter=20241008 | https://ucl.ac.uk/,,,,University College London,United Kingdom,unknown,unknown,acquired,Location data and geocoding API,location data API,route optimization; collaboration,energy / utilities; environmental services; logistics / mobility; retail / commerce,API; mobile; services,consumer; enterprise,planner; developer,Global,unknown,services,unknown,unknown,Services and project fees,collaborative location data API,Mapbox; Foursquare; Geocode.XYZ; Placekey,Partner ecosystem,partner-led,Partner-oriented GTM into consumer; enterprise accounts for location data API.,unknown,unknown,unknown,unknown,unknown,Research news | UCL Research - UCL – University College London,2026-04-17,location / POI data; API integrations; weather / climate data,cloud platform,Indirect competitor at most; this is closer to an input or data layer than Brooksie's planning-and-execution workspace.,Could use Brooksie internally to turn ad hoc geospatial questions into repeatable analysis workflows and reports.,"Brooksie could use this as a data source, imagery supplier, or API integration inside geospatial workflows."
University Corporation for Atmospheric Research (UCAR),https://ucar.edu/,United States,unknown,consumer mapping app,Research | University Corporation for Atmospheric Research Skip to main content Alerts Search Who we are Overview UCAR is a hub for the Earth system...,Consumer mapping application,yes,unknown,unknown,unknown,unknown,https://www.ucar.edu/ | https://www.ucar.edu/who-we-are | https://www.ucar.edu/who-we-are/strategic-plan-2019-2028 | https://news.ucar.edu/ | https://ucar.edu/,,,,University Corporation for Atmospheric Research (UCAR),United States,unknown,1959,active,Consumer mapping application,consumer mapping app,reporting; collaboration,government; environmental services; logistics / mobility; defense / intelligence; travel / tourism,SaaS; services,consumer; government,unknown,North America; United States,unknown,services,unknown,unknown,Services and project fees,"collaborative, real-time consumer mapping app",Google Maps; Mapbox; Foursquare,Partner ecosystem,partner-led,Partner-oriented GTM into consumer; government accounts for consumer mapping app.,unknown,unknown,unknown,unknown,unknown,News | NCAR & UCAR News,2026-04-17,weather / climate data,real-time collaboration,Low direct competition; limited overlap with Brooksie's enterprise geospatial research and execution workflows.,"Low fit as a core customer; possible internal use for market, place, or operations research.",Limited fit; no obvious core dependency beyond niche integration or inspiration.
"University of Florida, Florida Institute for Built Environment Resilience",https://dcp.ufl.edu/,,unknown,location data API,FIBER | Florida Institute for Built Environment Resilience FIBER FLORIDA INSTITUTE FOR BUILT ENVIRONMENT RESILIENCE FIBER LABS FIBER seeks to build knowledge at the intersection...,Location data and geocoding API,yes,unknown,unknown,unknown,unknown,https://dcp.ufl.edu/fiber/ | https://dcp.ufl.edu/fiber/about/ | https://dcp.ufl.edu/fiber/planting-prosperity-leza-warren-spreads-resilience-rooted-in-community/ | https://dcp.ufl.edu/fiber/urban-futures-returns-fiber-launches-2026-call-for-participation/ | https://dcp.ufl.edu/,,,,"University of Florida, Florida Institute for Built Environment Resilience",unknown,unknown,2018,acquired,Location data and geocoding API,location data API,data visualization; collaboration,government; AEC / infrastructure; energy / utilities; environmental services; agriculture,API,consumer; government; SMB; enterprise,planner; developer; data analyst,unknown,unknown,subscription,unknown,unknown,SaaS subscriptions,collaborative location data API,Mapbox; Foursquare; Geocode.XYZ; Placekey,Partner ecosystem,partner-led,Partner-oriented GTM into consumer; government; SMB; enterprise accounts for location data API.,unknown,unknown,unknown,unknown,unknown,Urban Futures Returns: FIBER Launches 2026 Call for Participation | Florida Institute...,2026-04-17,location / POI data; API integrations,real-time collaboration,Indirect competitor at most; this is closer to an input or data layer than Brooksie's planning-and-execution workspace.,Could use Brooksie internally to turn ad hoc geospatial questions into repeatable analysis workflows and reports.,"Brooksie could use this as a data source, imagery supplier, or API integration inside geospatial workflows."
University of Illinois – Urbana – Champaign,https://illinois.edu/,Taiwan,unknown,location data API,"University of Illinois – Urbana – Champaign Illinois Discover the University of Illinois Urbana-Champaignâwhere innovation, community, and discovery drive world-class learning, research, and public impact",Location data and geocoding API,yes,unknown,yes,unknown,unknown,https://illinois.edu/ | https://illinois.edu/about/ | https://blogs.illinois.edu/view/6758/685073182,,,,University of Illinois – Urbana – Champaign,Taiwan,unknown,1969,active,Location data and geocoding API,location data API,collaboration,government; AEC / infrastructure; environmental services,API; services,government; enterprise,planner; developer,Global,unknown,subscription,unknown,unknown,SaaS subscriptions,collaborative location data API,Mapbox; Foursquare; Geocode.XYZ; Placekey,Partner ecosystem,partner-led,Partner-oriented GTM into government; enterprise accounts for location data API.,unknown,unknown,unknown,unknown,unknown,Illinois International News,2026-04-17,drone imagery; API integrations,unknown,Indirect competitor at most; this is closer to an input or data layer than Brooksie's planning-and-execution workspace.,Could use Brooksie internally to turn ad hoc geospatial questions into repeatable analysis workflows and reports.,"Brooksie could use this as a data source, imagery supplier, or API integration inside geospatial workflows."
University of Maryland – Center for Geospatial Information Science,https://geospatial.umd.edu/,,unknown,GIS / mapping platform,Program Geospatial Information Science Courses Research Current Research Research Spotlight Partners Collaborating with the CGIS Collaborators Support MS GEOINT MS GIS Search Search Enter the...,GIS and mapping platform,yes,yes,unknown,unknown,unknown,https://geospatial.umd.edu/ | https://geospatial.umd.edu/landing/About%20Us | https://geospatial.umd.edu/feature/creating-smarter-tree-inventory-umd-gis-student-featured-esri-blog,,,,University of Maryland – Center for Geospatial Information Science,unknown,unknown,unknown,active,GIS and mapping platform,GIS / mapping platform,geospatial analysis; collaboration,environmental services; logistics / mobility; defense / intelligence,SaaS,government; enterprise,GIS analyst; planner; remote sensing analyst,unknown,unknown,unknown,unknown,unknown,unknown,collaborative GIS / mapping platform,Esri; Mapbox; CARTO; Felt; Atlas.co,Esri,partner-led,Partner-oriented GTM into government; enterprise accounts for GIS / mapping platform.,unknown,unknown,unknown,unknown,unknown,unknown,2026-04-17,GIS data,real-time collaboration,"Direct or partial competitor on geospatial analysis workflows, map outputs, and cross-source insight delivery.","Could use Brooksie to clarify vague spatial questions, automate research, and generate maps, insights, and reports faster.","Brooksie could use this for map rendering, visualization, geospatial UI components, or workflow integrations."
University of Maryland Dept. of Geographical Sciences,https://geog.umd.edu/,United States,unknown,earth observation analytics,University of Maryland Dept,Earth observation and imagery analytics platform,yes,yes,unknown,unknown,yes,https://geog.umd.edu/ | https://geog.umd.edu/about-us/department-at-glance,,,,University of Maryland Dept. of Geographical Sciences,United States,unknown,unknown,active,Earth observation and imagery analytics platform,earth observation analytics,geospatial analysis; route optimization; satellite imagery analysis,environmental services; agriculture; defense / intelligence; mining,unknown,government,GIS analyst; remote sensing analyst; data analyst,Global,unknown,subscription,unknown,unknown,SaaS subscriptions,AI-native earth observation analytics,Planet; Picterra; Brooksie AI; UP42,Esri; Harvest,direct,Direct website-led GTM into government users for earth observation analytics.,unknown,unknown,unknown,unknown,unknown,unknown,2026-04-17,GIS data; satellite imagery; API integrations,AI / machine learning,"Direct or partial competitor on geospatial analysis workflows, map outputs, and cross-source insight delivery.",Could use Brooksie internally to turn ad hoc geospatial questions into repeatable analysis workflows and reports.,"Brooksie could use this as a data source, imagery supplier, or API integration inside geospatial workflows."
University of Minnesota,https://uspatial.umn.edu/,United States,unknown,location data API,"Openings Breadcrumb Home U-Spatial U-Spatial U-Spatial The locus of U of M’s spatial community, U-Spatial meets the fast-growing need for expertise, data, and tools related...",Location data and geocoding API,yes,yes,unknown,unknown,yes,https://rc.umn.edu/uspatial | https://rc.umn.edu/uspatial/about/overview | https://rc.umn.edu/uspatial/resources/planet | https://rc.umn.edu/uspatial/news | https://uspatial.umn.edu/,,,,University of Minnesota,United States,unknown,unknown,acquired,Location data and geocoding API,location data API,map creation; data visualization; satellite imagery analysis; reporting; collaboration,government; AEC / infrastructure; energy / utilities; agriculture,API; SaaS; desktop; services,government; enterprise,GIS analyst; planner; developer; remote sensing analyst,Global,unknown,subscription,unknown,unknown,SaaS subscriptions,collaborative location data API,Mapbox; Foursquare; Geocode.XYZ; Placekey,Esri; Planet,open source + paid,Developer-led adoption with open-source distribution and paid/commercial upsell.,unknown,unknown,unknown,unknown,unknown,U-Spatial News & Events | Research Computing,2026-04-17,GIS data; satellite imagery; location / POI data; API integrations; weather / climate data,API-first; cloud platform,Indirect competitor at most; this is closer to an input or data layer than Brooksie's planning-and-execution workspace.,"Could use Brooksie to accelerate proposal scoping, multi-source analysis, and client-ready maps and reports.","Brooksie could use this as a data source, imagery supplier, or API integration inside geospatial workflows."
University of Missouri St. Louis (UMSL),https://umsl.edu/,United States,unknown,consumer mapping app,University of Missouri St,Consumer mapping application,yes,unknown,unknown,unknown,unknown,https://www.umsl.edu/index.html | https://www.umsl.edu/proud/index.html | https://blogs.umsl.edu/news/2026/04/16/asmahan-ghaleb/?utm_source=rss&utm_medium=rss&utm_campaign=asmahan-ghaleb | https://umsl.edu/,,,,University of Missouri St. Louis (UMSL),United States,unknown,unknown,active,Consumer mapping application,consumer mapping app,data visualization; surveying; collaboration,government; AEC / infrastructure; energy / utilities; environmental services; logistics / mobility,API; SaaS; mobile; services,consumer; government; SMB; enterprise,planner; developer; surveyor; data analyst,Global,unknown,subscription,unknown,unknown,SaaS subscriptions,"collaborative, AI-native consumer mapping app",Google Maps; Mapbox; Foursquare,Partner ecosystem,marketplace,Marketplace-led distribution for consumer mapping app.,unknown,unknown,unknown,unknown,unknown,Pre-nursing student Asmahan Ghaleb creates Health Guide USA website to help navigate...,2026-04-17,API integrations; weather / climate data,AI / machine learning,Low direct competition; limited overlap with Brooksie's enterprise geospatial research and execution workflows.,"Low fit as a core customer; possible internal use for market, place, or operations research.",Limited fit; no obvious core dependency beyond niche integration or inspiration.
University of Muenster - Institute for Geoinformatics,https://ifgi.uni-muenster.de/,South Korea,unknown,location data API,Preis fÃ¼r Selani Thomas Die UniversitÃ¤tsstiftung MÃ¼nster und die UniversitÃ¤tsabteilung Wissens- und Technologietransfer verleihen der Masterabsolventin Selani Thomas einen der Preise im Citizen Science Wettbewerb,Location data and geocoding API,yes,unknown,unknown,unknown,yes,https://www.uni-muenster.de/Geoinformatics/ | https://www.uni-muenster.de/Geoinformatics/en/sparc/about/about.html | https://www.uni-muenster.de/uv/uniaz/lageplan/de/8391 | https://www.uni-muenster.de/news/view.php?cmdid=15323&lang=de | https://ifgi.uni-muenster.de/,,,,University of Muenster - Institute for Geoinformatics,South Korea,unknown,unknown,active,Location data and geocoding API,location data API,data visualization; route optimization; satellite imagery analysis; collaboration,AEC / infrastructure; environmental services; defense / intelligence,API; SaaS; mobile; services,consumer; government,GIS analyst; planner; developer; remote sensing analyst; data analyst,Global,unknown,services,unknown,unknown,Services and project fees,"collaborative, AI-native location data API",Mapbox; Foursquare; Geocode.XYZ; Placekey,Partner ecosystem,partner-led,Partner-oriented GTM into consumer; government accounts for location data API.,unknown,unknown,unknown,unknown,unknown,Schätze aus Natur und Kultur bewahren,2026-04-17,satellite imagery; location / POI data; API integrations,AI / machine learning,Indirect competitor at most; this is closer to an input or data layer than Brooksie's planning-and-execution workspace.,Could use Brooksie internally to turn ad hoc geospatial questions into repeatable analysis workflows and reports.,"Brooksie could use this as a data source, imagery supplier, or API integration inside geospatial workflows."
University of New South Wales,https://unsw.edu.au/,Australia,unknown,location data API,University of New South Wales UNSW Sydney | One of the best universities in Australia UNSW is ranked 2nd in Australia and 27th in the...,Location data and geocoding API,unknown,unknown,unknown,unknown,unknown,https://www.unsw.edu.au/ | https://www.unsw.edu.au/about-us/excellence/faculties-schools | https://www.unsw.edu.au/about-us/innovation-impact/enterprise-commercialisation | https://www.unsw.edu.au/research/partner-with-us/case-studies | https://www.unsw.edu.au/newsroom/find-an-expert | https://unsw.edu.au/,,,,University of New South Wales,Australia,unknown,1960,acquired,Location data and geocoding API,location data API,reporting; collaboration,government; AEC / infrastructure; energy / utilities; environmental services; real estate,API; desktop; mobile; services,government; SMB; enterprise,planner; developer,Global,unknown,subscription,unknown,unknown,SaaS subscriptions,collaborative location data API,Mapbox; Foursquare; Geocode.XYZ; Placekey,Partner ecosystem,partner-led,Partner-oriented GTM into government; SMB; enterprise accounts for location data API.,unknown,unknown,unknown,unknown,unknown,unknown,2026-04-17,location / POI data; weather / climate data,AI / machine learning; real-time collaboration,Indirect competitor at most; this is closer to an input or data layer than Brooksie's planning-and-execution workspace.,Could use Brooksie internally to turn ad hoc geospatial questions into repeatable analysis workflows and reports.,"Brooksie could use this as a data source, imagery supplier, or API integration inside geospatial workflows."
University of North Carolina Wilmington,https://uncw.edu/,China,unknown,field operations GIS software,University of North Carolina Wilmington Department of Earth & Ocean Sciences | UNCW The Department of Earth and Ocean Sciences is committed to providing a...,GIS-native field operations software,yes,unknown,unknown,unknown,unknown,https://uncw.edu/academics/colleges/cse/departments/earth-ocean-sciences/?utm_source=earth-ocean-sciences;utm_medium=301&utm_id=REDIR1&utm_source=earsci&utm_medium=301&utm_id=REDIR1 | https://uncw.edu/about/university-administration/administrative-units/human-resources/ | https://uncw.edu/about/leadership/strategic-plan/ | https://uncw.edu/news/ | https://uncw.edu/,,,,University of North Carolina Wilmington,China,unknown,unknown,active,GIS-native field operations software,field operations GIS software,data visualization; field operations; project tracking; surveying; reporting,government; AEC / infrastructure; energy / utilities; environmental services; retail / commerce,API; SaaS; desktop; mobile; services,consumer; government; enterprise,planner; developer; project manager; surveyor; data analyst,Global,unknown,services,unknown,unknown,Services and project fees,"collaborative, AI-native field operations GIS software",Matidor; Atlas.co; Esri,Planet,partner-led,Partner-oriented GTM into consumer; government; enterprise accounts for field operations GIS software.,unknown,unknown,unknown,unknown,unknown,News | UNCW,2026-04-17,location / POI data; API integrations; weather / climate data,AI / machine learning; real-time collaboration,"Direct or partial competitor on geospatial analysis workflows, map outputs, and cross-source insight delivery.","Could use Brooksie to accelerate proposal scoping, multi-source analysis, and client-ready maps and reports.","Brooksie could use this company as an implementation, data-collection, or channel partner."
University of North Georgia,https://ung.edu/,United States,unknown,surveying services,University of North Georgia IESA Environmental and Spatial Analysis allows scholars to crack open the deep mysteries of Earth's eon-spanning environmental and geological processes,Surveying and geomatics services,yes,yes,yes,unknown,yes,https://ung.edu/about/index.php | https://ung.edu/news-events/index.php | https://ung.edu/,,,,University of North Georgia,United States,unknown,unknown,acquired,Surveying and geomatics services,surveying services,geospatial analysis; data visualization; field operations; route optimization; satellite imagery analysis,AEC / infrastructure; environmental services; agriculture; retail / commerce; defense / intelligence,SaaS; services,consumer; government,GIS analyst; planner; surveyor; remote sensing analyst; data analyst,Global,unknown,subscription,unknown,unknown,SaaS subscriptions,"collaborative, AI-native surveying services",Esri partners; surveying firms; drone mapping vendors,Partner ecosystem,partner-led,Partner-oriented GTM into consumer; government accounts for surveying services.,unknown,unknown,unknown,unknown,unknown,News & Events,2026-04-17,GIS data; satellite imagery; drone imagery; weather / climate data,AI / machine learning; real-time collaboration,"Direct or partial competitor on geospatial analysis workflows, map outputs, and cross-source insight delivery.","Could use Brooksie to accelerate proposal scoping, multi-source analysis, and client-ready maps and reports.","Brooksie could use this as a data source, imagery supplier, or API integration inside geospatial workflows."
University of Salzburg,https://zgis.at/,Austria,unknown,,"Z_GIS an der Universität Salzburg ist ein gut etabliertes Kompetenzzentrum für GIScience, das in Zusammenarbeit mit akademischen und industriellen Partnern aus dem Geobereich in Forschung...","Z_GIS an der Universität Salzburg ist ein gut etabliertes Kompetenzzentrum für GIScience, das in Zusammenarbeit mit akademischen und industriellen Partnern aus dem Geobereich in Forschung...",unknown,unknown,unknown,unknown,unknown,https://www.plus.ac.at/geoinformatik/ | https://www.plus.ac.at/abteilung-fuer-internationale-beziehungen/buero-fuer-internationale-beziehungen/news-events-social-media/ukraine-unterstutzung-angebote-der-plus/ | https://zgis.at/,,,,University of Salzburg,Austria,unknown,unknown,active,"Z_GIS an der Universität Salzburg ist ein gut etabliertes Kompetenzzentrum für GIScience, das in Zusammenarbeit mit akademischen und industriellen Partnern aus dem Geobereich in Forschung...",unknown,route optimization,unknown,services,consumer; SMB,developer,Global,unknown,services,unknown,unknown,Services and project fees,unknown,unknown,Partner ecosystem,partner-led,Partner-oriented GTM into consumer; SMB accounts for unknown.,unknown,unknown,unknown,unknown,unknown,UKRAINE: Unterstützungsangebote der PLUS - Universität Salzburg,2026-04-17,API integrations,unknown,Indirect competitor at most; this is closer to an input or data layer than Brooksie's planning-and-execution workspace.,Could use Brooksie internally to turn ad hoc geospatial questions into repeatable analysis workflows and reports.,"Brooksie could use this as a data source, imagery supplier, or API integration inside geospatial workflows."
University of South Carolina,https://sc.edu/,,Columbia,consumer mapping app,University of South Carolina University of South Carolina | University of South Carolina Groundbreaking academics,Consumer mapping application,yes,unknown,unknown,unknown,unknown,https://sc.edu/ | https://www.sc.edu/about/directory/ | https://www.sc.edu/uofsc_archive/inside_carolina/subscription_confirmation.php | https://sc.edu/uofsc/index.php,,,,University of South Carolina,unknown,Columbia,unknown,active,Consumer mapping application,consumer mapping app,route optimization,government; AEC / infrastructure; retail / commerce; defense / intelligence; travel / tourism,API; services,consumer; government,developer,Global,unknown,subscription,unknown,unknown,SaaS subscriptions,AI-native consumer mapping app,Google Maps; Mapbox; Foursquare,Partner ecosystem,partner-led,Partner-oriented GTM into consumer; government accounts for consumer mapping app.,unknown,unknown,unknown,unknown,unknown,USC NEWS & EVENTS - USC News & Events | University of...,2026-04-17,unknown,AI / machine learning,Low direct competition; limited overlap with Brooksie's enterprise geospatial research and execution workflows.,"Low fit as a core customer; possible internal use for market, place, or operations research.",Limited fit; no obvious core dependency beyond niche integration or inspiration.
"University of Texas at Dallas – School of Economic, Political & Policy Sciences",https://epps.utdallas.edu/,Bangladesh,unknown,location data API,"Sciences School of Economic, Political and Policy Sciences | UT Dallas The School of Economic, Political and Policy Sciences prepares current and future leaders to...",Location data and geocoding API,yes,unknown,yes,unknown,unknown,https://epps.utdallas.edu/ | https://epps.utdallas.edu/about/ | https://development.utdallas.edu/category/alumni/,,,,"University of Texas at Dallas – School of Economic, Political & Policy Sciences",Bangladesh,unknown,unknown,active,Location data and geocoding API,location data API,drone mapping; reporting; collaboration,government; energy / utilities; environmental services; agriculture; retail / commerce,API; services,consumer; government; enterprise,drone operator,Global,unknown,subscription,unknown,unknown,SaaS subscriptions,collaborative location data API,Mapbox; Foursquare; Geocode.XYZ; Placekey,Partner ecosystem,partner-led,Partner-oriented GTM into consumer; government; enterprise accounts for location data API.,unknown,unknown,unknown,unknown,unknown,Alumni - Office of Development and Alumni Relations | The University of...,2026-04-17,drone imagery,AI / machine learning,Indirect competitor at most; this is closer to an input or data layer than Brooksie's planning-and-execution workspace.,Could use Brooksie internally to turn ad hoc geospatial questions into repeatable analysis workflows and reports.,"Brooksie could use this as a data source, imagery supplier, or API integration inside geospatial workflows."
University of Vienna - Department of Geography and Regional Research,https://carto.univie.ac.at/,,unknown,location data API,Forschungsethik Studium Menü öffnen Bachelor Master Doktorat VISESS Doctoral School Studienabschlüsse Studien Service Center Erasmus Nachhaltigkeit Menü öffnen Betrieb Forschung Lehre Outreach Informationen für ..,Location data and geocoding API,yes,unknown,unknown,unknown,unknown,https://geographie.univie.ac.at/arbeitsgruppen/kartographie-und-geoinformation/ | https://geographie.univie.ac.at/arbeitsgruppen/kartographie-und-geoinformation/team/ | https://geographie.univie.ac.at/arbeitsgruppen/kartographie-und-geoinformation/publications/detailansicht/news/5th-spatial-data-science-symposium/ | https://carto.univie.ac.at/,,,,University of Vienna - Department of Geography and Regional Research,unknown,unknown,unknown,active,Location data and geocoding API,location data API,unknown,unknown,API; SaaS; services,consumer,GIS analyst; planner,Global,unknown,services,unknown,unknown,Services and project fees,AI-native location data API,Mapbox; Foursquare; Geocode.XYZ; Placekey,unknown,direct,Direct website-led GTM into consumer users for location data API.,unknown,unknown,unknown,unknown,unknown,Geography according to ChatGPT,2026-04-17,GIS data; location / POI data; API integrations,AI / machine learning,Indirect competitor at most; this is closer to an input or data layer than Brooksie's planning-and-execution workspace.,Could use Brooksie internally to turn ad hoc geospatial questions into repeatable analysis workflows and reports.,"Brooksie could use this as a data source, imagery supplier, or API integration inside geospatial workflows."
University of Zaragoza,https://iaaa.es/,United States,unknown,location data API,University of Zaragoza IAAA | Advanced Information Systems Laboratory Next generation spatial data infrastructures and location intelligence,Location data and geocoding API,yes,unknown,unknown,unknown,unknown,https://iaaa.es/ | https://iaaa.es/about/ | https://iaaa.es/blog/,,,,University of Zaragoza,United States,unknown,1993,acquired,Location data and geocoding API,location data API,geospatial analysis; collaboration,government; AEC / infrastructure; environmental services; agriculture; logistics / mobility,API; SaaS; mobile; services,government,planner,United States,unknown,usage-based,unknown,unknown,Usage-based platform or API fees,"collaborative, AI-native location data API",Mapbox; Foursquare; Geocode.XYZ; Placekey,unknown,open source + paid,Developer-led adoption with open-source distribution and paid/commercial upsell.,unknown,unknown,unknown,unknown,unknown,Blog | Advanced Information Systems Laboratory,2026-04-17,location / POI data; API integrations; weather / climate data,AI / machine learning; cloud platform,Indirect competitor at most; this is closer to an input or data layer than Brooksie's planning-and-execution workspace.,Could use Brooksie internally to turn ad hoc geospatial questions into repeatable analysis workflows and reports.,"Brooksie could use this as a data source, imagery supplier, or API integration inside geospatial workflows."
US Army Geospatial Center,https://tec.army.mil/,,unknown,,unknown,,yes,unknown,unknown,unknown,unknown,https://tec.army.mil/,,,,US Army Geospatial Center,unknown,unknown,unknown,unknown,unknown,unknown,unknown,unknown,unknown,enterprise,unknown,unknown,unknown,unknown,unknown,unknown,unknown,unknown,unknown,unknown,direct,Direct website-led GTM into enterprise users for unknown.,unknown,unknown,unknown,unknown,unknown,unknown,2026-04-17,unknown,unknown,unknown,"Could use Brooksie to clarify vague spatial questions, automate research, and generate maps, insights, and reports faster.",unknown
US Census Bureau,https://census.gov/,,Suitland,location data API,US Census Bureau Census.gov | U.S,Location data and geocoding API,yes,unknown,unknown,unknown,unknown,https://www.census.gov/ | https://www.census.gov/about/census-careers.html | https://www.census.gov/programs-surveys/2026-census-test.html | https://www.census.gov/newsroom/blogs.html | https://census.gov/,,,,US Census Bureau,unknown,Suitland,2009,acquired,Location data and geocoding API,location data API,map creation; data visualization; route optimization; surveying; reporting,government; AEC / infrastructure; energy / utilities; environmental services; logistics / mobility,API; SaaS; services,government; SMB; enterprise,GIS analyst; planner; developer; surveyor,Global,unknown,subscription,unknown,unknown,SaaS subscriptions,collaborative location data API,Mapbox; Foursquare; Geocode.XYZ; Placekey,Partner ecosystem,partner-led,Partner-oriented GTM into government; SMB; enterprise accounts for location data API.,unknown,unknown,unknown,unknown,unknown,Census Blogs,2026-04-17,GIS data; location / POI data; API integrations,API-first,Indirect competitor at most; this is closer to an input or data layer than Brooksie's planning-and-execution workspace.,Could use Brooksie internally to turn ad hoc geospatial questions into repeatable analysis workflows and reports.,"Brooksie could use this as a data source, imagery supplier, or API integration inside geospatial workflows."
US Coast Guard Academy,https://uscga.edu/,,unknown,field operations GIS software,US Coast Guard Academy USCGA - United States Coast Guard Academy DEFY EXPECTATIONS OF A 4-YEAR OF COLLEGE We are far from your ordinary college...,GIS-native field operations software,unknown,unknown,unknown,unknown,unknown,https://uscga.edu/ | https://uscga.edu/about/ | https://uscga.edu/about/command-and-governance/ | https://uscga.edu/cadet-life/cadet-blogs/,,,,US Coast Guard Academy,unknown,unknown,unknown,acquired,GIS-native field operations software,field operations GIS software,field operations; route optimization; reporting,government; AEC / infrastructure; environmental services; agriculture; logistics / mobility,API; SaaS; services,consumer; government; SMB; enterprise,planner; developer; project manager; data analyst,Global,unknown,subscription,yes,$1.7,SaaS subscriptions,field operations GIS software,Matidor; Atlas.co; Esri,Partner ecosystem,partner-led,Partner-oriented GTM into consumer; government; SMB; enterprise accounts for field operations GIS software.,unknown,unknown,unknown,unknown,unknown,Cadet Blogs - United States Coast Guard Academy,2026-04-17,location / POI data,unknown,"Direct or partial competitor on geospatial analysis workflows, map outputs, and cross-source insight delivery.",Could use Brooksie internally to turn ad hoc geospatial questions into repeatable analysis workflows and reports.,unknown
US Department of Homeland Security (DHS),https://dhs.gov/,United States,unknown,location data API,US Department of Homeland Security (DHS) Home | Homeland Security U.S,Location data and geocoding API,unknown,unknown,unknown,unknown,unknown,https://www.dhs.gov/ | https://www.dhs.gov/about-dhs | https://www.dhs.gov/news/2026/02/17/lapse-federal-funding-impact-dhs-web-and-social-media-operations | https://dhs.gov/,,,,US Department of Homeland Security (DHS),United States,unknown,2002,active,Location data and geocoding API,location data API,reporting,government; energy / utilities; logistics / mobility; defense / intelligence; travel / tourism,API; mobile; services,consumer; government; SMB; enterprise,developer; project manager,Global,unknown,services,unknown,unknown,Services and project fees,location data API,Mapbox; Foursquare; Geocode.XYZ; Placekey,unknown,direct,Direct website-led GTM into consumer; government; SMB; enterprise users for location data API.,unknown,unknown,unknown,unknown,unknown,Lapse in Federal Funding: Impact on DHS Web and Social Media Operations...,2026-04-17,API integrations,unknown,Indirect competitor at most; this is closer to an input or data layer than Brooksie's planning-and-execution workspace.,Could use Brooksie internally to turn ad hoc geospatial questions into repeatable analysis workflows and reports.,"Brooksie could use this as a data source, imagery supplier, or API integration inside geospatial workflows."
US Department of Transportation,https://transportation.gov/,,unknown,geospatial / remote sensing,"US Department of Transportation geospatial / remote sensing Access Denied Access Denied Access Denied You don't have permission to access ""http://www.transportation.gov/"" on this server",Earth observation and imagery analytics platform,yes,yes,unknown,unknown,unknown,https://www.safegraph.com/guides/geospatial-data-providers/ | https://transportation.gov/,,,,US Department of Transportation,unknown,unknown,unknown,unknown,Earth observation and imagery analytics platform,earth observation analytics,unknown,logistics / mobility,unknown,enterprise,remote sensing analyst,unknown,unknown,unknown,unknown,unknown,unknown,earth observation analytics,Planet; Picterra; Brooksie AI; UP42,unknown,direct,Direct website-led GTM into enterprise users for earth observation analytics.,unknown,unknown,unknown,unknown,unknown,unknown,2026-04-17,unknown,unknown,"Direct or partial competitor on geospatial analysis workflows, map outputs, and cross-source insight delivery.",Could use Brooksie internally to turn ad hoc geospatial questions into repeatable analysis workflows and reports.,"Brooksie could use this as a data source, imagery supplier, or API integration inside geospatial workflows."
US Military Academy — West Point,https://westpoint.edu/,United States,unknown,location data API,US Military Academy — West Point United States Military Academy West Point West Point is the world's preeminent leader development institution,Location data and geocoding API,unknown,unknown,yes,unknown,unknown,https://www.westpoint.edu/ | https://www.westpoint.edu/about | https://www.westpoint.edu/about/modernization-plan | https://www.westpoint.edu/pointer-view | https://westpoint.edu/,,,,US Military Academy — West Point,United States,unknown,unknown,acquired,Location data and geocoding API,location data API,drone mapping; collaboration,government; AEC / infrastructure; energy / utilities; environmental services; retail / commerce,API; services,consumer; government; enterprise,planner; developer; drone operator,Global,unknown,subscription,unknown,unknown,SaaS subscriptions,"collaborative, AI-native location data API",Mapbox; Foursquare; Geocode.XYZ; Placekey,Partner ecosystem,partner-led,Partner-oriented GTM into consumer; government; enterprise accounts for location data API.,unknown,unknown,unknown,unknown,unknown,Pointer View | U.S. Military Academy West Point,2026-04-17,drone imagery; location / POI data; API integrations,AI / machine learning,Indirect competitor at most; this is closer to an input or data layer than Brooksie's planning-and-execution workspace.,Could use Brooksie internally to turn ad hoc geospatial questions into repeatable analysis workflows and reports.,"Brooksie could use this as a data source, imagery supplier, or API integration inside geospatial workflows."
US National Aeronautics and Space Administration (NASA),https://nasa.gov/,United States,unknown,consumer mapping app,"Space Administration (NASA) NASA NASA.gov brings you the latest news, images and videos from America's space agency, pioneering the future in space exploration, scientific discovery...",Consumer mapping application,yes,unknown,unknown,unknown,yes,https://www.nasa.gov/ | https://www.nasa.gov/about/ | https://www.nasa.gov/budgets-plans-and-reports/ | https://www.nasa.gov/nasa-blogs/ | https://nasa.gov/,,,,US National Aeronautics and Space Administration (NASA),United States,unknown,unknown,active,Consumer mapping application,consumer mapping app,project tracking; satellite imagery analysis; surveying; reporting,government; AEC / infrastructure; energy / utilities; environmental services; logistics / mobility,SaaS; desktop; services,consumer; government; SMB; enterprise,developer; project manager; surveyor; remote sensing analyst,Global,unknown,subscription,unknown,unknown,SaaS subscriptions,consumer mapping app,Google Maps; Mapbox; Foursquare,Planet,partner-led,Partner-oriented GTM into consumer; government; SMB; enterprise accounts for consumer mapping app.,unknown,unknown,unknown,unknown,unknown,Blogs - NASA,2026-04-17,satellite imagery; weather / climate data,cloud platform,Low direct competition; limited overlap with Brooksie's enterprise geospatial research and execution workflows.,"Low fit as a core customer; possible internal use for market, place, or operations research.","Brooksie could use this as a data source, imagery supplier, or API integration inside geospatial workflows."
US National Oceanic and Atmospheric Administration (NOAA),https://noaa.gov/,United States,unknown,consumer mapping app,US National Oceanic and Atmospheric Administration (NOAA) National Oceanic and Atmospheric Administration Home U.S,Consumer mapping application,unknown,unknown,yes,unknown,yes,https://www.noaa.gov/ | https://www.noaa.gov/about-our-agency | https://www.noaa.gov/news-features | https://noaa.gov/,,,,US National Oceanic and Atmospheric Administration (NOAA),United States,unknown,unknown,active,Consumer mapping application,consumer mapping app,satellite imagery analysis; drone mapping; reporting; collaboration,government; AEC / infrastructure; energy / utilities; environmental services; logistics / mobility,services,consumer; government; SMB; enterprise,planner; developer; project manager; drone operator,Global,unknown,services,unknown,unknown,Services and project fees,"collaborative, AI-native consumer mapping app",Google Maps; Mapbox; Foursquare,Planet,partner-led,Partner-oriented GTM into consumer; government; SMB; enterprise accounts for consumer mapping app.,unknown,unknown,unknown,unknown,unknown,Latest news and features | National Oceanic and Atmospheric Administration,2026-04-17,satellite imagery; drone imagery; location / POI data; weather / climate data,AI / machine learning; cloud platform,Low direct competition; limited overlap with Brooksie's enterprise geospatial research and execution workflows.,"Low fit as a core customer; possible internal use for market, place, or operations research.","Brooksie could use this as a data source, imagery supplier, or API integration inside geospatial workflows."
USCDornsife Spatial Science Institute,https://spatial.usc.edu/,,unknown,,unknown,,yes,unknown,unknown,unknown,unknown,https://spatial.usc.edu/,,,,USCDornsife Spatial Science Institute,unknown,unknown,unknown,unknown,unknown,unknown,unknown,unknown,unknown,enterprise,unknown,unknown,unknown,unknown,unknown,unknown,unknown,unknown,unknown,unknown,direct,Direct website-led GTM into enterprise users for unknown.,unknown,unknown,unknown,unknown,unknown,unknown,2026-04-17,unknown,unknown,unknown,"Could use Brooksie to clarify vague spatial questions, automate research, and generate maps, insights, and reports faster.",unknown
Verisk Catastrophe and Risk Solutions,https://verisk.com/,United Kingdom,unknown,location data API,Verisk Catastrophe and Risk Solutions Catastrophe and Risk Solutions | Verisk Understand and quantify your risk with catastrophe risk modeling software that incorporates global exposures...,Location data and geocoding API,unknown,unknown,unknown,unknown,unknown,https://www.linkedin.com/company/verisk-catastrophe-and-risk-solutions/ | https://www.verisk.com/solutions/catastrophe-risk-solutions/ | https://www.verisk.com/company/about/ | https://www.verisk.com/solutions/underwriting-rating/personal-property/research-development-pricing/ | https://www.verisk.com/blog/ | https://verisk.com/,https://www.linkedin.com/company/verisk-catastrophe-and-risk-solutions/,39399,,Verisk Catastrophe and Risk Solutions,United Kingdom,unknown,unknown,active,Location data and geocoding API,location data API,data visualization; field operations; route optimization; reporting,energy / utilities; environmental services; logistics / mobility; real estate; retail / commerce,API; SaaS; mobile; services,consumer; enterprise,developer; data analyst,Global,unknown,services,unknown,unknown,Services and project fees,AI-native location data API,Mapbox; Foursquare; Geocode.XYZ; Placekey,Partner ecosystem,partner-led,Partner-oriented GTM into consumer; enterprise accounts for location data API.,unknown,39399,unknown,unknown,unknown,unknown,2026-04-17,location / POI data; weather / climate data,AI / machine learning,Indirect competitor at most; this is closer to an input or data layer than Brooksie's planning-and-execution workspace.,"Could use Brooksie to accelerate proposal scoping, multi-source analysis, and client-ready maps and reports.","Brooksie could use this as a data source, imagery supplier, or API integration inside geospatial workflows."
Vertex Resource Group Ltd.,https://vertexresourcegroup.com/,,unknown,location data API,Vertex Resource Group Ltd,Location data and geocoding API,unknown,unknown,unknown,unknown,unknown,https://www.linkedin.com/company/vertex-resource-group/ | https://www.vertexresourcegroup.com/ | https://vertexresourcegroup.com/,https://www.linkedin.com/company/vertex-resource-group/,11955,,Vertex Resource Group Ltd.,unknown,unknown,unknown,active,Location data and geocoding API,location data API,unknown,environmental services,API; services,enterprise,unknown,unknown,unknown,services,unknown,unknown,Services and project fees,location data API,Mapbox; Foursquare; Geocode.XYZ; Placekey,unknown,direct,Direct website-led GTM into enterprise users for location data API.,unknown,11955,unknown,unknown,unknown,unknown,2026-04-17,location / POI data,unknown,Indirect competitor at most; this is closer to an input or data layer than Brooksie's planning-and-execution workspace.,Could use Brooksie internally to turn ad hoc geospatial questions into repeatable analysis workflows and reports.,"Brooksie could use this as a data source, imagery supplier, or API integration inside geospatial workflows."
West University of Timisoara,https://uvt.ro/,Romania,unknown,location data API,West University of Timisoara Acasa - UVT Acasa - UVT Sari la conținut PRV | PNRR | FM | Contacte UVT Informații publice Tur virtual...,Location data and geocoding API,yes,unknown,unknown,unknown,unknown,https://www.uvt.ro/ | https://www.uvt.ro/blog/wut-initiatives-ukraine/ | https://uvt.ro/,,,,West University of Timisoara,Romania,unknown,unknown,active,Location data and geocoding API,location data API,reporting,government; environmental services; logistics / mobility,API; SaaS; services,consumer; government; enterprise,unknown,Global,unknown,services,yes,$2,Services and project fees,location data API,Mapbox; Foursquare; Geocode.XYZ; Placekey,Partner ecosystem,partner-led,Partner-oriented GTM into consumer; government; enterprise accounts for location data API.,unknown,unknown,unknown,unknown,unknown,unknown,2026-04-17,location / POI data,unknown,Indirect competitor at most; this is closer to an input or data layer than Brooksie's planning-and-execution workspace.,Could use Brooksie internally to turn ad hoc geospatial questions into repeatable analysis workflows and reports.,"Brooksie could use this as a data source, imagery supplier, or API integration inside geospatial workflows."
World Data Lab,https://worlddata.io/,United States,unknown,location data API,World Data Lab Global Consumer Spending Data & Forecasts | World Data Lab Access consumer spending projections across 180+ countries and 220 categories,Location data and geocoding API,unknown,unknown,unknown,unknown,unknown,https://worlddatalab.com/ | https://worlddatalab.com/about-us | https://worlddatalab.com/our-blog | https://worlddata.io/,,,,World Data Lab,United States,unknown,2000,acquired,Location data and geocoding API,location data API,data visualization; project tracking; collaboration,government; AEC / infrastructure; energy / utilities; logistics / mobility; defense / intelligence,API; SaaS; services,consumer; government; enterprise,planner; developer; project manager; data analyst,Global,unknown,subscription,unknown,unknown,SaaS subscriptions,"collaborative, real-time location data API",Mapbox; Foursquare; Geocode.XYZ; Placekey,Partner ecosystem,partner-led,Partner-oriented GTM into consumer; government; enterprise accounts for location data API.,unknown,unknown,unknown,unknown,unknown,Our Blog,2026-04-17,location / POI data,real-time collaboration,Indirect competitor at most; this is closer to an input or data layer than Brooksie's planning-and-execution workspace.,Could use Brooksie internally to turn ad hoc geospatial questions into repeatable analysis workflows and reports.,"Brooksie could use this as a data source, imagery supplier, or API integration inside geospatial workflows."
World Meteorological Organization (WMO),https://wmo.int/,Switzerland,unknown,consumer mapping app,"World Meteorological Organization (WMO) Homepage | World Meteorological Organization WMO A specialized agency of the United Nations whose mandate covers weather, climate and water resources",Consumer mapping application,yes,yes,unknown,unknown,yes,https://wmo.int/ | https://wmo.int/about-wmo/overview | https://wmo.int/media/news/global-atmosphere-watch-monitors-pulse-of-planet | https://wmo.int/news,,,,World Meteorological Organization (WMO),Switzerland,unknown,2017,active,Consumer mapping application,consumer mapping app,data visualization; satellite imagery analysis; reporting; collaboration,government; energy / utilities; environmental services; agriculture; logistics / mobility,API; SaaS; services,consumer; government; SMB; enterprise,planner; developer; remote sensing analyst; data analyst,Global,unknown,services,unknown,unknown,Services and project fees,collaborative consumer mapping app,Google Maps; Mapbox; Foursquare,Planet,partner-led,Partner-oriented GTM into consumer; government; SMB; enterprise accounts for consumer mapping app.,unknown,unknown,unknown,unknown,unknown,News Portal,2026-04-17,satellite imagery; location / POI data; weather / climate data,unknown,Low direct competition; limited overlap with Brooksie's enterprise geospatial research and execution workflows.,"Low fit as a core customer; possible internal use for market, place, or operations research.","Brooksie could use this as a data source, imagery supplier, or API integration inside geospatial workflows."
World Wide Technology,https://wwt.com/,Costa Rica,unknown,location data API,"Wide Technology World Wide Technology | WWT | Make a New World Happen Explore on-demand technology labs, thought leadership and a portfolio of services designed...",Location data and geocoding API,unknown,unknown,unknown,unknown,unknown,https://www.wwt.com/ | https://www.wwt.com/corporate/who-we-are/overview | https://www.wwt.com/wwt-research/decoupled-by-design-why-cloud-managed-networks-still-require-on-premises-data-plane-aggregation | https://www.wwt.com/atc/learn-from-us/library?page=1&pageTypes=case-study | https://www.wwt.com/corporate/blog | https://wwt.com/,,,,World Wide Technology,Costa Rica,unknown,2025,active,Location data and geocoding API,location data API,data visualization; field operations,government; AEC / infrastructure; energy / utilities; environmental services; agriculture,API; SaaS; desktop; services; on-prem,consumer; government; SMB; enterprise,planner; developer; data analyst,Global,unknown,subscription,unknown,unknown,SaaS subscriptions,AI-native location data API,Mapbox; Foursquare; Geocode.XYZ; Placekey,Partner ecosystem,open source + paid,Developer-led adoption with open-source distribution and paid/commercial upsell.,unknown,unknown,unknown,unknown,unknown,Blog - Explore - WWT,2026-04-17,location / POI data; private enterprise data; API integrations,AI / machine learning; cloud platform,Indirect competitor at most; this is closer to an input or data layer than Brooksie's planning-and-execution workspace.,"Could use Brooksie to accelerate proposal scoping, multi-source analysis, and client-ready maps and reports.","Brooksie could use this as a data source, imagery supplier, or API integration inside geospatial workflows."
GroundWork,https://groundwork.ai/,,unknown,location data API,GroundWork Home - Groundwork AI Groundwork AI empowers Geoprofessionals with Advanced Data Analytics and Machine Learning,Location data and geocoding API,unknown,unknown,unknown,unknown,unknown,https://groundwork.ai/ | https://groundwork.ai/about,,,,GroundWork,unknown,unknown,unknown,active,Location data and geocoding API,location data API,unknown,AEC / infrastructure; energy / utilities; defense / intelligence,API; SaaS,consumer; government; enterprise,planner; data analyst,Global,unknown,unknown,unknown,unknown,unknown,AI-native location data API,Mapbox; Foursquare; Geocode.XYZ; Placekey,Partner ecosystem,open source + paid,Developer-led adoption with open-source distribution and paid/commercial upsell.,unknown,unknown,unknown,unknown,unknown,unknown,2026-04-17,unknown,AI / machine learning,Indirect competitor at most; this is closer to an input or data layer than Brooksie's planning-and-execution workspace.,Could use Brooksie internally to turn ad hoc geospatial questions into repeatable analysis workflows and reports.,"Brooksie could use this as a data source, imagery supplier, or API integration inside geospatial workflows."
Worldview,https://worldview.earthdata.nasa.gov/,,unknown,,"Worldview NASA Worldview Interactive interface for browsing full-resolution, global, daily satellite images","Worldview NASA Worldview Interactive interface for browsing full-resolution, global, daily satellite images",unknown,unknown,unknown,unknown,yes,https://worldview.earthdata.nasa.gov/,,,,Worldview,unknown,unknown,unknown,active,"Worldview NASA Worldview Interactive interface for browsing full-resolution, global, daily satellite images",unknown,satellite imagery analysis,unknown,unknown,enterprise,unknown,Global,unknown,unknown,unknown,unknown,unknown,unknown,unknown,unknown,direct,Direct website-led GTM into enterprise users for unknown.,unknown,unknown,unknown,unknown,unknown,unknown,2026-04-17,satellite imagery; weather / climate data,unknown,unknown,"Could use Brooksie to clarify vague spatial questions, automate research, and generate maps, insights, and reports faster.","Brooksie could use this as a data source, imagery supplier, or API integration inside geospatial workflows."
Middle Point,https://middlepoint.app/,,unknown,location data API,location data API,Location data and geocoding API,unknown,unknown,unknown,unknown,unknown,https://middlepoint.app/,,,,Middle Point,unknown,unknown,unknown,unknown,Location data and geocoding API,location data API,unknown,unknown,API,enterprise,unknown,unknown,unknown,unknown,unknown,unknown,unknown,location data API,Mapbox; Foursquare; Geocode.XYZ; Placekey,unknown,direct,Direct website-led GTM into enterprise users for location data API.,unknown,unknown,unknown,unknown,unknown,unknown,2026-04-17,location / POI data,unknown,Indirect competitor at most; this is closer to an input or data layer than Brooksie's planning-and-execution workspace.,Could use Brooksie internally to turn ad hoc geospatial questions into repeatable analysis workflows and reports.,"Brooksie could use this as a data source, imagery supplier, or API integration inside geospatial workflows."
Bureau of Land Management,https://blm.gov/,,,GIS / mapping platform,"The Bureau of Land Management's mission is to sustain the health, diversity, and productivity of public lands for the use and enjoyment of present and future generations.","The Bureau of Land Management's mission is to sustain the health, diversity, and productivity of public lands for the use and enjoyment of present and future generations.",unknown,unknown,unknown,unknown,unknown,https://search.yahoo.com/search?p=United+States+geospatial+companies+official+site&b=11 | https://blm.gov/,,,,Bureau of Land Management,,,,,,,,,,,,,,,,,,,,,,,,,,,,,2026-04-18,,,,,
End Point Corporation,https://www.endpointdev.com,,unknown,location data API,location data API,Location data and geocoding API,unknown,unknown,unknown,unknown,unknown,unknown,,,,End Point Corporation,unknown,unknown,unknown,unknown,Location data and geocoding API,location data API,unknown,unknown,API,enterprise,unknown,unknown,unknown,unknown,unknown,unknown,unknown,location data API,Mapbox; Foursquare; Geocode.XYZ; Placekey,unknown,direct,Direct website-led GTM into enterprise users for location data API.,unknown,unknown,unknown,unknown,unknown,unknown,2026-04-17,location / POI data,unknown,Indirect competitor at most; this is closer to an input or data layer than Brooksie's planning-and-execution workspace.,Could use Brooksie internally to turn ad hoc geospatial questions into repeatable analysis workflows and reports.,"Brooksie could use this as a data source, imagery supplier, or API integration inside geospatial workflows."
Landpoint,https://landpoint.net,,unknown,location data API,location data API,Location data and geocoding API,unknown,unknown,unknown,unknown,unknown,https://www.linkedin.com/company/landpoint/,https://www.linkedin.com/company/landpoint/,6984,,Landpoint,unknown,unknown,unknown,unknown,Location data and geocoding API,location data API,unknown,unknown,API,enterprise,unknown,unknown,unknown,unknown,unknown,unknown,unknown,location data API,Mapbox; Foursquare; Geocode.XYZ; Placekey,unknown,direct,Direct website-led GTM into enterprise users for location data API.,unknown,6984,unknown,unknown,unknown,unknown,2026-04-17,location / POI data,unknown,Indirect competitor at most; this is closer to an input or data layer than Brooksie's planning-and-execution workspace.,Could use Brooksie internally to turn ad hoc geospatial questions into repeatable analysis workflows and reports.,"Brooksie could use this as a data source, imagery supplier, or API integration inside geospatial workflows."
Point Duty,https://pointduty.com.au,,unknown,location data API,location data API,Location data and geocoding API,unknown,unknown,unknown,unknown,unknown,unknown,,,,Point Duty,unknown,unknown,unknown,unknown,Location data and geocoding API,location data API,unknown,unknown,API,enterprise,unknown,unknown,unknown,unknown,unknown,unknown,unknown,location data API,Mapbox; Foursquare; Geocode.XYZ; Placekey,unknown,direct,Direct website-led GTM into enterprise users for location data API.,unknown,unknown,unknown,unknown,unknown,unknown,2026-04-17,location / POI data,unknown,Indirect competitor at most; this is closer to an input or data layer than Brooksie's planning-and-execution workspace.,Could use Brooksie internally to turn ad hoc geospatial questions into repeatable analysis workflows and reports.,"Brooksie could use this as a data source, imagery supplier, or API integration inside geospatial workflows."
TrustPoint,https://trustpointgps.com,,unknown,location data API,location data API,Location data and geocoding API,unknown,unknown,unknown,unknown,unknown,unknown,,3407,,TrustPoint,unknown,unknown,unknown,unknown,Location data and geocoding API,location data API,unknown,unknown,API,enterprise,unknown,unknown,unknown,unknown,unknown,unknown,unknown,location data API,Mapbox; Foursquare; Geocode.XYZ; Placekey,unknown,direct,Direct website-led GTM into enterprise users for location data API.,unknown,3407,unknown,unknown,unknown,unknown,2026-04-17,location / POI data,unknown,Indirect competitor at most; this is closer to an input or data layer than Brooksie's planning-and-execution workspace.,Could use Brooksie internally to turn ad hoc geospatial questions into repeatable analysis workflows and reports.,"Brooksie could use this as a data source, imagery supplier, or API integration inside geospatial workflows."
